rel_time_ms,sensor,value
100.0,TSL1_LowerScreen_spec.Room518a_WP1,6600.0
100.0,TSL1_LowerScreen_spec.Room518a_WP2,6966.0
100.0,TSL2_Keyboard_spec.Room518a_WP1,13005.0
100.0,TSL2_Keyboard_spec.Room518a_WP2,5372.0
100.0,TSL3_UpperScreen_spec.Room518a_WP1,9491.0
100.0,TSL3_UpperScreen_spec.Room518a_WP2,5835.0
100.0,TSL4_UpperScreen_spec.Room518a_WP1,9353.0
100.0,TSL4_UpperScreen_spec.Room518a_WP2,8985.0
200.0,TSL1_LowerScreen_spec.Room518a_WP1,6600.0
200.0,TSL1_LowerScreen_spec.Room518a_WP2,6966.0
200.0,TSL2_Keyboard_spec.Room518a_WP1,13005.0
200.0,TSL2_Keyboard_spec.Room518a_WP2,5372.0
200.0,TSL3_UpperScreen_spec.Room518a_WP1,9491.0
200.0,TSL3_UpperScreen_spec.Room518a_WP2,5835.0
200.0,TSL4_UpperScreen_spec.Room518a_WP1,9353.0
200.0,TSL4_UpperScreen_spec.Room518a_WP2,8985.0
300.0,TSL1_LowerScreen_spec.Room518a_WP1,6600.0
300.0,TSL1_LowerScreen_spec.Room518a_WP2,6966.0
300.0,TSL2_Keyboard_spec.Room518a_WP1,13005.0
300.0,TSL2_Keyboard_spec.Room518a_WP2,5372.0
300.0,TSL3_UpperScreen_spec.Room518a_WP1,9491.0
300.0,TSL3_UpperScreen_spec.Room518a_WP2,5835.0
300.0,TSL4_UpperScreen_spec.Room518a_WP1,9353.0
300.0,TSL4_UpperScreen_spec.Room518a_WP2,8985.0
400.0,TSL1_LowerScreen_spec.Room518a_WP1,6600.0
400.0,TSL1_LowerScreen_spec.Room518a_WP2,6966.0
400.0,TSL2_Keyboard_spec.Room518a_WP1,13005.0
400.0,TSL2_Keyboard_spec.Room518a_WP2,5372.0
400.0,TSL3_UpperScreen_spec.Room518a_WP1,9491.0
400.0,TSL3_UpperScreen_spec.Room518a_WP2,5835.0
400.0,TSL4_UpperScreen_spec.Room518a_WP1,9353.0
400.0,TSL4_UpperScreen_spec.Room518a_WP2,8985.0
500.0,TSL1_LowerScreen_spec.Room518a_WP1,6600.0
500.0,TSL1_LowerScreen_spec.Room518a_WP2,6966.0
500.0,TSL2_Keyboard_spec.Room518a_WP1,13005.0
500.0,TSL2_Keyboard_spec.Room518a_WP2,5372.0
500.0,TSL3_UpperScreen_spec.Room518a_WP1,9491.0
500.0,TSL3_UpperScreen_spec.Room518a_WP2,5835.0
500.0,TSL4_UpperScreen_spec.Room518a_WP1,9353.0
500.0,TSL4_UpperScreen_spec.Room518a_WP2,8985.0
600.0,TSL1_LowerScreen_spec.Room518a_WP1,6600.0
600.0,TSL1_LowerScreen_spec.Room518a_WP2,6966.0
600.0,TSL2_Keyboard_spec.Room518a_WP1,13005.0
600.0,TSL2_Keyboard_spec.Room518a_WP2,5372.0
600.0,TSL3_UpperScreen_spec.Room518a_WP1,9491.0
600.0,TSL3_UpperScreen_spec.Room518a_WP2,5835.0
600.0,TSL4_UpperScreen_spec.Room518a_WP1,9353.0
600.0,TSL4_UpperScreen_spec.Room518a_WP2,8985.0
700.0,TSL1_LowerScreen_spec.Room518a_WP1,6600.0
700.0,TSL1_LowerScreen_spec.Room518a_WP2,6966.0
700.0,TSL2_Keyboard_spec.Room518a_WP1,13005.0
700.0,TSL2_Keyboard_spec.Room518a_WP2,5372.0
700.0,TSL3_UpperScreen_spec.Room518a_WP1,9491.0
700.0,TSL3_UpperScreen_spec.Room518a_WP2,5835.0
700.0,TSL4_UpperScreen_spec.Room518a_WP1,9353.0
700.0,TSL4_UpperScreen_spec.Room518a_WP2,8985.0
800.0,TSL1_LowerScreen_spec.Room518a_WP1,6600.0
800.0,TSL1_LowerScreen_spec.Room518a_WP2,6966.0
800.0,TSL2_Keyboard_spec.Room518a_WP1,13005.0
800.0,TSL2_Keyboard_spec.Room518a_WP2,5372.0
800.0,TSL3_UpperScreen_spec.Room518a_WP1,9491.0
800.0,TSL3_UpperScreen_spec.Room518a_WP2,5835.0
800.0,TSL4_UpperScreen_spec.Room518a_WP1,9353.0
800.0,TSL4_UpperScreen_spec.Room518a_WP2,8985.0
900.0,TSL1_LowerScreen_spec.Room518a_WP1,6600.0
900.0,TSL1_LowerScreen_spec.Room518a_WP2,6966.0
900.0,TSL2_Keyboard_spec.Room518a_WP1,13005.0
900.0,TSL2_Keyboard_spec.Room518a_WP2,5372.0
900.0,TSL3_UpperScreen_spec.Room518a_WP1,9491.0
900.0,TSL3_UpperScreen_spec.Room518a_WP2,5835.0
900.0,TSL4_UpperScreen_spec.Room518a_WP1,9353.0
900.0,TSL4_UpperScreen_spec.Room518a_WP2,8985.0
1000.0,TSL1_LowerScreen_spec.Room518a_WP1,6600.0
1000.0,TSL1_LowerScreen_spec.Room518a_WP2,6966.0
1000.0,TSL2_Keyboard_spec.Room518a_WP1,13005.0
1000.0,TSL2_Keyboard_spec.Room518a_WP2,5372.0
1000.0,TSL3_UpperScreen_spec.Room518a_WP1,9491.0
1000.0,TSL3_UpperScreen_spec.Room518a_WP2,5835.0
1000.0,TSL4_UpperScreen_spec.Room518a_WP1,9353.0
1000.0,TSL4_UpperScreen_spec.Room518a_WP2,8985.0
1100.0,TSL1_LowerScreen_spec.Room518a_WP1,6600.0
1100.0,TSL1_LowerScreen_spec.Room518a_WP2,6966.0
1100.0,TSL2_Keyboard_spec.Room518a_WP1,13005.0
1100.0,TSL2_Keyboard_spec.Room518a_WP2,5372.0
1100.0,TSL3_UpperScreen_spec.Room518a_WP1,9491.0
1100.0,TSL3_UpperScreen_spec.Room518a_WP2,5835.0
1100.0,TSL4_UpperScreen_spec.Room518a_WP1,9353.0
1100.0,TSL4_UpperScreen_spec.Room518a_WP2,8985.0
1200.0,TSL1_LowerScreen_spec.Room518a_WP1,6600.0
1200.0,TSL1_LowerScreen_spec.Room518a_WP2,6966.0
1200.0,TSL2_Keyboard_spec.Room518a_WP1,13005.0
1200.0,TSL2_Keyboard_spec.Room518a_WP2,5372.0
1200.0,TSL3_UpperScreen_spec.Room518a_WP1,9491.0
1200.0,TSL3_UpperScreen_spec.Room518a_WP2,5835.0
1200.0,TSL4_UpperScreen_spec.Room518a_WP1,9353.0
1200.0,TSL4_UpperScreen_spec.Room518a_WP2,8985.0
1300.0,TSL1_LowerScreen_spec.Room518a_WP1,6600.0
1300.0,TSL1_LowerScreen_spec.Room518a_WP2,6966.0
1300.0,TSL2_Keyboard_spec.Room518a_WP1,13005.0
1300.0,TSL2_Keyboard_spec.Room518a_WP2,5372.0
1300.0,TSL3_UpperScreen_spec.Room518a_WP1,9491.0
1300.0,TSL3_UpperScreen_spec.Room518a_WP2,5835.0
1300.0,TSL4_UpperScreen_spec.Room518a_WP1,9353.0
1300.0,TSL4_UpperScreen_spec.Room518a_WP2,8985.0
1400.0,TSL1_LowerScreen_spec.Room518a_WP1,6600.0
1400.0,TSL1_LowerScreen_spec.Room518a_WP2,6966.0
1400.0,TSL2_Keyboard_spec.Room518a_WP1,13005.0
1400.0,TSL2_Keyboard_spec.Room518a_WP2,5372.0
1400.0,TSL3_UpperScreen_spec.Room518a_WP1,9491.0
1400.0,TSL3_UpperScreen_spec.Room518a_WP2,5835.0
1400.0,TSL4_UpperScreen_spec.Room518a_WP1,9353.0
1400.0,TSL4_UpperScreen_spec.Room518a_WP2,8985.0
1500.0,TSL1_LowerScreen_spec.Room518a_WP1,6600.0
1500.0,TSL1_LowerScreen_spec.Room518a_WP2,6966.0
1500.0,TSL2_Keyboard_spec.Room518a_WP1,13005.0
1500.0,TSL2_Keyboard_spec.Room518a_WP2,5372.0
1500.0,TSL3_UpperScreen_spec.Room518a_WP1,9491.0
1500.0,TSL3_UpperScreen_spec.Room518a_WP2,5835.0
1500.0,TSL4_UpperScreen_spec.Room518a_WP1,9353.0
1500.0,TSL4_UpperScreen_spec.Room518a_WP2,8985.0
1600.0,TSL1_LowerScreen_spec.Room518a_WP1,6600.0
1600.0,TSL1_LowerScreen_spec.Room518a_WP2,6966.0
1600.0,TSL2_Keyboard_spec.Room518a_WP1,13005.0
1600.0,TSL2_Keyboard_spec.Room518a_WP2,5372.0
1600.0,TSL3_UpperScreen_spec.Room518a_WP1,9491.0
1600.0,TSL3_UpperScreen_spec.Room518a_WP2,5835.0
1600.0,TSL4_UpperScreen_spec.Room518a_WP1,9353.0
1600.0,TSL4_UpperScreen_spec.Room518a_WP2,8985.0
1700.0,TSL1_LowerScreen_spec.Room518a_WP1,6600.0
1700.0,TSL1_LowerScreen_spec.Room518a_WP2,6966.0
1700.0,TSL2_Keyboard_spec.Room518a_WP1,13005.0
1700.0,TSL2_Keyboard_spec.Room518a_WP2,5372.0
1700.0,TSL3_UpperScreen_spec.Room518a_WP1,9491.0
1700.0,TSL3_UpperScreen_spec.Room518a_WP2,5835.0
1700.0,TSL4_UpperScreen_spec.Room518a_WP1,9353.0
1700.0,TSL4_UpperScreen_spec.Room518a_WP2,8985.0
1800.0,TSL1_LowerScreen_spec.Room518a_WP1,6600.0
1800.0,TSL1_LowerScreen_spec.Room518a_WP2,6966.0
1800.0,TSL2_Keyboard_spec.Room518a_WP1,13005.0
1800.0,TSL2_Keyboard_spec.Room518a_WP2,5372.0
1800.0,TSL3_UpperScreen_spec.Room518a_WP1,9491.0
1800.0,TSL3_UpperScreen_spec.Room518a_WP2,5835.0
1800.0,TSL4_UpperScreen_spec.Room518a_WP1,9353.0
1800.0,TSL4_UpperScreen_spec.Room518a_WP2,8985.0
1900.0,TSL1_LowerScreen_spec.Room518a_WP1,6600.0
1900.0,TSL1_LowerScreen_spec.Room518a_WP2,6966.0
1900.0,TSL2_Keyboard_spec.Room518a_WP1,13005.0
1900.0,TSL2_Keyboard_spec.Room518a_WP2,5372.0
1900.0,TSL3_UpperScreen_spec.Room518a_WP1,9491.0
1900.0,TSL3_UpperScreen_spec.Room518a_WP2,5835.0
1900.0,TSL4_UpperScreen_spec.Room518a_WP1,9353.0
1900.0,TSL4_UpperScreen_spec.Room518a_WP2,8985.0
2000.0,TSL1_LowerScreen_spec.Room518a_WP1,6600.0
2000.0,TSL1_LowerScreen_spec.Room518a_WP2,6966.0
2000.0,TSL2_Keyboard_spec.Room518a_WP1,13005.0
2000.0,TSL2_Keyboard_spec.Room518a_WP2,5372.0
2000.0,TSL3_UpperScreen_spec.Room518a_WP1,9491.0
2000.0,TSL3_UpperScreen_spec.Room518a_WP2,5835.0
2000.0,TSL4_UpperScreen_spec.Room518a_WP1,9353.0
2000.0,TSL4_UpperScreen_spec.Room518a_WP2,8985.0
2100.0,TSL1_LowerScreen_spec.Room518a_WP1,6600.0
2100.0,TSL1_LowerScreen_spec.Room518a_WP2,6966.0
2100.0,TSL2_Keyboard_spec.Room518a_WP1,13005.0
2100.0,TSL2_Keyboard_spec.Room518a_WP2,5372.0
2100.0,TSL3_UpperScreen_spec.Room518a_WP1,9491.0
2100.0,TSL3_UpperScreen_spec.Room518a_WP2,5835.0
2100.0,TSL4_UpperScreen_spec.Room518a_WP1,9353.0
2100.0,TSL4_UpperScreen_spec.Room518a_WP2,8985.0
2200.0,TSL1_LowerScreen_spec.Room518a_WP1,6600.0
2200.0,TSL1_LowerScreen_spec.Room518a_WP2,6966.0
2200.0,TSL2_Keyboard_spec.Room518a_WP1,13005.0
2200.0,TSL2_Keyboard_spec.Room518a_WP2,5372.0
2200.0,TSL3_UpperScreen_spec.Room518a_WP1,9491.0
2200.0,TSL3_UpperScreen_spec.Room518a_WP2,5835.0
2200.0,TSL4_UpperScreen_spec.Room518a_WP1,9353.0
2200.0,TSL4_UpperScreen_spec.Room518a_WP2,8985.0
2300.0,TSL1_LowerScreen_spec.Room518a_WP1,6600.0
2300.0,TSL1_LowerScreen_spec.Room518a_WP2,6966.0
2300.0,TSL2_Keyboard_spec.Room518a_WP1,13005.0
2300.0,TSL2_Keyboard_spec.Room518a_WP2,5372.0
2300.0,TSL3_UpperScreen_spec.Room518a_WP1,9491.0
2300.0,TSL3_UpperScreen_spec.Room518a_WP2,5835.0
2300.0,TSL4_UpperScreen_spec.Room518a_WP1,9353.0
2300.0,TSL4_UpperScreen_spec.Room518a_WP2,8985.0
2400.0,TSL1_LowerScreen_spec.Room518a_WP1,6600.0
2400.0,TSL1_LowerScreen_spec.Room518a_WP2,6966.0
2400.0,TSL2_Keyboard_spec.Room518a_WP1,13005.0
2400.0,TSL2_Keyboard_spec.Room518a_WP2,5372.0
2400.0,TSL3_UpperScreen_spec.Room518a_WP1,9491.0
2400.0,TSL3_UpperScreen_spec.Room518a_WP2,5835.0
2400.0,TSL4_UpperScreen_spec.Room518a_WP1,9353.0
2400.0,TSL4_UpperScreen_spec.Room518a_WP2,8985.0
2500.0,TSL1_LowerScreen_spec.Room518a_WP1,6600.0
2500.0,TSL1_LowerScreen_spec.Room518a_WP2,6966.0
2500.0,TSL2_Keyboard_spec.Room518a_WP1,13005.0
2500.0,TSL2_Keyboard_spec.Room518a_WP2,5372.0
2500.0,TSL3_UpperScreen_spec.Room518a_WP1,9491.0
2500.0,TSL3_UpperScreen_spec.Room518a_WP2,5835.0
2500.0,TSL4_UpperScreen_spec.Room518a_WP1,9353.0
2500.0,TSL4_UpperScreen_spec.Room518a_WP2,8985.0
2600.0,TSL1_LowerScreen_spec.Room518a_WP1,6600.0
2600.0,TSL1_LowerScreen_spec.Room518a_WP2,6966.0
2600.0,TSL2_Keyboard_spec.Room518a_WP1,13005.0
2600.0,TSL2_Keyboard_spec.Room518a_WP2,5372.0
2600.0,TSL3_UpperScreen_spec.Room518a_WP1,9491.0
2600.0,TSL3_UpperScreen_spec.Room518a_WP2,5835.0
2600.0,TSL4_UpperScreen_spec.Room518a_WP1,9353.0
2600.0,TSL4_UpperScreen_spec.Room518a_WP2,8985.0
2700.0,TSL1_LowerScreen_spec.Room518a_WP1,6600.0
2700.0,TSL1_LowerScreen_spec.Room518a_WP2,6966.0
2700.0,TSL2_Keyboard_spec.Room518a_WP1,13005.0
2700.0,TSL2_Keyboard_spec.Room518a_WP2,5372.0
2700.0,TSL3_UpperScreen_spec.Room518a_WP1,9491.0
2700.0,TSL3_UpperScreen_spec.Room518a_WP2,5835.0
2700.0,TSL4_UpperScreen_spec.Room518a_WP1,9353.0
2700.0,TSL4_UpperScreen_spec.Room518a_WP2,8985.0
2800.0,TSL1_LowerScreen_spec.Room518a_WP1,6600.0
2800.0,TSL1_LowerScreen_spec.Room518a_WP2,6966.0
2800.0,TSL2_Keyboard_spec.Room518a_WP1,13005.0
2800.0,TSL2_Keyboard_spec.Room518a_WP2,5372.0
2800.0,TSL3_UpperScreen_spec.Room518a_WP1,9491.0
2800.0,TSL3_UpperScreen_spec.Room518a_WP2,5835.0
2800.0,TSL4_UpperScreen_spec.Room518a_WP1,9353.0
2800.0,TSL4_UpperScreen_spec.Room518a_WP2,8985.0
2900.0,TSL1_LowerScreen_spec.Room518a_WP1,6600.0
2900.0,TSL1_LowerScreen_spec.Room518a_WP2,6966.0
2900.0,TSL2_Keyboard_spec.Room518a_WP1,13005.0
2900.0,TSL2_Keyboard_spec.Room518a_WP2,5372.0
2900.0,TSL3_UpperScreen_spec.Room518a_WP1,9491.0
2900.0,TSL3_UpperScreen_spec.Room518a_WP2,5835.0
2900.0,TSL4_UpperScreen_spec.Room518a_WP1,9353.0
2900.0,TSL4_UpperScreen_spec.Room518a_WP2,8985.0
3000.0,TSL1_LowerScreen_spec.Room518a_WP1,6600.0
3000.0,TSL1_LowerScreen_spec.Room518a_WP2,6966.0
3000.0,TSL2_Keyboard_spec.Room518a_WP1,13005.0
3000.0,TSL2_Keyboard_spec.Room518a_WP2,5372.0
3000.0,TSL3_UpperScreen_spec.Room518a_WP1,9491.0
3000.0,TSL3_UpperScreen_spec.Room518a_WP2,5835.0
3000.0,TSL4_UpperScreen_spec.Room518a_WP1,9353.0
3000.0,TSL4_UpperScreen_spec.Room518a_WP2,8985.0
3100.0,TSL1_LowerScreen_spec.Room518a_WP1,6600.0
3100.0,TSL1_LowerScreen_spec.Room518a_WP2,6966.0
3100.0,TSL2_Keyboard_spec.Room518a_WP1,13005.0
3100.0,TSL2_Keyboard_spec.Room518a_WP2,5372.0
3100.0,TSL3_UpperScreen_spec.Room518a_WP1,9491.0
3100.0,TSL3_UpperScreen_spec.Room518a_WP2,5835.0
3100.0,TSL4_UpperScreen_spec.Room518a_WP1,9353.0
3100.0,TSL4_UpperScreen_spec.Room518a_WP2,8985.0
3200.0,TSL1_LowerScreen_spec.Room518a_WP1,6600.0
3200.0,TSL1_LowerScreen_spec.Room518a_WP2,6966.0
3200.0,TSL2_Keyboard_spec.Room518a_WP1,13005.0
3200.0,TSL2_Keyboard_spec.Room518a_WP2,5372.0
3200.0,TSL3_UpperScreen_spec.Room518a_WP1,9491.0
3200.0,TSL3_UpperScreen_spec.Room518a_WP2,5835.0
3200.0,TSL4_UpperScreen_spec.Room518a_WP1,9353.0
3200.0,TSL4_UpperScreen_spec.Room518a_WP2,8985.0
3300.0,TSL1_LowerScreen_spec.Room518a_WP1,6600.0
3300.0,TSL1_LowerScreen_spec.Room518a_WP2,6966.0
3300.0,TSL2_Keyboard_spec.Room518a_WP1,13005.0
3300.0,TSL2_Keyboard_spec.Room518a_WP2,5372.0
3300.0,TSL3_UpperScreen_spec.Room518a_WP1,9491.0
3300.0,TSL3_UpperScreen_spec.Room518a_WP2,5835.0
3300.0,TSL4_UpperScreen_spec.Room518a_WP1,9353.0
3300.0,TSL4_UpperScreen_spec.Room518a_WP2,8985.0
3400.0,TSL1_LowerScreen_spec.Room518a_WP1,6600.0
3400.0,TSL1_LowerScreen_spec.Room518a_WP2,6966.0
3400.0,TSL2_Keyboard_spec.Room518a_WP1,13005.0
3400.0,TSL2_Keyboard_spec.Room518a_WP2,5372.0
3400.0,TSL3_UpperScreen_spec.Room518a_WP1,9491.0
3400.0,TSL3_UpperScreen_spec.Room518a_WP2,5835.0
3400.0,TSL4_UpperScreen_spec.Room518a_WP1,9353.0
3400.0,TSL4_UpperScreen_spec.Room518a_WP2,8985.0
3500.0,TSL1_LowerScreen_spec.Room518a_WP1,6600.0
3500.0,TSL1_LowerScreen_spec.Room518a_WP2,6966.0
3500.0,TSL2_Keyboard_spec.Room518a_WP1,13005.0
3500.0,TSL2_Keyboard_spec.Room518a_WP2,5372.0
3500.0,TSL3_UpperScreen_spec.Room518a_WP1,9491.0
3500.0,TSL3_UpperScreen_spec.Room518a_WP2,5835.0
3500.0,TSL4_UpperScreen_spec.Room518a_WP1,9353.0
3500.0,TSL4_UpperScreen_spec.Room518a_WP2,8985.0
3600.0,TSL1_LowerScreen_spec.Room518a_WP1,6600.0
3600.0,TSL1_LowerScreen_spec.Room518a_WP2,6966.0
3600.0,TSL2_Keyboard_spec.Room518a_WP1,13005.0
3600.0,TSL2_Keyboard_spec.Room518a_WP2,5372.0
3600.0,TSL3_UpperScreen_spec.Room518a_WP1,9491.0
3600.0,TSL3_UpperScreen_spec.Room518a_WP2,5835.0
3600.0,TSL4_UpperScreen_spec.Room518a_WP1,9353.0
3600.0,TSL4_UpperScreen_spec.Room518a_WP2,8985.0
3700.0,TSL1_LowerScreen_spec.Room518a_WP1,6600.0
3700.0,TSL1_LowerScreen_spec.Room518a_WP2,6966.0
3700.0,TSL2_Keyboard_spec.Room518a_WP1,13005.0
3700.0,TSL2_Keyboard_spec.Room518a_WP2,5372.0
3700.0,TSL3_UpperScreen_spec.Room518a_WP1,9491.0
3700.0,TSL3_UpperScreen_spec.Room518a_WP2,5835.0
3700.0,TSL4_UpperScreen_spec.Room518a_WP1,9353.0
3700.0,TSL4_UpperScreen_spec.Room518a_WP2,8985.0
3800.0,TSL1_LowerScreen_spec.Room518a_WP1,6600.0
3800.0,TSL1_LowerScreen_spec.Room518a_WP2,6966.0
3800.0,TSL2_Keyboard_spec.Room518a_WP1,13005.0
3800.0,TSL2_Keyboard_spec.Room518a_WP2,5372.0
3800.0,TSL3_UpperScreen_spec.Room518a_WP1,9491.0
3800.0,TSL3_UpperScreen_spec.Room518a_WP2,5835.0
3800.0,TSL4_UpperScreen_spec.Room518a_WP1,9353.0
3800.0,TSL4_UpperScreen_spec.Room518a_WP2,8985.0
3900.0,TSL1_LowerScreen_spec.Room518a_WP1,6600.0
3900.0,TSL1_LowerScreen_spec.Room518a_WP2,6966.0
3900.0,TSL2_Keyboard_spec.Room518a_WP1,13005.0
3900.0,TSL2_Keyboard_spec.Room518a_WP2,5372.0
3900.0,TSL3_UpperScreen_spec.Room518a_WP1,9491.0
3900.0,TSL3_UpperScreen_spec.Room518a_WP2,5835.0
3900.0,TSL4_UpperScreen_spec.Room518a_WP1,9353.0
3900.0,TSL4_UpperScreen_spec.Room518a_WP2,8985.0
4000.0,TSL1_LowerScreen_spec.Room518a_WP1,6600.0
4000.0,TSL1_LowerScreen_spec.Room518a_WP2,6966.0
4000.0,TSL2_Keyboard_spec.Room518a_WP1,13005.0
4000.0,TSL2_Keyboard_spec.Room518a_WP2,5372.0
4000.0,TSL3_UpperScreen_spec.Room518a_WP1,9491.0
4000.0,TSL3_UpperScreen_spec.Room518a_WP2,5835.0
4000.0,TSL4_UpperScreen_spec.Room518a_WP1,9353.0
4000.0,TSL4_UpperScreen_spec.Room518a_WP2,8985.0
4100.0,TSL1_LowerScreen_spec.Room518a_WP1,6600.0
4100.0,TSL1_LowerScreen_spec.Room518a_WP2,6966.0
4100.0,TSL2_Keyboard_spec.Room518a_WP1,13005.0
4100.0,TSL2_Keyboard_spec.Room518a_WP2,5372.0
4100.0,TSL3_UpperScreen_spec.Room518a_WP1,9491.0
4100.0,TSL3_UpperScreen_spec.Room518a_WP2,5835.0
4100.0,TSL4_UpperScreen_spec.Room518a_WP1,9353.0
4100.0,TSL4_UpperScreen_spec.Room518a_WP2,8985.0
4200.0,TSL1_LowerScreen_spec.Room518a_WP1,6600.0
4200.0,TSL1_LowerScreen_spec.Room518a_WP2,6966.0
4200.0,TSL2_Keyboard_spec.Room518a_WP1,13005.0
4200.0,TSL2_Keyboard_spec.Room518a_WP2,5372.0
4200.0,TSL3_UpperScreen_spec.Room518a_WP1,9491.0
4200.0,TSL3_UpperScreen_spec.Room518a_WP2,5835.0
4200.0,TSL4_UpperScreen_spec.Room518a_WP1,9353.0
4200.0,TSL4_UpperScreen_spec.Room518a_WP2,8985.0
4300.0,TSL1_LowerScreen_spec.Room518a_WP1,6600.0
4300.0,TSL1_LowerScreen_spec.Room518a_WP2,6966.0
4300.0,TSL2_Keyboard_spec.Room518a_WP1,13005.0
4300.0,TSL2_Keyboard_spec.Room518a_WP2,5372.0
4300.0,TSL3_UpperScreen_spec.Room518a_WP1,9491.0
4300.0,TSL3_UpperScreen_spec.Room518a_WP2,5835.0
4300.0,TSL4_UpperScreen_spec.Room518a_WP1,9353.0
4300.0,TSL4_UpperScreen_spec.Room518a_WP2,8985.0
4400.0,TSL1_LowerScreen_spec.Room518a_WP1,6600.0
4400.0,TSL1_LowerScreen_spec.Room518a_WP2,6966.0
4400.0,TSL2_Keyboard_spec.Room518a_WP1,13005.0
4400.0,TSL2_Keyboard_spec.Room518a_WP2,5372.0
4400.0,TSL3_UpperScreen_spec.Room518a_WP1,9491.0
4400.0,TSL3_UpperScreen_spec.Room518a_WP2,5835.0
4400.0,TSL4_UpperScreen_spec.Room518a_WP1,9353.0
4400.0,TSL4_UpperScreen_spec.Room518a_WP2,8985.0
4500.0,TSL1_LowerScreen_spec.Room518a_WP1,6600.0
4500.0,TSL1_LowerScreen_spec.Room518a_WP2,6966.0
4500.0,TSL2_Keyboard_spec.Room518a_WP1,13005.0
4500.0,TSL2_Keyboard_spec.Room518a_WP2,5372.0
4500.0,TSL3_UpperScreen_spec.Room518a_WP1,9491.0
4500.0,TSL3_UpperScreen_spec.Room518a_WP2,5835.0
4500.0,TSL4_UpperScreen_spec.Room518a_WP1,9353.0
4500.0,TSL4_UpperScreen_spec.Room518a_WP2,8985.0
4600.0,TSL1_LowerScreen_spec.Room518a_WP1,6600.0
4600.0,TSL1_LowerScreen_spec.Room518a_WP2,6966.0
4600.0,TSL2_Keyboard_spec.Room518a_WP1,13005.0
4600.0,TSL2_Keyboard_spec.Room518a_WP2,5372.0
4600.0,TSL3_UpperScreen_spec.Room518a_WP1,9491.0
4600.0,TSL3_UpperScreen_spec.Room518a_WP2,5835.0
4600.0,TSL4_UpperScreen_spec.Room518a_WP1,9353.0
4600.0,TSL4_UpperScreen_spec.Room518a_WP2,8985.0
4700.0,TSL1_LowerScreen_spec.Room518a_WP1,6600.0
4700.0,TSL1_LowerScreen_spec.Room518a_WP2,6966.0
4700.0,TSL2_Keyboard_spec.Room518a_WP1,13005.0
4700.0,TSL2_Keyboard_spec.Room518a_WP2,5372.0
4700.0,TSL3_UpperScreen_spec.Room518a_WP1,9491.0
4700.0,TSL3_UpperScreen_spec.Room518a_WP2,5835.0
4700.0,TSL4_UpperScreen_spec.Room518a_WP1,9353.0
4700.0,TSL4_UpperScreen_spec.Room518a_WP2,8985.0
4800.0,TSL1_LowerScreen_spec.Room518a_WP1,6600.0
4800.0,TSL1_LowerScreen_spec.Room518a_WP2,6966.0
4800.0,TSL2_Keyboard_spec.Room518a_WP1,13005.0
4800.0,TSL2_Keyboard_spec.Room518a_WP2,5372.0
4800.0,TSL3_UpperScreen_spec.Room518a_WP1,9491.0
4800.0,TSL3_UpperScreen_spec.Room518a_WP2,5835.0
4800.0,TSL4_UpperScreen_spec.Room518a_WP1,9353.0
4800.0,TSL4_UpperScreen_spec.Room518a_WP2,8985.0
4900.0,TSL1_LowerScreen_spec.Room518a_WP1,6600.0
4900.0,TSL1_LowerScreen_spec.Room518a_WP2,6966.0
4900.0,TSL2_Keyboard_spec.Room518a_WP1,13005.0
4900.0,TSL2_Keyboard_spec.Room518a_WP2,5372.0
4900.0,TSL3_UpperScreen_spec.Room518a_WP1,9491.0
4900.0,TSL3_UpperScreen_spec.Room518a_WP2,5835.0
4900.0,TSL4_UpperScreen_spec.Room518a_WP1,9353.0
4900.0,TSL4_UpperScreen_spec.Room518a_WP2,8985.0
5000.0,TSL1_LowerScreen_spec.Room518a_WP1,6600.0
5000.0,TSL1_LowerScreen_spec.Room518a_WP2,6966.0
5000.0,TSL2_Keyboard_spec.Room518a_WP1,13005.0
5000.0,TSL2_Keyboard_spec.Room518a_WP2,5372.0
5000.0,TSL3_UpperScreen_spec.Room518a_WP1,9491.0
5000.0,TSL3_UpperScreen_spec.Room518a_WP2,5835.0
5000.0,TSL4_UpperScreen_spec.Room518a_WP1,9353.0
5000.0,TSL4_UpperScreen_spec.Room518a_WP2,8985.0
5100.0,TSL1_LowerScreen_spec.Room518a_WP1,6600.0
5100.0,TSL1_LowerScreen_spec.Room518a_WP2,6966.0
5100.0,TSL2_Keyboard_spec.Room518a_WP1,13005.0
5100.0,TSL2_Keyboard_spec.Room518a_WP2,5372.0
5100.0,TSL3_UpperScreen_spec.Room518a_WP1,9491.0
5100.0,TSL3_UpperScreen_spec.Room518a_WP2,5835.0
5100.0,TSL4_UpperScreen_spec.Room518a_WP1,9353.0
5100.0,TSL4_UpperScreen_spec.Room518a_WP2,8985.0
5200.0,TSL1_LowerScreen_spec.Room518a_WP1,6600.0
5200.0,TSL1_LowerScreen_spec.Room518a_WP2,6966.0
5200.0,TSL2_Keyboard_spec.Room518a_WP1,13005.0
5200.0,TSL2_Keyboard_spec.Room518a_WP2,5372.0
5200.0,TSL3_UpperScreen_spec.Room518a_WP1,9491.0
5200.0,TSL3_UpperScreen_spec.Room518a_WP2,5835.0
5200.0,TSL4_UpperScreen_spec.Room518a_WP1,9353.0
5200.0,TSL4_UpperScreen_spec.Room518a_WP2,8985.0
5300.0,TSL1_LowerScreen_spec.Room518a_WP1,6600.0
5300.0,TSL1_LowerScreen_spec.Room518a_WP2,6966.0
5300.0,TSL2_Keyboard_spec.Room518a_WP1,13005.0
5300.0,TSL2_Keyboard_spec.Room518a_WP2,5372.0
5300.0,TSL3_UpperScreen_spec.Room518a_WP1,9491.0
5300.0,TSL3_UpperScreen_spec.Room518a_WP2,5835.0
5300.0,TSL4_UpperScreen_spec.Room518a_WP1,9353.0
5300.0,TSL4_UpperScreen_spec.Room518a_WP2,8985.0
5400.0,TSL1_LowerScreen_spec.Room518a_WP1,6600.0
5400.0,TSL1_LowerScreen_spec.Room518a_WP2,6966.0
5400.0,TSL2_Keyboard_spec.Room518a_WP1,13005.0
5400.0,TSL2_Keyboard_spec.Room518a_WP2,5372.0
5400.0,TSL3_UpperScreen_spec.Room518a_WP1,9491.0
5400.0,TSL3_UpperScreen_spec.Room518a_WP2,5835.0
5400.0,TSL4_UpperScreen_spec.Room518a_WP1,9353.0
5400.0,TSL4_UpperScreen_spec.Room518a_WP2,8985.0
5500.0,TSL1_LowerScreen_spec.Room518a_WP1,6600.0
5500.0,TSL1_LowerScreen_spec.Room518a_WP2,6966.0
5500.0,TSL2_Keyboard_spec.Room518a_WP1,13005.0
5500.0,TSL2_Keyboard_spec.Room518a_WP2,5372.0
5500.0,TSL3_UpperScreen_spec.Room518a_WP1,9491.0
5500.0,TSL3_UpperScreen_spec.Room518a_WP2,5835.0
5500.0,TSL4_UpperScreen_spec.Room518a_WP1,9353.0
5500.0,TSL4_UpperScreen_spec.Room518a_WP2,8985.0
5600.0,TSL1_LowerScreen_spec.Room518a_WP1,6600.0
5600.0,TSL1_LowerScreen_spec.Room518a_WP2,6966.0
5600.0,TSL2_Keyboard_spec.Room518a_WP1,13005.0
5600.0,TSL2_Keyboard_spec.Room518a_WP2,5372.0
5600.0,TSL3_UpperScreen_spec.Room518a_WP1,9491.0
5600.0,TSL3_UpperScreen_spec.Room518a_WP2,5835.0
5600.0,TSL4_UpperScreen_spec.Room518a_WP1,9353.0
5600.0,TSL4_UpperScreen_spec.Room518a_WP2,8985.0
5700.0,TSL1_LowerScreen_spec.Room518a_WP1,6600.0
5700.0,TSL1_LowerScreen_spec.Room518a_WP2,6966.0
5700.0,TSL2_Keyboard_spec.Room518a_WP1,13005.0
5700.0,TSL2_Keyboard_spec.Room518a_WP2,5372.0
5700.0,TSL3_UpperScreen_spec.Room518a_WP1,9491.0
5700.0,TSL3_UpperScreen_spec.Room518a_WP2,5835.0
5700.0,TSL4_UpperScreen_spec.Room518a_WP1,9353.0
5700.0,TSL4_UpperScreen_spec.Room518a_WP2,8985.0
5800.0,TSL1_LowerScreen_spec.Room518a_WP1,6600.0
5800.0,TSL1_LowerScreen_spec.Room518a_WP2,6966.0
5800.0,TSL2_Keyboard_spec.Room518a_WP1,13005.0
5800.0,TSL2_Keyboard_spec.Room518a_WP2,5372.0
5800.0,TSL3_UpperScreen_spec.Room518a_WP1,9491.0
5800.0,TSL3_UpperScreen_spec.Room518a_WP2,5835.0
5800.0,TSL4_UpperScreen_spec.Room518a_WP1,9353.0
5800.0,TSL4_UpperScreen_spec.Room518a_WP2,8985.0
5900.0,TSL1_LowerScreen_spec.Room518a_WP1,6600.0
5900.0,TSL1_LowerScreen_spec.Room518a_WP2,6966.0
5900.0,TSL2_Keyboard_spec.Room518a_WP1,13005.0
5900.0,TSL2_Keyboard_spec.Room518a_WP2,5372.0
5900.0,TSL3_UpperScreen_spec.Room518a_WP1,9491.0
5900.0,TSL3_UpperScreen_spec.Room518a_WP2,5835.0
5900.0,TSL4_UpperScreen_spec.Room518a_WP1,9353.0
5900.0,TSL4_UpperScreen_spec.Room518a_WP2,8985.0
6000.0,TSL1_LowerScreen_spec.Room518a_WP1,6600.0
6000.0,TSL1_LowerScreen_spec.Room518a_WP2,6966.0
6000.0,TSL2_Keyboard_spec.Room518a_WP1,13005.0
6000.0,TSL2_Keyboard_spec.Room518a_WP2,5372.0
6000.0,TSL3_UpperScreen_spec.Room518a_WP1,9491.0
6000.0,TSL3_UpperScreen_spec.Room518a_WP2,5835.0
6000.0,TSL4_UpperScreen_spec.Room518a_WP1,9353.0
6000.0,TSL4_UpperScreen_spec.Room518a_WP2,8985.0
6100.0,TSL1_LowerScreen_spec.Room518a_WP1,6600.0
6100.0,TSL1_LowerScreen_spec.Room518a_WP2,6966.0
6100.0,TSL2_Keyboard_spec.Room518a_WP1,13005.0
6100.0,TSL2_Keyboard_spec.Room518a_WP2,5372.0
6100.0,TSL3_UpperScreen_spec.Room518a_WP1,9491.0
6100.0,TSL3_UpperScreen_spec.Room518a_WP2,5835.0
6100.0,TSL4_UpperScreen_spec.Room518a_WP1,9353.0
6100.0,TSL4_UpperScreen_spec.Room518a_WP2,8985.0
6200.0,TSL1_LowerScreen_spec.Room518a_WP1,6600.0
6200.0,TSL1_LowerScreen_spec.Room518a_WP2,6966.0
6200.0,TSL2_Keyboard_spec.Room518a_WP1,13005.0
6200.0,TSL2_Keyboard_spec.Room518a_WP2,5372.0
6200.0,TSL3_UpperScreen_spec.Room518a_WP1,9491.0
6200.0,TSL3_UpperScreen_spec.Room518a_WP2,5835.0
6200.0,TSL4_UpperScreen_spec.Room518a_WP1,9353.0
6200.0,TSL4_UpperScreen_spec.Room518a_WP2,8985.0
6300.0,TSL1_LowerScreen_spec.Room518a_WP1,6600.0
6300.0,TSL1_LowerScreen_spec.Room518a_WP2,6966.0
6300.0,TSL2_Keyboard_spec.Room518a_WP1,13005.0
6300.0,TSL2_Keyboard_spec.Room518a_WP2,5372.0
6300.0,TSL3_UpperScreen_spec.Room518a_WP1,9491.0
6300.0,TSL3_UpperScreen_spec.Room518a_WP2,5835.0
6300.0,TSL4_UpperScreen_spec.Room518a_WP1,9353.0
6300.0,TSL4_UpperScreen_spec.Room518a_WP2,8985.0
6400.0,TSL1_LowerScreen_spec.Room518a_WP1,6600.0
6400.0,TSL1_LowerScreen_spec.Room518a_WP2,6966.0
6400.0,TSL2_Keyboard_spec.Room518a_WP1,13005.0
6400.0,TSL2_Keyboard_spec.Room518a_WP2,5372.0
6400.0,TSL3_UpperScreen_spec.Room518a_WP1,9491.0
6400.0,TSL3_UpperScreen_spec.Room518a_WP2,5835.0
6400.0,TSL4_UpperScreen_spec.Room518a_WP1,9353.0
6400.0,TSL4_UpperScreen_spec.Room518a_WP2,8985.0
6500.0,TSL1_LowerScreen_spec.Room518a_WP1,6600.0
6500.0,TSL1_LowerScreen_spec.Room518a_WP2,6966.0
6500.0,TSL2_Keyboard_spec.Room518a_WP1,13005.0
6500.0,TSL2_Keyboard_spec.Room518a_WP2,5372.0
6500.0,TSL3_UpperScreen_spec.Room518a_WP1,9491.0
6500.0,TSL3_UpperScreen_spec.Room518a_WP2,5835.0
6500.0,TSL4_UpperScreen_spec.Room518a_WP1,9353.0
6500.0,TSL4_UpperScreen_spec.Room518a_WP2,8985.0
6600.0,TSL1_LowerScreen_spec.Room518a_WP1,6600.0
6600.0,TSL1_LowerScreen_spec.Room518a_WP2,6966.0
6600.0,TSL2_Keyboard_spec.Room518a_WP1,13005.0
6600.0,TSL2_Keyboard_spec.Room518a_WP2,5372.0
6600.0,TSL3_UpperScreen_spec.Room518a_WP1,9491.0
6600.0,TSL3_UpperScreen_spec.Room518a_WP2,5835.0
6600.0,TSL4_UpperScreen_spec.Room518a_WP1,9353.0
6600.0,TSL4_UpperScreen_spec.Room518a_WP2,8985.0
6700.0,TSL1_LowerScreen_spec.Room518a_WP1,6600.0
6700.0,TSL1_LowerScreen_spec.Room518a_WP2,6966.0
6700.0,TSL2_Keyboard_spec.Room518a_WP1,13005.0
6700.0,TSL2_Keyboard_spec.Room518a_WP2,5372.0
6700.0,TSL3_UpperScreen_spec.Room518a_WP1,9491.0
6700.0,TSL3_UpperScreen_spec.Room518a_WP2,5835.0
6700.0,TSL4_UpperScreen_spec.Room518a_WP1,9353.0
6700.0,TSL4_UpperScreen_spec.Room518a_WP2,8985.0
6800.0,TSL1_LowerScreen_spec.Room518a_WP1,6600.0
6800.0,TSL1_LowerScreen_spec.Room518a_WP2,6966.0
6800.0,TSL2_Keyboard_spec.Room518a_WP1,13005.0
6800.0,TSL2_Keyboard_spec.Room518a_WP2,5372.0
6800.0,TSL3_UpperScreen_spec.Room518a_WP1,9491.0
6800.0,TSL3_UpperScreen_spec.Room518a_WP2,5835.0
6800.0,TSL4_UpperScreen_spec.Room518a_WP1,9353.0
6800.0,TSL4_UpperScreen_spec.Room518a_WP2,8985.0
6900.0,TSL1_LowerScreen_spec.Room518a_WP1,6600.0
6900.0,TSL1_LowerScreen_spec.Room518a_WP2,6966.0
6900.0,TSL2_Keyboard_spec.Room518a_WP1,13005.0
6900.0,TSL2_Keyboard_spec.Room518a_WP2,5372.0
6900.0,TSL3_UpperScreen_spec.Room518a_WP1,9491.0
6900.0,TSL3_UpperScreen_spec.Room518a_WP2,5835.0
6900.0,TSL4_UpperScreen_spec.Room518a_WP1,9353.0
6900.0,TSL4_UpperScreen_spec.Room518a_WP2,8985.0
7000.0,TSL1_LowerScreen_spec.Room518a_WP1,6600.0
7000.0,TSL1_LowerScreen_spec.Room518a_WP2,6966.0
7000.0,TSL2_Keyboard_spec.Room518a_WP1,13005.0
7000.0,TSL2_Keyboard_spec.Room518a_WP2,5372.0
7000.0,TSL3_UpperScreen_spec.Room518a_WP1,9491.0
7000.0,TSL3_UpperScreen_spec.Room518a_WP2,5835.0
7000.0,TSL4_UpperScreen_spec.Room518a_WP1,9353.0
7000.0,TSL4_UpperScreen_spec.Room518a_WP2,8985.0
7100.0,TSL1_LowerScreen_spec.Room518a_WP1,6600.0
7100.0,TSL1_LowerScreen_spec.Room518a_WP2,6966.0
7100.0,TSL2_Keyboard_spec.Room518a_WP1,13005.0
7100.0,TSL2_Keyboard_spec.Room518a_WP2,5372.0
7100.0,TSL3_UpperScreen_spec.Room518a_WP1,9491.0
7100.0,TSL3_UpperScreen_spec.Room518a_WP2,5835.0
7100.0,TSL4_UpperScreen_spec.Room518a_WP1,9353.0
7100.0,TSL4_UpperScreen_spec.Room518a_WP2,8985.0
7200.0,TSL1_LowerScreen_spec.Room518a_WP1,6600.0
7200.0,TSL1_LowerScreen_spec.Room518a_WP2,6966.0
7200.0,TSL2_Keyboard_spec.Room518a_WP1,13005.0
7200.0,TSL2_Keyboard_spec.Room518a_WP2,5372.0
7200.0,TSL3_UpperScreen_spec.Room518a_WP1,9491.0
7200.0,TSL3_UpperScreen_spec.Room518a_WP2,5835.0
7200.0,TSL4_UpperScreen_spec.Room518a_WP1,9353.0
7200.0,TSL4_UpperScreen_spec.Room518a_WP2,8985.0
7300.0,TSL1_LowerScreen_spec.Room518a_WP1,6600.0
7300.0,TSL1_LowerScreen_spec.Room518a_WP2,6966.0
7300.0,TSL2_Keyboard_spec.Room518a_WP1,13005.0
7300.0,TSL2_Keyboard_spec.Room518a_WP2,5372.0
7300.0,TSL3_UpperScreen_spec.Room518a_WP1,9491.0
7300.0,TSL3_UpperScreen_spec.Room518a_WP2,5835.0
7300.0,TSL4_UpperScreen_spec.Room518a_WP1,9353.0
7300.0,TSL4_UpperScreen_spec.Room518a_WP2,8985.0
7400.0,Illuminance.Room518a_Ceiling,998.33
7400.0,TSL1_LowerScreen_spec.Room518a_WP1,6600.0
7400.0,TSL1_LowerScreen_spec.Room518a_WP2,6966.0
7400.0,TSL2_Keyboard_spec.Room518a_WP1,13005.0
7400.0,TSL2_Keyboard_spec.Room518a_WP2,5372.0
7400.0,TSL3_UpperScreen_spec.Room518a_WP1,9491.0
7400.0,TSL3_UpperScreen_spec.Room518a_WP2,5835.0
7400.0,TSL4_UpperScreen_spec.Room518a_WP1,9353.0
7400.0,TSL4_UpperScreen_spec.Room518a_WP2,8985.0
7500.0,Illuminance.Room518a_Ceiling,998.33
7500.0,TSL1_LowerScreen_spec.Room518a_WP1,6600.0
7500.0,TSL1_LowerScreen_spec.Room518a_WP2,6966.0
7500.0,TSL2_Keyboard_spec.Room518a_WP1,13005.0
7500.0,TSL2_Keyboard_spec.Room518a_WP2,5372.0
7500.0,TSL3_UpperScreen_spec.Room518a_WP1,9491.0
7500.0,TSL3_UpperScreen_spec.Room518a_WP2,5835.0
7500.0,TSL4_UpperScreen_spec.Room518a_WP1,9353.0
7500.0,TSL4_UpperScreen_spec.Room518a_WP2,8985.0
7600.0,Illuminance.Room518a_Ceiling,998.33
7600.0,TSL1_LowerScreen_spec.Room518a_WP1,6600.0
7600.0,TSL1_LowerScreen_spec.Room518a_WP2,6966.0
7600.0,TSL2_Keyboard_spec.Room518a_WP1,13005.0
7600.0,TSL2_Keyboard_spec.Room518a_WP2,5372.0
7600.0,TSL3_UpperScreen_spec.Room518a_WP1,9491.0
7600.0,TSL3_UpperScreen_spec.Room518a_WP2,5835.0
7600.0,TSL4_UpperScreen_spec.Room518a_WP1,9353.0
7600.0,TSL4_UpperScreen_spec.Room518a_WP2,8985.0
7700.0,Illuminance.Room518a_Ceiling,998.33
7700.0,TSL1_LowerScreen_spec.Room518a_WP1,6600.0
7700.0,TSL1_LowerScreen_spec.Room518a_WP2,6966.0
7700.0,TSL2_Keyboard_spec.Room518a_WP1,13005.0
7700.0,TSL2_Keyboard_spec.Room518a_WP2,5372.0
7700.0,TSL3_UpperScreen_spec.Room518a_WP1,9491.0
7700.0,TSL3_UpperScreen_spec.Room518a_WP2,5835.0
7700.0,TSL4_UpperScreen_spec.Room518a_WP1,9353.0
7700.0,TSL4_UpperScreen_spec.Room518a_WP2,8985.0
7800.0,Illuminance.Room518a_Ceiling,998.33
7800.0,TSL1_LowerScreen_spec.Room518a_WP1,6600.0
7800.0,TSL1_LowerScreen_spec.Room518a_WP2,6966.0
7800.0,TSL2_Keyboard_spec.Room518a_WP1,13005.0
7800.0,TSL2_Keyboard_spec.Room518a_WP2,5372.0
7800.0,TSL3_UpperScreen_spec.Room518a_WP1,9491.0
7800.0,TSL3_UpperScreen_spec.Room518a_WP2,5835.0
7800.0,TSL4_UpperScreen_spec.Room518a_WP1,9353.0
7800.0,TSL4_UpperScreen_spec.Room518a_WP2,8985.0
7900.0,Illuminance.Room518a_Ceiling,998.33
7900.0,TSL1_LowerScreen_spec.Room518a_WP1,6600.0
7900.0,TSL1_LowerScreen_spec.Room518a_WP2,6966.0
7900.0,TSL2_Keyboard_spec.Room518a_WP1,13005.0
7900.0,TSL2_Keyboard_spec.Room518a_WP2,5372.0
7900.0,TSL3_UpperScreen_spec.Room518a_WP1,9491.0
7900.0,TSL3_UpperScreen_spec.Room518a_WP2,5835.0
7900.0,TSL4_UpperScreen_spec.Room518a_WP1,9353.0
7900.0,TSL4_UpperScreen_spec.Room518a_WP2,8985.0
8000.0,Illuminance.Room518a_Ceiling,998.33
8000.0,TSL1_LowerScreen_spec.Room518a_WP1,6600.0
8000.0,TSL1_LowerScreen_spec.Room518a_WP2,6966.0
8000.0,TSL2_Keyboard_spec.Room518a_WP1,13005.0
8000.0,TSL2_Keyboard_spec.Room518a_WP2,5372.0
8000.0,TSL3_UpperScreen_spec.Room518a_WP1,9491.0
8000.0,TSL3_UpperScreen_spec.Room518a_WP2,5835.0
8000.0,TSL4_UpperScreen_spec.Room518a_WP1,9353.0
8000.0,TSL4_UpperScreen_spec.Room518a_WP2,8985.0
8100.0,Illuminance.Room518a_Ceiling,998.33
8100.0,TSL1_LowerScreen_spec.Room518a_WP1,6600.0
8100.0,TSL1_LowerScreen_spec.Room518a_WP2,6966.0
8100.0,TSL2_Keyboard_spec.Room518a_WP1,13005.0
8100.0,TSL2_Keyboard_spec.Room518a_WP2,5372.0
8100.0,TSL3_UpperScreen_spec.Room518a_WP1,9491.0
8100.0,TSL3_UpperScreen_spec.Room518a_WP2,5835.0
8100.0,TSL4_UpperScreen_spec.Room518a_WP1,9353.0
8100.0,TSL4_UpperScreen_spec.Room518a_WP2,8985.0
8200.0,Illuminance.Room518a_Ceiling,998.33
8200.0,TSL1_LowerScreen_spec.Room518a_WP1,6600.0
8200.0,TSL1_LowerScreen_spec.Room518a_WP2,6966.0
8200.0,TSL2_Keyboard_spec.Room518a_WP1,13005.0
8200.0,TSL2_Keyboard_spec.Room518a_WP2,5372.0
8200.0,TSL3_UpperScreen_spec.Room518a_WP1,9491.0
8200.0,TSL3_UpperScreen_spec.Room518a_WP2,5835.0
8200.0,TSL4_UpperScreen_spec.Room518a_WP1,9353.0
8200.0,TSL4_UpperScreen_spec.Room518a_WP2,8985.0
8300.0,Illuminance.Room518a_Ceiling,998.33
8300.0,TSL1_LowerScreen_spec.Room518a_WP1,6618.0
8300.0,TSL1_LowerScreen_spec.Room518a_WP2,7060.0
8300.0,TSL2_Keyboard_spec.Room518a_WP1,13005.0
8300.0,TSL2_Keyboard_spec.Room518a_WP2,5372.0
8300.0,TSL3_UpperScreen_spec.Room518a_WP1,9491.0
8300.0,TSL3_UpperScreen_spec.Room518a_WP2,5835.0
8300.0,TSL4_UpperScreen_spec.Room518a_WP1,9353.0
8300.0,TSL4_UpperScreen_spec.Room518a_WP2,8985.0
8400.0,Illuminance.Room518a_Ceiling,998.33
8400.0,TSL1_LowerScreen_spec.Room518a_WP1,6618.0
8400.0,TSL1_LowerScreen_spec.Room518a_WP2,7060.0
8400.0,TSL2_Keyboard_spec.Room518a_WP1,13005.0
8400.0,TSL2_Keyboard_spec.Room518a_WP2,5372.0
8400.0,TSL3_UpperScreen_spec.Room518a_WP1,9491.0
8400.0,TSL3_UpperScreen_spec.Room518a_WP2,5835.0
8400.0,TSL4_UpperScreen_spec.Room518a_WP1,9353.0
8400.0,TSL4_UpperScreen_spec.Room518a_WP2,8985.0
8500.0,Illuminance.Room518a_Ceiling,998.33
8500.0,TSL1_LowerScreen_spec.Room518a_WP1,6618.0
8500.0,TSL1_LowerScreen_spec.Room518a_WP2,7060.0
8500.0,TSL2_Keyboard_spec.Room518a_WP1,13005.0
8500.0,TSL2_Keyboard_spec.Room518a_WP2,5372.0
8500.0,TSL3_UpperScreen_spec.Room518a_WP1,9491.0
8500.0,TSL3_UpperScreen_spec.Room518a_WP2,5835.0
8500.0,TSL4_UpperScreen_spec.Room518a_WP1,9353.0
8500.0,TSL4_UpperScreen_spec.Room518a_WP2,8985.0
8600.0,Illuminance.Room518a_Ceiling,998.33
8600.0,TSL1_LowerScreen_spec.Room518a_WP1,6618.0
8600.0,TSL1_LowerScreen_spec.Room518a_WP2,7060.0
8600.0,TSL2_Keyboard_spec.Room518a_WP1,13045.0
8600.0,TSL2_Keyboard_spec.Room518a_WP2,5372.0
8600.0,TSL3_UpperScreen_spec.Room518a_WP1,9491.0
8600.0,TSL3_UpperScreen_spec.Room518a_WP2,5835.0
8600.0,TSL4_UpperScreen_spec.Room518a_WP1,9353.0
8600.0,TSL4_UpperScreen_spec.Room518a_WP2,8985.0
8700.0,Illuminance.Room518a_Ceiling,998.33
8700.0,TSL1_LowerScreen_spec.Room518a_WP1,6618.0
8700.0,TSL1_LowerScreen_spec.Room518a_WP2,7060.0
8700.0,TSL2_Keyboard_spec.Room518a_WP1,13045.0
8700.0,TSL2_Keyboard_spec.Room518a_WP2,5382.0
8700.0,TSL3_UpperScreen_spec.Room518a_WP1,9491.0
8700.0,TSL3_UpperScreen_spec.Room518a_WP2,5835.0
8700.0,TSL4_UpperScreen_spec.Room518a_WP1,9353.0
8700.0,TSL4_UpperScreen_spec.Room518a_WP2,8985.0
8800.0,Illuminance.Room518a_Ceiling,998.33
8800.0,TSL1_LowerScreen_spec.Room518a_WP1,6618.0
8800.0,TSL1_LowerScreen_spec.Room518a_WP2,7060.0
8800.0,TSL2_Keyboard_spec.Room518a_WP1,13045.0
8800.0,TSL2_Keyboard_spec.Room518a_WP2,5382.0
8800.0,TSL3_UpperScreen_spec.Room518a_WP1,9491.0
8800.0,TSL3_UpperScreen_spec.Room518a_WP2,5835.0
8800.0,TSL4_UpperScreen_spec.Room518a_WP1,9353.0
8800.0,TSL4_UpperScreen_spec.Room518a_WP2,8985.0
8900.0,Illuminance.Room518a_Ceiling,998.33
8900.0,TSL1_LowerScreen_spec.Room518a_WP1,6618.0
8900.0,TSL1_LowerScreen_spec.Room518a_WP2,7060.0
8900.0,TSL2_Keyboard_spec.Room518a_WP1,13045.0
8900.0,TSL2_Keyboard_spec.Room518a_WP2,5382.0
8900.0,TSL3_UpperScreen_spec.Room518a_WP1,9491.0
8900.0,TSL3_UpperScreen_spec.Room518a_WP2,5835.0
8900.0,TSL4_UpperScreen_spec.Room518a_WP1,9353.0
8900.0,TSL4_UpperScreen_spec.Room518a_WP2,8985.0
9000.0,Illuminance.Room518a_Ceiling,998.33
9000.0,TSL1_LowerScreen_spec.Room518a_WP1,6618.0
9000.0,TSL1_LowerScreen_spec.Room518a_WP2,7060.0
9000.0,TSL2_Keyboard_spec.Room518a_WP1,13045.0
9000.0,TSL2_Keyboard_spec.Room518a_WP2,5382.0
9000.0,TSL3_UpperScreen_spec.Room518a_WP1,9522.0
9000.0,TSL3_UpperScreen_spec.Room518a_WP2,5835.0
9000.0,TSL4_UpperScreen_spec.Room518a_WP1,9353.0
9000.0,TSL4_UpperScreen_spec.Room518a_WP2,8985.0
9100.0,Illuminance.Room518a_Ceiling,998.33
9100.0,TSL1_LowerScreen_spec.Room518a_WP1,6618.0
9100.0,TSL1_LowerScreen_spec.Room518a_WP2,7060.0
9100.0,TSL2_Keyboard_spec.Room518a_WP1,13045.0
9100.0,TSL2_Keyboard_spec.Room518a_WP2,5382.0
9100.0,TSL3_UpperScreen_spec.Room518a_WP1,9522.0
9100.0,TSL3_UpperScreen_spec.Room518a_WP2,5890.0
9100.0,TSL4_UpperScreen_spec.Room518a_WP1,9353.0
9100.0,TSL4_UpperScreen_spec.Room518a_WP2,8985.0
9200.0,Illuminance.Room518a_Ceiling,998.33
9200.0,TSL1_LowerScreen_spec.Room518a_WP1,6618.0
9200.0,TSL1_LowerScreen_spec.Room518a_WP2,7060.0
9200.0,TSL2_Keyboard_spec.Room518a_WP1,13045.0
9200.0,TSL2_Keyboard_spec.Room518a_WP2,5382.0
9200.0,TSL3_UpperScreen_spec.Room518a_WP1,9522.0
9200.0,TSL3_UpperScreen_spec.Room518a_WP2,5890.0
9200.0,TSL4_UpperScreen_spec.Room518a_WP1,9353.0
9200.0,TSL4_UpperScreen_spec.Room518a_WP2,8985.0
9300.0,Illuminance.Room518a_Ceiling,998.33
9300.0,TSL1_LowerScreen_spec.Room518a_WP1,6618.0
9300.0,TSL1_LowerScreen_spec.Room518a_WP2,7060.0
9300.0,TSL2_Keyboard_spec.Room518a_WP1,13045.0
9300.0,TSL2_Keyboard_spec.Room518a_WP2,5382.0
9300.0,TSL3_UpperScreen_spec.Room518a_WP1,9522.0
9300.0,TSL3_UpperScreen_spec.Room518a_WP2,5890.0
9300.0,TSL4_UpperScreen_spec.Room518a_WP1,9353.0
9300.0,TSL4_UpperScreen_spec.Room518a_WP2,8985.0
9400.0,Illuminance.Room518a_Ceiling,998.33
9400.0,TSL1_LowerScreen_spec.Room518a_WP1,6618.0
9400.0,TSL1_LowerScreen_spec.Room518a_WP2,7060.0
9400.0,TSL2_Keyboard_spec.Room518a_WP1,13045.0
9400.0,TSL2_Keyboard_spec.Room518a_WP2,5382.0
9400.0,TSL3_UpperScreen_spec.Room518a_WP1,9522.0
9400.0,TSL3_UpperScreen_spec.Room518a_WP2,5890.0
9400.0,TSL4_UpperScreen_spec.Room518a_WP1,9386.0
9400.0,TSL4_UpperScreen_spec.Room518a_WP2,9016.0
9500.0,Illuminance.Room518a_Ceiling,998.33
9500.0,TSL1_LowerScreen_spec.Room518a_WP1,6618.0
9500.0,TSL1_LowerScreen_spec.Room518a_WP2,7060.0
9500.0,TSL2_Keyboard_spec.Room518a_WP1,13045.0
9500.0,TSL2_Keyboard_spec.Room518a_WP2,5382.0
9500.0,TSL3_UpperScreen_spec.Room518a_WP1,9522.0
9500.0,TSL3_UpperScreen_spec.Room518a_WP2,5890.0
9500.0,TSL4_UpperScreen_spec.Room518a_WP1,9386.0
9500.0,TSL4_UpperScreen_spec.Room518a_WP2,9016.0
9600.0,Illuminance.Room518a_Ceiling,998.33
9600.0,TSL1_LowerScreen_spec.Room518a_WP1,6618.0
9600.0,TSL1_LowerScreen_spec.Room518a_WP2,7060.0
9600.0,TSL2_Keyboard_spec.Room518a_WP1,13045.0
9600.0,TSL2_Keyboard_spec.Room518a_WP2,5382.0
9600.0,TSL3_UpperScreen_spec.Room518a_WP1,9522.0
9600.0,TSL3_UpperScreen_spec.Room518a_WP2,5890.0
9600.0,TSL4_UpperScreen_spec.Room518a_WP1,9386.0
9600.0,TSL4_UpperScreen_spec.Room518a_WP2,9016.0
9700.0,Illuminance.Room518a_Ceiling,998.33
9700.0,TSL1_LowerScreen_spec.Room518a_WP1,6618.0
9700.0,TSL1_LowerScreen_spec.Room518a_WP2,7060.0
9700.0,TSL2_Keyboard_spec.Room518a_WP1,13045.0
9700.0,TSL2_Keyboard_spec.Room518a_WP2,5382.0
9700.0,TSL3_UpperScreen_spec.Room518a_WP1,9522.0
9700.0,TSL3_UpperScreen_spec.Room518a_WP2,5890.0
9700.0,TSL4_UpperScreen_spec.Room518a_WP1,9386.0
9700.0,TSL4_UpperScreen_spec.Room518a_WP2,9016.0
9800.0,Illuminance.Room518a_Ceiling,998.33
9800.0,TSL1_LowerScreen_spec.Room518a_WP1,6618.0
9800.0,TSL1_LowerScreen_spec.Room518a_WP2,7060.0
9800.0,TSL2_Keyboard_spec.Room518a_WP1,13045.0
9800.0,TSL2_Keyboard_spec.Room518a_WP2,5382.0
9800.0,TSL3_UpperScreen_spec.Room518a_WP1,9522.0
9800.0,TSL3_UpperScreen_spec.Room518a_WP2,5890.0
9800.0,TSL4_UpperScreen_spec.Room518a_WP1,9386.0
9800.0,TSL4_UpperScreen_spec.Room518a_WP2,9016.0
9900.0,Illuminance.Room518a_Ceiling,998.33
9900.0,TSL1_LowerScreen_spec.Room518a_WP1,6618.0
9900.0,TSL1_LowerScreen_spec.Room518a_WP2,7060.0
9900.0,TSL2_Keyboard_spec.Room518a_WP1,13045.0
9900.0,TSL2_Keyboard_spec.Room518a_WP2,5382.0
9900.0,TSL3_UpperScreen_spec.Room518a_WP1,9522.0
9900.0,TSL3_UpperScreen_spec.Room518a_WP2,5890.0
9900.0,TSL4_UpperScreen_spec.Room518a_WP1,9386.0
9900.0,TSL4_UpperScreen_spec.Room518a_WP2,9016.0
10000.0,Illuminance.Room518a_Ceiling,998.33
10000.0,TSL1_LowerScreen_spec.Room518a_WP1,6618.0
10000.0,TSL1_LowerScreen_spec.Room518a_WP2,7060.0
10000.0,TSL2_Keyboard_spec.Room518a_WP1,13045.0
10000.0,TSL2_Keyboard_spec.Room518a_WP2,5382.0
10000.0,TSL3_UpperScreen_spec.Room518a_WP1,9522.0
10000.0,TSL3_UpperScreen_spec.Room518a_WP2,5890.0
10000.0,TSL4_UpperScreen_spec.Room518a_WP1,9386.0
10000.0,TSL4_UpperScreen_spec.Room518a_WP2,9016.0
10100.0,Illuminance.Room518a_Ceiling,998.33
10100.0,TSL1_LowerScreen_spec.Room518a_WP1,6618.0
10100.0,TSL1_LowerScreen_spec.Room518a_WP2,7060.0
10100.0,TSL2_Keyboard_spec.Room518a_WP1,13045.0
10100.0,TSL2_Keyboard_spec.Room518a_WP2,5382.0
10100.0,TSL3_UpperScreen_spec.Room518a_WP1,9522.0
10100.0,TSL3_UpperScreen_spec.Room518a_WP2,5890.0
10100.0,TSL4_UpperScreen_spec.Room518a_WP1,9386.0
10100.0,TSL4_UpperScreen_spec.Room518a_WP2,9016.0
10200.0,Illuminance.Room518a_Ceiling,998.33
10200.0,TSL1_LowerScreen_spec.Room518a_WP1,6618.0
10200.0,TSL1_LowerScreen_spec.Room518a_WP2,7060.0
10200.0,TSL2_Keyboard_spec.Room518a_WP1,13045.0
10200.0,TSL2_Keyboard_spec.Room518a_WP2,5382.0
10200.0,TSL3_UpperScreen_spec.Room518a_WP1,9522.0
10200.0,TSL3_UpperScreen_spec.Room518a_WP2,5890.0
10200.0,TSL4_UpperScreen_spec.Room518a_WP1,9386.0
10200.0,TSL4_UpperScreen_spec.Room518a_WP2,9016.0
10300.0,Illuminance.Room518a_Ceiling,998.33
10300.0,TSL1_LowerScreen_spec.Room518a_WP1,6618.0
10300.0,TSL1_LowerScreen_spec.Room518a_WP2,7060.0
10300.0,TSL2_Keyboard_spec.Room518a_WP1,13045.0
10300.0,TSL2_Keyboard_spec.Room518a_WP2,5382.0
10300.0,TSL3_UpperScreen_spec.Room518a_WP1,9522.0
10300.0,TSL3_UpperScreen_spec.Room518a_WP2,5890.0
10300.0,TSL4_UpperScreen_spec.Room518a_WP1,9386.0
10300.0,TSL4_UpperScreen_spec.Room518a_WP2,9016.0
10400.0,Illuminance.Room518a_Ceiling,998.33
10400.0,TSL1_LowerScreen_spec.Room518a_WP1,6618.0
10400.0,TSL1_LowerScreen_spec.Room518a_WP2,7060.0
10400.0,TSL2_Keyboard_spec.Room518a_WP1,13045.0
10400.0,TSL2_Keyboard_spec.Room518a_WP2,5382.0
10400.0,TSL3_UpperScreen_spec.Room518a_WP1,9522.0
10400.0,TSL3_UpperScreen_spec.Room518a_WP2,5890.0
10400.0,TSL4_UpperScreen_spec.Room518a_WP1,9386.0
10400.0,TSL4_UpperScreen_spec.Room518a_WP2,9016.0
10500.0,Illuminance.Room518a_Ceiling,998.33
10500.0,TSL1_LowerScreen_spec.Room518a_WP1,6618.0
10500.0,TSL1_LowerScreen_spec.Room518a_WP2,7060.0
10500.0,TSL2_Keyboard_spec.Room518a_WP1,13045.0
10500.0,TSL2_Keyboard_spec.Room518a_WP2,5382.0
10500.0,TSL3_UpperScreen_spec.Room518a_WP1,9522.0
10500.0,TSL3_UpperScreen_spec.Room518a_WP2,5890.0
10500.0,TSL4_UpperScreen_spec.Room518a_WP1,9386.0
10500.0,TSL4_UpperScreen_spec.Room518a_WP2,9016.0
10600.0,Illuminance.Room518a_Ceiling,998.33
10600.0,TSL1_LowerScreen_spec.Room518a_WP1,6618.0
10600.0,TSL1_LowerScreen_spec.Room518a_WP2,7060.0
10600.0,TSL2_Keyboard_spec.Room518a_WP1,13045.0
10600.0,TSL2_Keyboard_spec.Room518a_WP2,5382.0
10600.0,TSL3_UpperScreen_spec.Room518a_WP1,9522.0
10600.0,TSL3_UpperScreen_spec.Room518a_WP2,5890.0
10600.0,TSL4_UpperScreen_spec.Room518a_WP1,9386.0
10600.0,TSL4_UpperScreen_spec.Room518a_WP2,9016.0
10700.0,Illuminance.Room518a_Ceiling,998.33
10700.0,TSL1_LowerScreen_spec.Room518a_WP1,6618.0
10700.0,TSL1_LowerScreen_spec.Room518a_WP2,7060.0
10700.0,TSL2_Keyboard_spec.Room518a_WP1,13045.0
10700.0,TSL2_Keyboard_spec.Room518a_WP2,5382.0
10700.0,TSL3_UpperScreen_spec.Room518a_WP1,9522.0
10700.0,TSL3_UpperScreen_spec.Room518a_WP2,5890.0
10700.0,TSL4_UpperScreen_spec.Room518a_WP1,9386.0
10700.0,TSL4_UpperScreen_spec.Room518a_WP2,9016.0
10800.0,Illuminance.Room518a_Ceiling,998.33
10800.0,TSL1_LowerScreen_spec.Room518a_WP1,6618.0
10800.0,TSL1_LowerScreen_spec.Room518a_WP2,7060.0
10800.0,TSL2_Keyboard_spec.Room518a_WP1,13045.0
10800.0,TSL2_Keyboard_spec.Room518a_WP2,5382.0
10800.0,TSL3_UpperScreen_spec.Room518a_WP1,9522.0
10800.0,TSL3_UpperScreen_spec.Room518a_WP2,5890.0
10800.0,TSL4_UpperScreen_spec.Room518a_WP1,9386.0
10800.0,TSL4_UpperScreen_spec.Room518a_WP2,9016.0
10900.0,Illuminance.Room518a_Ceiling,998.33
10900.0,TSL1_LowerScreen_spec.Room518a_WP1,6618.0
10900.0,TSL1_LowerScreen_spec.Room518a_WP2,7060.0
10900.0,TSL2_Keyboard_spec.Room518a_WP1,13045.0
10900.0,TSL2_Keyboard_spec.Room518a_WP2,5382.0
10900.0,TSL3_UpperScreen_spec.Room518a_WP1,9522.0
10900.0,TSL3_UpperScreen_spec.Room518a_WP2,5890.0
10900.0,TSL4_UpperScreen_spec.Room518a_WP1,9386.0
10900.0,TSL4_UpperScreen_spec.Room518a_WP2,9016.0
11000.0,Illuminance.Room518a_Ceiling,998.33
11000.0,TSL1_LowerScreen_spec.Room518a_WP1,6618.0
11000.0,TSL1_LowerScreen_spec.Room518a_WP2,7060.0
11000.0,TSL2_Keyboard_spec.Room518a_WP1,13045.0
11000.0,TSL2_Keyboard_spec.Room518a_WP2,5382.0
11000.0,TSL3_UpperScreen_spec.Room518a_WP1,9522.0
11000.0,TSL3_UpperScreen_spec.Room518a_WP2,5890.0
11000.0,TSL4_UpperScreen_spec.Room518a_WP1,9386.0
11000.0,TSL4_UpperScreen_spec.Room518a_WP2,9016.0
11100.0,Illuminance.Room518a_Ceiling,998.33
11100.0,TSL1_LowerScreen_spec.Room518a_WP1,6618.0
11100.0,TSL1_LowerScreen_spec.Room518a_WP2,7060.0
11100.0,TSL2_Keyboard_spec.Room518a_WP1,13045.0
11100.0,TSL2_Keyboard_spec.Room518a_WP2,5382.0
11100.0,TSL3_UpperScreen_spec.Room518a_WP1,9522.0
11100.0,TSL3_UpperScreen_spec.Room518a_WP2,5890.0
11100.0,TSL4_UpperScreen_spec.Room518a_WP1,9386.0
11100.0,TSL4_UpperScreen_spec.Room518a_WP2,9016.0
11200.0,Illuminance.Room518a_Ceiling,998.33
11200.0,TSL1_LowerScreen_spec.Room518a_WP1,6618.0
11200.0,TSL1_LowerScreen_spec.Room518a_WP2,7060.0
11200.0,TSL2_Keyboard_spec.Room518a_WP1,13045.0
11200.0,TSL2_Keyboard_spec.Room518a_WP2,5382.0
11200.0,TSL3_UpperScreen_spec.Room518a_WP1,9522.0
11200.0,TSL3_UpperScreen_spec.Room518a_WP2,5890.0
11200.0,TSL4_UpperScreen_spec.Room518a_WP1,9386.0
11200.0,TSL4_UpperScreen_spec.Room518a_WP2,9016.0
11300.0,Illuminance.Room518a_Ceiling,998.33
11300.0,TSL1_LowerScreen_spec.Room518a_WP1,6618.0
11300.0,TSL1_LowerScreen_spec.Room518a_WP2,7060.0
11300.0,TSL2_Keyboard_spec.Room518a_WP1,13045.0
11300.0,TSL2_Keyboard_spec.Room518a_WP2,5382.0
11300.0,TSL3_UpperScreen_spec.Room518a_WP1,9522.0
11300.0,TSL3_UpperScreen_spec.Room518a_WP2,5890.0
11300.0,TSL4_UpperScreen_spec.Room518a_WP1,9386.0
11300.0,TSL4_UpperScreen_spec.Room518a_WP2,9016.0
11400.0,Illuminance.Room518a_Ceiling,998.33
11400.0,TSL1_LowerScreen_spec.Room518a_WP1,6618.0
11400.0,TSL1_LowerScreen_spec.Room518a_WP2,7060.0
11400.0,TSL2_Keyboard_spec.Room518a_WP1,13045.0
11400.0,TSL2_Keyboard_spec.Room518a_WP2,5382.0
11400.0,TSL3_UpperScreen_spec.Room518a_WP1,9522.0
11400.0,TSL3_UpperScreen_spec.Room518a_WP2,5890.0
11400.0,TSL4_UpperScreen_spec.Room518a_WP1,9386.0
11400.0,TSL4_UpperScreen_spec.Room518a_WP2,9016.0
11500.0,Illuminance.Room518a_Ceiling,998.33
11500.0,TSL1_LowerScreen_spec.Room518a_WP1,6618.0
11500.0,TSL1_LowerScreen_spec.Room518a_WP2,7060.0
11500.0,TSL2_Keyboard_spec.Room518a_WP1,13045.0
11500.0,TSL2_Keyboard_spec.Room518a_WP2,5382.0
11500.0,TSL3_UpperScreen_spec.Room518a_WP1,9522.0
11500.0,TSL3_UpperScreen_spec.Room518a_WP2,5890.0
11500.0,TSL4_UpperScreen_spec.Room518a_WP1,9386.0
11500.0,TSL4_UpperScreen_spec.Room518a_WP2,9016.0
11600.0,Illuminance.Room518a_Ceiling,998.33
11600.0,TSL1_LowerScreen_spec.Room518a_WP1,6618.0
11600.0,TSL1_LowerScreen_spec.Room518a_WP2,7060.0
11600.0,TSL2_Keyboard_spec.Room518a_WP1,13045.0
11600.0,TSL2_Keyboard_spec.Room518a_WP2,5382.0
11600.0,TSL3_UpperScreen_spec.Room518a_WP1,9522.0
11600.0,TSL3_UpperScreen_spec.Room518a_WP2,5890.0
11600.0,TSL4_UpperScreen_spec.Room518a_WP1,9386.0
11600.0,TSL4_UpperScreen_spec.Room518a_WP2,9016.0
11700.0,Illuminance.Room518a_Ceiling,998.33
11700.0,TSL1_LowerScreen_spec.Room518a_WP1,6618.0
11700.0,TSL1_LowerScreen_spec.Room518a_WP2,7060.0
11700.0,TSL2_Keyboard_spec.Room518a_WP1,13045.0
11700.0,TSL2_Keyboard_spec.Room518a_WP2,5382.0
11700.0,TSL3_UpperScreen_spec.Room518a_WP1,9522.0
11700.0,TSL3_UpperScreen_spec.Room518a_WP2,5890.0
11700.0,TSL4_UpperScreen_spec.Room518a_WP1,9386.0
11700.0,TSL4_UpperScreen_spec.Room518a_WP2,9016.0
11800.0,Illuminance.Room518a_Ceiling,998.33
11800.0,TSL1_LowerScreen_spec.Room518a_WP1,6618.0
11800.0,TSL1_LowerScreen_spec.Room518a_WP2,7060.0
11800.0,TSL2_Keyboard_spec.Room518a_WP1,13045.0
11800.0,TSL2_Keyboard_spec.Room518a_WP2,5382.0
11800.0,TSL3_UpperScreen_spec.Room518a_WP1,9522.0
11800.0,TSL3_UpperScreen_spec.Room518a_WP2,5890.0
11800.0,TSL4_UpperScreen_spec.Room518a_WP1,9386.0
11800.0,TSL4_UpperScreen_spec.Room518a_WP2,9016.0
11900.0,Illuminance.Room518a_Ceiling,998.33
11900.0,TSL1_LowerScreen_spec.Room518a_WP1,6618.0
11900.0,TSL1_LowerScreen_spec.Room518a_WP2,7060.0
11900.0,TSL2_Keyboard_spec.Room518a_WP1,13045.0
11900.0,TSL2_Keyboard_spec.Room518a_WP2,5382.0
11900.0,TSL3_UpperScreen_spec.Room518a_WP1,9522.0
11900.0,TSL3_UpperScreen_spec.Room518a_WP2,5890.0
11900.0,TSL4_UpperScreen_spec.Room518a_WP1,9386.0
11900.0,TSL4_UpperScreen_spec.Room518a_WP2,9016.0
12000.0,Illuminance.Room518a_Ceiling,998.33
12000.0,TSL1_LowerScreen_spec.Room518a_WP1,6618.0
12000.0,TSL1_LowerScreen_spec.Room518a_WP2,7060.0
12000.0,TSL2_Keyboard_spec.Room518a_WP1,13045.0
12000.0,TSL2_Keyboard_spec.Room518a_WP2,5382.0
12000.0,TSL3_UpperScreen_spec.Room518a_WP1,9522.0
12000.0,TSL3_UpperScreen_spec.Room518a_WP2,5890.0
12000.0,TSL4_UpperScreen_spec.Room518a_WP1,9386.0
12000.0,TSL4_UpperScreen_spec.Room518a_WP2,9016.0
12100.0,Illuminance.Room518a_Ceiling,998.33
12100.0,TSL1_LowerScreen_spec.Room518a_WP1,6618.0
12100.0,TSL1_LowerScreen_spec.Room518a_WP2,7060.0
12100.0,TSL2_Keyboard_spec.Room518a_WP1,13045.0
12100.0,TSL2_Keyboard_spec.Room518a_WP2,5382.0
12100.0,TSL3_UpperScreen_spec.Room518a_WP1,9522.0
12100.0,TSL3_UpperScreen_spec.Room518a_WP2,5890.0
12100.0,TSL4_UpperScreen_spec.Room518a_WP1,9386.0
12100.0,TSL4_UpperScreen_spec.Room518a_WP2,9016.0
12200.0,Illuminance.Room518a_Ceiling,998.33
12200.0,TSL1_LowerScreen_spec.Room518a_WP1,6618.0
12200.0,TSL1_LowerScreen_spec.Room518a_WP2,7060.0
12200.0,TSL2_Keyboard_spec.Room518a_WP1,13045.0
12200.0,TSL2_Keyboard_spec.Room518a_WP2,5382.0
12200.0,TSL3_UpperScreen_spec.Room518a_WP1,9522.0
12200.0,TSL3_UpperScreen_spec.Room518a_WP2,5890.0
12200.0,TSL4_UpperScreen_spec.Room518a_WP1,9386.0
12200.0,TSL4_UpperScreen_spec.Room518a_WP2,9016.0
12300.0,Illuminance.Room518a_Ceiling,998.33
12300.0,TSL1_LowerScreen_spec.Room518a_WP1,6618.0
12300.0,TSL1_LowerScreen_spec.Room518a_WP2,7060.0
12300.0,TSL2_Keyboard_spec.Room518a_WP1,13045.0
12300.0,TSL2_Keyboard_spec.Room518a_WP2,5382.0
12300.0,TSL3_UpperScreen_spec.Room518a_WP1,9522.0
12300.0,TSL3_UpperScreen_spec.Room518a_WP2,5890.0
12300.0,TSL4_UpperScreen_spec.Room518a_WP1,9386.0
12300.0,TSL4_UpperScreen_spec.Room518a_WP2,9016.0
12400.0,Illuminance.Room518a_Ceiling,998.33
12400.0,TSL1_LowerScreen_spec.Room518a_WP1,6618.0
12400.0,TSL1_LowerScreen_spec.Room518a_WP2,7060.0
12400.0,TSL2_Keyboard_spec.Room518a_WP1,13045.0
12400.0,TSL2_Keyboard_spec.Room518a_WP2,5382.0
12400.0,TSL3_UpperScreen_spec.Room518a_WP1,9522.0
12400.0,TSL3_UpperScreen_spec.Room518a_WP2,5890.0
12400.0,TSL4_UpperScreen_spec.Room518a_WP1,9386.0
12400.0,TSL4_UpperScreen_spec.Room518a_WP2,9016.0
12500.0,Illuminance.Room518a_Ceiling,998.33
12500.0,TSL1_LowerScreen_spec.Room518a_WP1,6618.0
12500.0,TSL1_LowerScreen_spec.Room518a_WP2,7060.0
12500.0,TSL2_Keyboard_spec.Room518a_WP1,13045.0
12500.0,TSL2_Keyboard_spec.Room518a_WP2,5382.0
12500.0,TSL3_UpperScreen_spec.Room518a_WP1,9522.0
12500.0,TSL3_UpperScreen_spec.Room518a_WP2,5890.0
12500.0,TSL4_UpperScreen_spec.Room518a_WP1,9386.0
12500.0,TSL4_UpperScreen_spec.Room518a_WP2,9016.0
12600.0,Illuminance.Room518a_Ceiling,998.33
12600.0,TSL1_LowerScreen_spec.Room518a_WP1,6618.0
12600.0,TSL1_LowerScreen_spec.Room518a_WP2,7060.0
12600.0,TSL2_Keyboard_spec.Room518a_WP1,13045.0
12600.0,TSL2_Keyboard_spec.Room518a_WP2,5382.0
12600.0,TSL3_UpperScreen_spec.Room518a_WP1,9522.0
12600.0,TSL3_UpperScreen_spec.Room518a_WP2,5890.0
12600.0,TSL4_UpperScreen_spec.Room518a_WP1,9386.0
12600.0,TSL4_UpperScreen_spec.Room518a_WP2,9016.0
12700.0,Illuminance.Room518a_Ceiling,998.33
12700.0,TSL1_LowerScreen_spec.Room518a_WP1,6618.0
12700.0,TSL1_LowerScreen_spec.Room518a_WP2,7060.0
12700.0,TSL2_Keyboard_spec.Room518a_WP1,13045.0
12700.0,TSL2_Keyboard_spec.Room518a_WP2,5382.0
12700.0,TSL3_UpperScreen_spec.Room518a_WP1,9522.0
12700.0,TSL3_UpperScreen_spec.Room518a_WP2,5890.0
12700.0,TSL4_UpperScreen_spec.Room518a_WP1,9386.0
12700.0,TSL4_UpperScreen_spec.Room518a_WP2,9016.0
12800.0,Illuminance.Room518a_Ceiling,998.33
12800.0,TSL1_LowerScreen_spec.Room518a_WP1,6618.0
12800.0,TSL1_LowerScreen_spec.Room518a_WP2,7060.0
12800.0,TSL2_Keyboard_spec.Room518a_WP1,13045.0
12800.0,TSL2_Keyboard_spec.Room518a_WP2,5382.0
12800.0,TSL3_UpperScreen_spec.Room518a_WP1,9522.0
12800.0,TSL3_UpperScreen_spec.Room518a_WP2,5890.0
12800.0,TSL4_UpperScreen_spec.Room518a_WP1,9386.0
12800.0,TSL4_UpperScreen_spec.Room518a_WP2,9016.0
12900.0,Illuminance.Room518a_Ceiling,998.33
12900.0,TSL1_LowerScreen_spec.Room518a_WP1,6618.0
12900.0,TSL1_LowerScreen_spec.Room518a_WP2,7060.0
12900.0,TSL2_Keyboard_spec.Room518a_WP1,13045.0
12900.0,TSL2_Keyboard_spec.Room518a_WP2,5382.0
12900.0,TSL3_UpperScreen_spec.Room518a_WP1,9522.0
12900.0,TSL3_UpperScreen_spec.Room518a_WP2,5890.0
12900.0,TSL4_UpperScreen_spec.Room518a_WP1,9386.0
12900.0,TSL4_UpperScreen_spec.Room518a_WP2,9016.0
13000.0,Illuminance.Room518a_Ceiling,998.33
13000.0,TSL1_LowerScreen_spec.Room518a_WP1,6618.0
13000.0,TSL1_LowerScreen_spec.Room518a_WP2,7060.0
13000.0,TSL2_Keyboard_spec.Room518a_WP1,13045.0
13000.0,TSL2_Keyboard_spec.Room518a_WP2,5382.0
13000.0,TSL3_UpperScreen_spec.Room518a_WP1,9522.0
13000.0,TSL3_UpperScreen_spec.Room518a_WP2,5890.0
13000.0,TSL4_UpperScreen_spec.Room518a_WP1,9386.0
13000.0,TSL4_UpperScreen_spec.Room518a_WP2,9016.0
13100.0,Illuminance.Room518a_Ceiling,998.33
13100.0,TSL1_LowerScreen_spec.Room518a_WP1,6618.0
13100.0,TSL1_LowerScreen_spec.Room518a_WP2,7060.0
13100.0,TSL2_Keyboard_spec.Room518a_WP1,13045.0
13100.0,TSL2_Keyboard_spec.Room518a_WP2,5382.0
13100.0,TSL3_UpperScreen_spec.Room518a_WP1,9522.0
13100.0,TSL3_UpperScreen_spec.Room518a_WP2,5890.0
13100.0,TSL4_UpperScreen_spec.Room518a_WP1,9386.0
13100.0,TSL4_UpperScreen_spec.Room518a_WP2,9016.0
13200.0,Illuminance.Room518a_Ceiling,998.33
13200.0,TSL1_LowerScreen_spec.Room518a_WP1,6618.0
13200.0,TSL1_LowerScreen_spec.Room518a_WP2,7060.0
13200.0,TSL2_Keyboard_spec.Room518a_WP1,13045.0
13200.0,TSL2_Keyboard_spec.Room518a_WP2,5382.0
13200.0,TSL3_UpperScreen_spec.Room518a_WP1,9522.0
13200.0,TSL3_UpperScreen_spec.Room518a_WP2,5890.0
13200.0,TSL4_UpperScreen_spec.Room518a_WP1,9386.0
13200.0,TSL4_UpperScreen_spec.Room518a_WP2,9016.0
13300.0,Illuminance.Room518a_Ceiling,998.33
13300.0,TSL1_LowerScreen_spec.Room518a_WP1,6618.0
13300.0,TSL1_LowerScreen_spec.Room518a_WP2,7060.0
13300.0,TSL2_Keyboard_spec.Room518a_WP1,13045.0
13300.0,TSL2_Keyboard_spec.Room518a_WP2,5382.0
13300.0,TSL3_UpperScreen_spec.Room518a_WP1,9522.0
13300.0,TSL3_UpperScreen_spec.Room518a_WP2,5890.0
13300.0,TSL4_UpperScreen_spec.Room518a_WP1,9386.0
13300.0,TSL4_UpperScreen_spec.Room518a_WP2,9016.0
13400.0,Illuminance.Room518a_Ceiling,998.33
13400.0,TSL1_LowerScreen_spec.Room518a_WP1,6618.0
13400.0,TSL1_LowerScreen_spec.Room518a_WP2,7060.0
13400.0,TSL2_Keyboard_spec.Room518a_WP1,13045.0
13400.0,TSL2_Keyboard_spec.Room518a_WP2,5382.0
13400.0,TSL3_UpperScreen_spec.Room518a_WP1,9522.0
13400.0,TSL3_UpperScreen_spec.Room518a_WP2,5890.0
13400.0,TSL4_UpperScreen_spec.Room518a_WP1,9386.0
13400.0,TSL4_UpperScreen_spec.Room518a_WP2,9016.0
13500.0,Illuminance.Room518a_Ceiling,998.33
13500.0,TSL1_LowerScreen_spec.Room518a_WP1,6618.0
13500.0,TSL1_LowerScreen_spec.Room518a_WP2,7060.0
13500.0,TSL2_Keyboard_spec.Room518a_WP1,13045.0
13500.0,TSL2_Keyboard_spec.Room518a_WP2,5382.0
13500.0,TSL3_UpperScreen_spec.Room518a_WP1,9522.0
13500.0,TSL3_UpperScreen_spec.Room518a_WP2,5890.0
13500.0,TSL4_UpperScreen_spec.Room518a_WP1,9386.0
13500.0,TSL4_UpperScreen_spec.Room518a_WP2,9016.0
13600.0,Illuminance.Room518a_Ceiling,998.33
13600.0,TSL1_LowerScreen_spec.Room518a_WP1,6618.0
13600.0,TSL1_LowerScreen_spec.Room518a_WP2,7060.0
13600.0,TSL2_Keyboard_spec.Room518a_WP1,13045.0
13600.0,TSL2_Keyboard_spec.Room518a_WP2,5382.0
13600.0,TSL3_UpperScreen_spec.Room518a_WP1,9522.0
13600.0,TSL3_UpperScreen_spec.Room518a_WP2,5890.0
13600.0,TSL4_UpperScreen_spec.Room518a_WP1,9386.0
13600.0,TSL4_UpperScreen_spec.Room518a_WP2,9016.0
13700.0,Illuminance.Room518a_Ceiling,998.33
13700.0,TSL1_LowerScreen_spec.Room518a_WP1,6618.0
13700.0,TSL1_LowerScreen_spec.Room518a_WP2,7060.0
13700.0,TSL2_Keyboard_spec.Room518a_WP1,13045.0
13700.0,TSL2_Keyboard_spec.Room518a_WP2,5382.0
13700.0,TSL3_UpperScreen_spec.Room518a_WP1,9522.0
13700.0,TSL3_UpperScreen_spec.Room518a_WP2,5890.0
13700.0,TSL4_UpperScreen_spec.Room518a_WP1,9386.0
13700.0,TSL4_UpperScreen_spec.Room518a_WP2,9016.0
13800.0,Illuminance.Room518a_Ceiling,998.33
13800.0,TSL1_LowerScreen_spec.Room518a_WP1,6618.0
13800.0,TSL1_LowerScreen_spec.Room518a_WP2,7060.0
13800.0,TSL2_Keyboard_spec.Room518a_WP1,13045.0
13800.0,TSL2_Keyboard_spec.Room518a_WP2,5382.0
13800.0,TSL3_UpperScreen_spec.Room518a_WP1,9522.0
13800.0,TSL3_UpperScreen_spec.Room518a_WP2,5890.0
13800.0,TSL4_UpperScreen_spec.Room518a_WP1,9386.0
13800.0,TSL4_UpperScreen_spec.Room518a_WP2,9016.0
13900.0,Illuminance.Room518a_Ceiling,998.33
13900.0,TSL1_LowerScreen_spec.Room518a_WP1,6618.0
13900.0,TSL1_LowerScreen_spec.Room518a_WP2,7060.0
13900.0,TSL2_Keyboard_spec.Room518a_WP1,13045.0
13900.0,TSL2_Keyboard_spec.Room518a_WP2,5382.0
13900.0,TSL3_UpperScreen_spec.Room518a_WP1,9522.0
13900.0,TSL3_UpperScreen_spec.Room518a_WP2,5890.0
13900.0,TSL4_UpperScreen_spec.Room518a_WP1,9386.0
13900.0,TSL4_UpperScreen_spec.Room518a_WP2,9016.0
14000.0,Illuminance.Room518a_Ceiling,998.33
14000.0,TSL1_LowerScreen_spec.Room518a_WP1,6618.0
14000.0,TSL1_LowerScreen_spec.Room518a_WP2,7060.0
14000.0,TSL2_Keyboard_spec.Room518a_WP1,13045.0
14000.0,TSL2_Keyboard_spec.Room518a_WP2,5382.0
14000.0,TSL3_UpperScreen_spec.Room518a_WP1,9522.0
14000.0,TSL3_UpperScreen_spec.Room518a_WP2,5890.0
14000.0,TSL4_UpperScreen_spec.Room518a_WP1,9386.0
14000.0,TSL4_UpperScreen_spec.Room518a_WP2,9016.0
14100.0,Illuminance.Room518a_Ceiling,998.33
14100.0,TSL1_LowerScreen_spec.Room518a_WP1,6618.0
14100.0,TSL1_LowerScreen_spec.Room518a_WP2,7060.0
14100.0,TSL2_Keyboard_spec.Room518a_WP1,13045.0
14100.0,TSL2_Keyboard_spec.Room518a_WP2,5382.0
14100.0,TSL3_UpperScreen_spec.Room518a_WP1,9522.0
14100.0,TSL3_UpperScreen_spec.Room518a_WP2,5890.0
14100.0,TSL4_UpperScreen_spec.Room518a_WP1,9386.0
14100.0,TSL4_UpperScreen_spec.Room518a_WP2,9016.0
14200.0,Illuminance.Room518a_Ceiling,998.33
14200.0,TSL1_LowerScreen_spec.Room518a_WP1,6618.0
14200.0,TSL1_LowerScreen_spec.Room518a_WP2,7060.0
14200.0,TSL2_Keyboard_spec.Room518a_WP1,13045.0
14200.0,TSL2_Keyboard_spec.Room518a_WP2,5382.0
14200.0,TSL3_UpperScreen_spec.Room518a_WP1,9522.0
14200.0,TSL3_UpperScreen_spec.Room518a_WP2,5890.0
14200.0,TSL4_UpperScreen_spec.Room518a_WP1,9386.0
14200.0,TSL4_UpperScreen_spec.Room518a_WP2,9016.0
14300.0,Illuminance.Room518a_Ceiling,998.33
14300.0,TSL1_LowerScreen_spec.Room518a_WP1,6618.0
14300.0,TSL1_LowerScreen_spec.Room518a_WP2,7060.0
14300.0,TSL2_Keyboard_spec.Room518a_WP1,13045.0
14300.0,TSL2_Keyboard_spec.Room518a_WP2,5382.0
14300.0,TSL3_UpperScreen_spec.Room518a_WP1,9522.0
14300.0,TSL3_UpperScreen_spec.Room518a_WP2,5890.0
14300.0,TSL4_UpperScreen_spec.Room518a_WP1,9386.0
14300.0,TSL4_UpperScreen_spec.Room518a_WP2,9016.0
14400.0,Illuminance.Room518a_Ceiling,998.33
14400.0,TSL1_LowerScreen_spec.Room518a_WP1,6618.0
14400.0,TSL1_LowerScreen_spec.Room518a_WP2,7060.0
14400.0,TSL2_Keyboard_spec.Room518a_WP1,13045.0
14400.0,TSL2_Keyboard_spec.Room518a_WP2,5382.0
14400.0,TSL3_UpperScreen_spec.Room518a_WP1,9522.0
14400.0,TSL3_UpperScreen_spec.Room518a_WP2,5890.0
14400.0,TSL4_UpperScreen_spec.Room518a_WP1,9386.0
14400.0,TSL4_UpperScreen_spec.Room518a_WP2,9016.0
14500.0,Illuminance.Room518a_Ceiling,998.33
14500.0,TSL1_LowerScreen_spec.Room518a_WP1,6618.0
14500.0,TSL1_LowerScreen_spec.Room518a_WP2,7060.0
14500.0,TSL2_Keyboard_spec.Room518a_WP1,13045.0
14500.0,TSL2_Keyboard_spec.Room518a_WP2,5382.0
14500.0,TSL3_UpperScreen_spec.Room518a_WP1,9522.0
14500.0,TSL3_UpperScreen_spec.Room518a_WP2,5890.0
14500.0,TSL4_UpperScreen_spec.Room518a_WP1,9386.0
14500.0,TSL4_UpperScreen_spec.Room518a_WP2,9016.0
14600.0,Illuminance.Room518a_Ceiling,998.33
14600.0,TSL1_LowerScreen_spec.Room518a_WP1,6618.0
14600.0,TSL1_LowerScreen_spec.Room518a_WP2,7060.0
14600.0,TSL2_Keyboard_spec.Room518a_WP1,13045.0
14600.0,TSL2_Keyboard_spec.Room518a_WP2,5382.0
14600.0,TSL3_UpperScreen_spec.Room518a_WP1,9522.0
14600.0,TSL3_UpperScreen_spec.Room518a_WP2,5890.0
14600.0,TSL4_UpperScreen_spec.Room518a_WP1,9386.0
14600.0,TSL4_UpperScreen_spec.Room518a_WP2,9016.0
14700.0,Illuminance.Room518a_Ceiling,998.33
14700.0,TSL1_LowerScreen_spec.Room518a_WP1,6618.0
14700.0,TSL1_LowerScreen_spec.Room518a_WP2,7060.0
14700.0,TSL2_Keyboard_spec.Room518a_WP1,13045.0
14700.0,TSL2_Keyboard_spec.Room518a_WP2,5382.0
14700.0,TSL3_UpperScreen_spec.Room518a_WP1,9522.0
14700.0,TSL3_UpperScreen_spec.Room518a_WP2,5890.0
14700.0,TSL4_UpperScreen_spec.Room518a_WP1,9386.0
14700.0,TSL4_UpperScreen_spec.Room518a_WP2,9016.0
14800.0,Illuminance.Room518a_Ceiling,998.33
14800.0,TSL1_LowerScreen_spec.Room518a_WP1,6618.0
14800.0,TSL1_LowerScreen_spec.Room518a_WP2,7060.0
14800.0,TSL2_Keyboard_spec.Room518a_WP1,13045.0
14800.0,TSL2_Keyboard_spec.Room518a_WP2,5382.0
14800.0,TSL3_UpperScreen_spec.Room518a_WP1,9522.0
14800.0,TSL3_UpperScreen_spec.Room518a_WP2,5890.0
14800.0,TSL4_UpperScreen_spec.Room518a_WP1,9386.0
14800.0,TSL4_UpperScreen_spec.Room518a_WP2,9016.0
14900.0,Illuminance.Room518a_Ceiling,998.33
14900.0,TSL1_LowerScreen_spec.Room518a_WP1,6618.0
14900.0,TSL1_LowerScreen_spec.Room518a_WP2,7060.0
14900.0,TSL2_Keyboard_spec.Room518a_WP1,13045.0
14900.0,TSL2_Keyboard_spec.Room518a_WP2,5382.0
14900.0,TSL3_UpperScreen_spec.Room518a_WP1,9522.0
14900.0,TSL3_UpperScreen_spec.Room518a_WP2,5890.0
14900.0,TSL4_UpperScreen_spec.Room518a_WP1,9386.0
14900.0,TSL4_UpperScreen_spec.Room518a_WP2,9016.0
15000.0,Illuminance.Room518a_Ceiling,998.33
15000.0,TSL1_LowerScreen_spec.Room518a_WP1,6618.0
15000.0,TSL1_LowerScreen_spec.Room518a_WP2,7060.0
15000.0,TSL2_Keyboard_spec.Room518a_WP1,13045.0
15000.0,TSL2_Keyboard_spec.Room518a_WP2,5382.0
15000.0,TSL3_UpperScreen_spec.Room518a_WP1,9522.0
15000.0,TSL3_UpperScreen_spec.Room518a_WP2,5890.0
15000.0,TSL4_UpperScreen_spec.Room518a_WP1,9386.0
15000.0,TSL4_UpperScreen_spec.Room518a_WP2,9016.0
15100.0,Illuminance.Room518a_Ceiling,998.33
15100.0,TSL1_LowerScreen_spec.Room518a_WP1,6618.0
15100.0,TSL1_LowerScreen_spec.Room518a_WP2,7060.0
15100.0,TSL2_Keyboard_spec.Room518a_WP1,13045.0
15100.0,TSL2_Keyboard_spec.Room518a_WP2,5382.0
15100.0,TSL3_UpperScreen_spec.Room518a_WP1,9522.0
15100.0,TSL3_UpperScreen_spec.Room518a_WP2,5890.0
15100.0,TSL4_UpperScreen_spec.Room518a_WP1,9386.0
15100.0,TSL4_UpperScreen_spec.Room518a_WP2,9016.0
15200.0,Illuminance.Room518a_Ceiling,998.33
15200.0,TSL1_LowerScreen_spec.Room518a_WP1,6618.0
15200.0,TSL1_LowerScreen_spec.Room518a_WP2,7060.0
15200.0,TSL2_Keyboard_spec.Room518a_WP1,13045.0
15200.0,TSL2_Keyboard_spec.Room518a_WP2,5382.0
15200.0,TSL3_UpperScreen_spec.Room518a_WP1,9522.0
15200.0,TSL3_UpperScreen_spec.Room518a_WP2,5890.0
15200.0,TSL4_UpperScreen_spec.Room518a_WP1,9386.0
15200.0,TSL4_UpperScreen_spec.Room518a_WP2,9016.0
15300.0,Illuminance.Room518a_Ceiling,998.33
15300.0,TSL1_LowerScreen_spec.Room518a_WP1,6618.0
15300.0,TSL1_LowerScreen_spec.Room518a_WP2,7060.0
15300.0,TSL2_Keyboard_spec.Room518a_WP1,13045.0
15300.0,TSL2_Keyboard_spec.Room518a_WP2,5382.0
15300.0,TSL3_UpperScreen_spec.Room518a_WP1,9522.0
15300.0,TSL3_UpperScreen_spec.Room518a_WP2,5890.0
15300.0,TSL4_UpperScreen_spec.Room518a_WP1,9386.0
15300.0,TSL4_UpperScreen_spec.Room518a_WP2,9016.0
15400.0,Illuminance.Room518a_Ceiling,998.33
15400.0,TSL1_LowerScreen_spec.Room518a_WP1,6618.0
15400.0,TSL1_LowerScreen_spec.Room518a_WP2,7060.0
15400.0,TSL2_Keyboard_spec.Room518a_WP1,13045.0
15400.0,TSL2_Keyboard_spec.Room518a_WP2,5382.0
15400.0,TSL3_UpperScreen_spec.Room518a_WP1,9522.0
15400.0,TSL3_UpperScreen_spec.Room518a_WP2,5890.0
15400.0,TSL4_UpperScreen_spec.Room518a_WP1,9386.0
15400.0,TSL4_UpperScreen_spec.Room518a_WP2,9016.0
15500.0,Illuminance.Room518a_Ceiling,998.33
15500.0,TSL1_LowerScreen_spec.Room518a_WP1,6618.0
15500.0,TSL1_LowerScreen_spec.Room518a_WP2,7060.0
15500.0,TSL2_Keyboard_spec.Room518a_WP1,13045.0
15500.0,TSL2_Keyboard_spec.Room518a_WP2,5382.0
15500.0,TSL3_UpperScreen_spec.Room518a_WP1,9522.0
15500.0,TSL3_UpperScreen_spec.Room518a_WP2,5890.0
15500.0,TSL4_UpperScreen_spec.Room518a_WP1,9386.0
15500.0,TSL4_UpperScreen_spec.Room518a_WP2,9016.0
15600.0,Illuminance.Room518a_Ceiling,998.33
15600.0,TSL1_LowerScreen_spec.Room518a_WP1,6618.0
15600.0,TSL1_LowerScreen_spec.Room518a_WP2,7060.0
15600.0,TSL2_Keyboard_spec.Room518a_WP1,13045.0
15600.0,TSL2_Keyboard_spec.Room518a_WP2,5382.0
15600.0,TSL3_UpperScreen_spec.Room518a_WP1,9522.0
15600.0,TSL3_UpperScreen_spec.Room518a_WP2,5890.0
15600.0,TSL4_UpperScreen_spec.Room518a_WP1,9386.0
15600.0,TSL4_UpperScreen_spec.Room518a_WP2,9016.0
15700.0,Illuminance.Room518a_Ceiling,998.33
15700.0,TSL1_LowerScreen_spec.Room518a_WP1,6618.0
15700.0,TSL1_LowerScreen_spec.Room518a_WP2,7060.0
15700.0,TSL2_Keyboard_spec.Room518a_WP1,13045.0
15700.0,TSL2_Keyboard_spec.Room518a_WP2,5382.0
15700.0,TSL3_UpperScreen_spec.Room518a_WP1,9522.0
15700.0,TSL3_UpperScreen_spec.Room518a_WP2,5890.0
15700.0,TSL4_UpperScreen_spec.Room518a_WP1,9386.0
15700.0,TSL4_UpperScreen_spec.Room518a_WP2,9016.0
15800.0,Illuminance.Room518a_Ceiling,998.33
15800.0,TSL1_LowerScreen_spec.Room518a_WP1,6618.0
15800.0,TSL1_LowerScreen_spec.Room518a_WP2,7060.0
15800.0,TSL2_Keyboard_spec.Room518a_WP1,13045.0
15800.0,TSL2_Keyboard_spec.Room518a_WP2,5382.0
15800.0,TSL3_UpperScreen_spec.Room518a_WP1,9522.0
15800.0,TSL3_UpperScreen_spec.Room518a_WP2,5890.0
15800.0,TSL4_UpperScreen_spec.Room518a_WP1,9386.0
15800.0,TSL4_UpperScreen_spec.Room518a_WP2,9016.0
15900.0,Illuminance.Room518a_Ceiling,998.33
15900.0,TSL1_LowerScreen_spec.Room518a_WP1,6618.0
15900.0,TSL1_LowerScreen_spec.Room518a_WP2,7060.0
15900.0,TSL2_Keyboard_spec.Room518a_WP1,13045.0
15900.0,TSL2_Keyboard_spec.Room518a_WP2,5382.0
15900.0,TSL3_UpperScreen_spec.Room518a_WP1,9522.0
15900.0,TSL3_UpperScreen_spec.Room518a_WP2,5890.0
15900.0,TSL4_UpperScreen_spec.Room518a_WP1,9386.0
15900.0,TSL4_UpperScreen_spec.Room518a_WP2,9016.0
16000.0,Illuminance.Room518a_Ceiling,998.33
16000.0,TSL1_LowerScreen_spec.Room518a_WP1,6618.0
16000.0,TSL1_LowerScreen_spec.Room518a_WP2,7060.0
16000.0,TSL2_Keyboard_spec.Room518a_WP1,13045.0
16000.0,TSL2_Keyboard_spec.Room518a_WP2,5382.0
16000.0,TSL3_UpperScreen_spec.Room518a_WP1,9522.0
16000.0,TSL3_UpperScreen_spec.Room518a_WP2,5890.0
16000.0,TSL4_UpperScreen_spec.Room518a_WP1,9386.0
16000.0,TSL4_UpperScreen_spec.Room518a_WP2,9016.0
16100.0,Illuminance.Room518a_Ceiling,998.33
16100.0,TSL1_LowerScreen_spec.Room518a_WP1,6618.0
16100.0,TSL1_LowerScreen_spec.Room518a_WP2,7060.0
16100.0,TSL2_Keyboard_spec.Room518a_WP1,13045.0
16100.0,TSL2_Keyboard_spec.Room518a_WP2,5382.0
16100.0,TSL3_UpperScreen_spec.Room518a_WP1,9522.0
16100.0,TSL3_UpperScreen_spec.Room518a_WP2,5890.0
16100.0,TSL4_UpperScreen_spec.Room518a_WP1,9386.0
16100.0,TSL4_UpperScreen_spec.Room518a_WP2,9016.0
16200.0,Illuminance.Room518a_Ceiling,998.33
16200.0,TSL1_LowerScreen_spec.Room518a_WP1,6618.0
16200.0,TSL1_LowerScreen_spec.Room518a_WP2,7060.0
16200.0,TSL2_Keyboard_spec.Room518a_WP1,13045.0
16200.0,TSL2_Keyboard_spec.Room518a_WP2,5382.0
16200.0,TSL3_UpperScreen_spec.Room518a_WP1,9522.0
16200.0,TSL3_UpperScreen_spec.Room518a_WP2,5890.0
16200.0,TSL4_UpperScreen_spec.Room518a_WP1,9386.0
16200.0,TSL4_UpperScreen_spec.Room518a_WP2,9016.0
16300.0,Illuminance.Room518a_Ceiling,998.33
16300.0,TSL1_LowerScreen_spec.Room518a_WP1,6618.0
16300.0,TSL1_LowerScreen_spec.Room518a_WP2,7060.0
16300.0,TSL2_Keyboard_spec.Room518a_WP1,13045.0
16300.0,TSL2_Keyboard_spec.Room518a_WP2,5382.0
16300.0,TSL3_UpperScreen_spec.Room518a_WP1,9522.0
16300.0,TSL3_UpperScreen_spec.Room518a_WP2,5890.0
16300.0,TSL4_UpperScreen_spec.Room518a_WP1,9386.0
16300.0,TSL4_UpperScreen_spec.Room518a_WP2,9016.0
16400.0,Illuminance.Room518a_Ceiling,998.33
16400.0,TSL1_LowerScreen_spec.Room518a_WP1,6618.0
16400.0,TSL1_LowerScreen_spec.Room518a_WP2,7060.0
16400.0,TSL2_Keyboard_spec.Room518a_WP1,13045.0
16400.0,TSL2_Keyboard_spec.Room518a_WP2,5382.0
16400.0,TSL3_UpperScreen_spec.Room518a_WP1,9522.0
16400.0,TSL3_UpperScreen_spec.Room518a_WP2,5890.0
16400.0,TSL4_UpperScreen_spec.Room518a_WP1,9386.0
16400.0,TSL4_UpperScreen_spec.Room518a_WP2,9016.0
16500.0,Illuminance.Room518a_Ceiling,998.33
16500.0,TSL1_LowerScreen_spec.Room518a_WP1,6618.0
16500.0,TSL1_LowerScreen_spec.Room518a_WP2,7060.0
16500.0,TSL2_Keyboard_spec.Room518a_WP1,13045.0
16500.0,TSL2_Keyboard_spec.Room518a_WP2,5382.0
16500.0,TSL3_UpperScreen_spec.Room518a_WP1,9522.0
16500.0,TSL3_UpperScreen_spec.Room518a_WP2,5890.0
16500.0,TSL4_UpperScreen_spec.Room518a_WP1,9386.0
16500.0,TSL4_UpperScreen_spec.Room518a_WP2,9016.0
16600.0,Illuminance.Room518a_Ceiling,998.33
16600.0,TSL1_LowerScreen_spec.Room518a_WP1,6618.0
16600.0,TSL1_LowerScreen_spec.Room518a_WP2,7060.0
16600.0,TSL2_Keyboard_spec.Room518a_WP1,13045.0
16600.0,TSL2_Keyboard_spec.Room518a_WP2,5382.0
16600.0,TSL3_UpperScreen_spec.Room518a_WP1,9522.0
16600.0,TSL3_UpperScreen_spec.Room518a_WP2,5890.0
16600.0,TSL4_UpperScreen_spec.Room518a_WP1,9386.0
16600.0,TSL4_UpperScreen_spec.Room518a_WP2,9016.0
16700.0,Illuminance.Room518a_Ceiling,998.33
16700.0,TSL1_LowerScreen_spec.Room518a_WP1,6618.0
16700.0,TSL1_LowerScreen_spec.Room518a_WP2,7060.0
16700.0,TSL2_Keyboard_spec.Room518a_WP1,13045.0
16700.0,TSL2_Keyboard_spec.Room518a_WP2,5382.0
16700.0,TSL3_UpperScreen_spec.Room518a_WP1,9522.0
16700.0,TSL3_UpperScreen_spec.Room518a_WP2,5890.0
16700.0,TSL4_UpperScreen_spec.Room518a_WP1,9386.0
16700.0,TSL4_UpperScreen_spec.Room518a_WP2,9016.0
16800.0,Illuminance.Room518a_Ceiling,998.33
16800.0,TSL1_LowerScreen_spec.Room518a_WP1,6618.0
16800.0,TSL1_LowerScreen_spec.Room518a_WP2,7060.0
16800.0,TSL2_Keyboard_spec.Room518a_WP1,13045.0
16800.0,TSL2_Keyboard_spec.Room518a_WP2,5382.0
16800.0,TSL3_UpperScreen_spec.Room518a_WP1,9522.0
16800.0,TSL3_UpperScreen_spec.Room518a_WP2,5890.0
16800.0,TSL4_UpperScreen_spec.Room518a_WP1,9386.0
16800.0,TSL4_UpperScreen_spec.Room518a_WP2,9016.0
16900.0,Illuminance.Room518a_Ceiling,998.33
16900.0,TSL1_LowerScreen_spec.Room518a_WP1,6618.0
16900.0,TSL1_LowerScreen_spec.Room518a_WP2,7060.0
16900.0,TSL2_Keyboard_spec.Room518a_WP1,13045.0
16900.0,TSL2_Keyboard_spec.Room518a_WP2,5382.0
16900.0,TSL3_UpperScreen_spec.Room518a_WP1,9522.0
16900.0,TSL3_UpperScreen_spec.Room518a_WP2,5890.0
16900.0,TSL4_UpperScreen_spec.Room518a_WP1,9386.0
16900.0,TSL4_UpperScreen_spec.Room518a_WP2,9016.0
17000.0,Illuminance.Room518a_Ceiling,998.33
17000.0,TSL1_LowerScreen_spec.Room518a_WP1,6618.0
17000.0,TSL1_LowerScreen_spec.Room518a_WP2,7060.0
17000.0,TSL2_Keyboard_spec.Room518a_WP1,13045.0
17000.0,TSL2_Keyboard_spec.Room518a_WP2,5382.0
17000.0,TSL3_UpperScreen_spec.Room518a_WP1,9522.0
17000.0,TSL3_UpperScreen_spec.Room518a_WP2,5890.0
17000.0,TSL4_UpperScreen_spec.Room518a_WP1,9386.0
17000.0,TSL4_UpperScreen_spec.Room518a_WP2,9016.0
17100.0,Illuminance.Room518a_Ceiling,998.33
17100.0,TSL1_LowerScreen_spec.Room518a_WP1,6618.0
17100.0,TSL1_LowerScreen_spec.Room518a_WP2,7060.0
17100.0,TSL2_Keyboard_spec.Room518a_WP1,13045.0
17100.0,TSL2_Keyboard_spec.Room518a_WP2,5382.0
17100.0,TSL3_UpperScreen_spec.Room518a_WP1,9522.0
17100.0,TSL3_UpperScreen_spec.Room518a_WP2,5890.0
17100.0,TSL4_UpperScreen_spec.Room518a_WP1,9386.0
17100.0,TSL4_UpperScreen_spec.Room518a_WP2,9016.0
17200.0,Illuminance.Room518a_Ceiling,998.33
17200.0,TSL1_LowerScreen_spec.Room518a_WP1,6618.0
17200.0,TSL1_LowerScreen_spec.Room518a_WP2,7060.0
17200.0,TSL2_Keyboard_spec.Room518a_WP1,13045.0
17200.0,TSL2_Keyboard_spec.Room518a_WP2,5382.0
17200.0,TSL3_UpperScreen_spec.Room518a_WP1,9522.0
17200.0,TSL3_UpperScreen_spec.Room518a_WP2,5890.0
17200.0,TSL4_UpperScreen_spec.Room518a_WP1,9386.0
17200.0,TSL4_UpperScreen_spec.Room518a_WP2,9016.0
17300.0,Illuminance.Room518a_Ceiling,998.33
17300.0,TSL1_LowerScreen_spec.Room518a_WP1,6618.0
17300.0,TSL1_LowerScreen_spec.Room518a_WP2,7060.0
17300.0,TSL2_Keyboard_spec.Room518a_WP1,13045.0
17300.0,TSL2_Keyboard_spec.Room518a_WP2,5382.0
17300.0,TSL3_UpperScreen_spec.Room518a_WP1,9522.0
17300.0,TSL3_UpperScreen_spec.Room518a_WP2,5890.0
17300.0,TSL4_UpperScreen_spec.Room518a_WP1,9386.0
17300.0,TSL4_UpperScreen_spec.Room518a_WP2,9016.0
17400.0,Illuminance.Room518a_Ceiling,1165.83
17400.0,TSL1_LowerScreen_spec.Room518a_WP1,6618.0
17400.0,TSL1_LowerScreen_spec.Room518a_WP2,7060.0
17400.0,TSL2_Keyboard_spec.Room518a_WP1,13045.0
17400.0,TSL2_Keyboard_spec.Room518a_WP2,5382.0
17400.0,TSL3_UpperScreen_spec.Room518a_WP1,9522.0
17400.0,TSL3_UpperScreen_spec.Room518a_WP2,5890.0
17400.0,TSL4_UpperScreen_spec.Room518a_WP1,9386.0
17400.0,TSL4_UpperScreen_spec.Room518a_WP2,9016.0
17500.0,Illuminance.Room518a_Ceiling,1165.83
17500.0,TSL1_LowerScreen_spec.Room518a_WP1,6618.0
17500.0,TSL1_LowerScreen_spec.Room518a_WP2,7060.0
17500.0,TSL2_Keyboard_spec.Room518a_WP1,13045.0
17500.0,TSL2_Keyboard_spec.Room518a_WP2,5382.0
17500.0,TSL3_UpperScreen_spec.Room518a_WP1,9522.0
17500.0,TSL3_UpperScreen_spec.Room518a_WP2,5890.0
17500.0,TSL4_UpperScreen_spec.Room518a_WP1,9386.0
17500.0,TSL4_UpperScreen_spec.Room518a_WP2,9016.0
17600.0,Illuminance.Room518a_Ceiling,1165.83
17600.0,TSL1_LowerScreen_spec.Room518a_WP1,6618.0
17600.0,TSL1_LowerScreen_spec.Room518a_WP2,7060.0
17600.0,TSL2_Keyboard_spec.Room518a_WP1,13045.0
17600.0,TSL2_Keyboard_spec.Room518a_WP2,5382.0
17600.0,TSL3_UpperScreen_spec.Room518a_WP1,9522.0
17600.0,TSL3_UpperScreen_spec.Room518a_WP2,5890.0
17600.0,TSL4_UpperScreen_spec.Room518a_WP1,9386.0
17600.0,TSL4_UpperScreen_spec.Room518a_WP2,9016.0
17700.0,Illuminance.Room518a_Ceiling,1165.83
17700.0,TSL1_LowerScreen_spec.Room518a_WP1,6618.0
17700.0,TSL1_LowerScreen_spec.Room518a_WP2,7060.0
17700.0,TSL2_Keyboard_spec.Room518a_WP1,13045.0
17700.0,TSL2_Keyboard_spec.Room518a_WP2,5382.0
17700.0,TSL3_UpperScreen_spec.Room518a_WP1,9522.0
17700.0,TSL3_UpperScreen_spec.Room518a_WP2,5890.0
17700.0,TSL4_UpperScreen_spec.Room518a_WP1,9386.0
17700.0,TSL4_UpperScreen_spec.Room518a_WP2,9016.0
17800.0,Illuminance.Room518a_Ceiling,1165.83
17800.0,TSL1_LowerScreen_spec.Room518a_WP1,6618.0
17800.0,TSL1_LowerScreen_spec.Room518a_WP2,7060.0
17800.0,TSL2_Keyboard_spec.Room518a_WP1,13045.0
17800.0,TSL2_Keyboard_spec.Room518a_WP2,5382.0
17800.0,TSL3_UpperScreen_spec.Room518a_WP1,9522.0
17800.0,TSL3_UpperScreen_spec.Room518a_WP2,5890.0
17800.0,TSL4_UpperScreen_spec.Room518a_WP1,9386.0
17800.0,TSL4_UpperScreen_spec.Room518a_WP2,9016.0
17900.0,Illuminance.Room518a_Ceiling,1165.83
17900.0,TSL1_LowerScreen_spec.Room518a_WP1,6618.0
17900.0,TSL1_LowerScreen_spec.Room518a_WP2,7060.0
17900.0,TSL2_Keyboard_spec.Room518a_WP1,13045.0
17900.0,TSL2_Keyboard_spec.Room518a_WP2,5382.0
17900.0,TSL3_UpperScreen_spec.Room518a_WP1,9522.0
17900.0,TSL3_UpperScreen_spec.Room518a_WP2,5890.0
17900.0,TSL4_UpperScreen_spec.Room518a_WP1,9386.0
17900.0,TSL4_UpperScreen_spec.Room518a_WP2,9016.0
18000.0,Illuminance.Room518a_Ceiling,1165.83
18000.0,TSL1_LowerScreen_spec.Room518a_WP1,6618.0
18000.0,TSL1_LowerScreen_spec.Room518a_WP2,7060.0
18000.0,TSL2_Keyboard_spec.Room518a_WP1,13045.0
18000.0,TSL2_Keyboard_spec.Room518a_WP2,5382.0
18000.0,TSL3_UpperScreen_spec.Room518a_WP1,9522.0
18000.0,TSL3_UpperScreen_spec.Room518a_WP2,5890.0
18000.0,TSL4_UpperScreen_spec.Room518a_WP1,9386.0
18000.0,TSL4_UpperScreen_spec.Room518a_WP2,9016.0
18100.0,Illuminance.Room518a_Ceiling,1165.83
18100.0,TSL1_LowerScreen_spec.Room518a_WP1,6618.0
18100.0,TSL1_LowerScreen_spec.Room518a_WP2,7060.0
18100.0,TSL2_Keyboard_spec.Room518a_WP1,13045.0
18100.0,TSL2_Keyboard_spec.Room518a_WP2,5382.0
18100.0,TSL3_UpperScreen_spec.Room518a_WP1,9522.0
18100.0,TSL3_UpperScreen_spec.Room518a_WP2,5890.0
18100.0,TSL4_UpperScreen_spec.Room518a_WP1,9386.0
18100.0,TSL4_UpperScreen_spec.Room518a_WP2,9016.0
18200.0,Illuminance.Room518a_Ceiling,1165.83
18200.0,TSL1_LowerScreen_spec.Room518a_WP1,6618.0
18200.0,TSL1_LowerScreen_spec.Room518a_WP2,7060.0
18200.0,TSL2_Keyboard_spec.Room518a_WP1,13045.0
18200.0,TSL2_Keyboard_spec.Room518a_WP2,5382.0
18200.0,TSL3_UpperScreen_spec.Room518a_WP1,9522.0
18200.0,TSL3_UpperScreen_spec.Room518a_WP2,5890.0
18200.0,TSL4_UpperScreen_spec.Room518a_WP1,9386.0
18200.0,TSL4_UpperScreen_spec.Room518a_WP2,9016.0
18300.0,Illuminance.Room518a_Ceiling,1165.83
18300.0,TSL1_LowerScreen_spec.Room518a_WP1,6618.0
18300.0,TSL1_LowerScreen_spec.Room518a_WP2,7060.0
18300.0,TSL2_Keyboard_spec.Room518a_WP1,13045.0
18300.0,TSL2_Keyboard_spec.Room518a_WP2,5382.0
18300.0,TSL3_UpperScreen_spec.Room518a_WP1,9522.0
18300.0,TSL3_UpperScreen_spec.Room518a_WP2,5890.0
18300.0,TSL4_UpperScreen_spec.Room518a_WP1,9386.0
18300.0,TSL4_UpperScreen_spec.Room518a_WP2,9016.0
18400.0,Illuminance.Room518a_Ceiling,1165.83
18400.0,TSL1_LowerScreen_spec.Room518a_WP1,8296.0
18400.0,TSL1_LowerScreen_spec.Room518a_WP2,7060.0
18400.0,TSL2_Keyboard_spec.Room518a_WP1,13045.0
18400.0,TSL2_Keyboard_spec.Room518a_WP2,5382.0
18400.0,TSL3_UpperScreen_spec.Room518a_WP1,9522.0
18400.0,TSL3_UpperScreen_spec.Room518a_WP2,5890.0
18400.0,TSL4_UpperScreen_spec.Room518a_WP1,9386.0
18400.0,TSL4_UpperScreen_spec.Room518a_WP2,9016.0
18500.0,Illuminance.Room518a_Ceiling,1165.83
18500.0,TSL1_LowerScreen_spec.Room518a_WP1,8296.0
18500.0,TSL1_LowerScreen_spec.Room518a_WP2,9303.0
18500.0,TSL2_Keyboard_spec.Room518a_WP1,13045.0
18500.0,TSL2_Keyboard_spec.Room518a_WP2,5382.0
18500.0,TSL3_UpperScreen_spec.Room518a_WP1,9522.0
18500.0,TSL3_UpperScreen_spec.Room518a_WP2,5890.0
18500.0,TSL4_UpperScreen_spec.Room518a_WP1,9386.0
18500.0,TSL4_UpperScreen_spec.Room518a_WP2,9016.0
18600.0,Illuminance.Room518a_Ceiling,1165.83
18600.0,TSL1_LowerScreen_spec.Room518a_WP1,8296.0
18600.0,TSL1_LowerScreen_spec.Room518a_WP2,9303.0
18600.0,TSL2_Keyboard_spec.Room518a_WP1,13045.0
18600.0,TSL2_Keyboard_spec.Room518a_WP2,5382.0
18600.0,TSL3_UpperScreen_spec.Room518a_WP1,9522.0
18600.0,TSL3_UpperScreen_spec.Room518a_WP2,5890.0
18600.0,TSL4_UpperScreen_spec.Room518a_WP1,9386.0
18600.0,TSL4_UpperScreen_spec.Room518a_WP2,9016.0
18700.0,Illuminance.Room518a_Ceiling,1165.83
18700.0,TSL1_LowerScreen_spec.Room518a_WP1,8296.0
18700.0,TSL1_LowerScreen_spec.Room518a_WP2,9303.0
18700.0,TSL2_Keyboard_spec.Room518a_WP1,15746.0
18700.0,TSL2_Keyboard_spec.Room518a_WP2,5382.0
18700.0,TSL3_UpperScreen_spec.Room518a_WP1,9522.0
18700.0,TSL3_UpperScreen_spec.Room518a_WP2,5890.0
18700.0,TSL4_UpperScreen_spec.Room518a_WP1,9386.0
18700.0,TSL4_UpperScreen_spec.Room518a_WP2,9016.0
18800.0,Illuminance.Room518a_Ceiling,1165.83
18800.0,TSL1_LowerScreen_spec.Room518a_WP1,8296.0
18800.0,TSL1_LowerScreen_spec.Room518a_WP2,9303.0
18800.0,TSL2_Keyboard_spec.Room518a_WP1,15746.0
18800.0,TSL2_Keyboard_spec.Room518a_WP2,8209.0
18800.0,TSL3_UpperScreen_spec.Room518a_WP1,9522.0
18800.0,TSL3_UpperScreen_spec.Room518a_WP2,5890.0
18800.0,TSL4_UpperScreen_spec.Room518a_WP1,9386.0
18800.0,TSL4_UpperScreen_spec.Room518a_WP2,9016.0
18900.0,Illuminance.Room518a_Ceiling,1165.83
18900.0,TSL1_LowerScreen_spec.Room518a_WP1,8296.0
18900.0,TSL1_LowerScreen_spec.Room518a_WP2,9303.0
18900.0,TSL2_Keyboard_spec.Room518a_WP1,15746.0
18900.0,TSL2_Keyboard_spec.Room518a_WP2,8209.0
18900.0,TSL3_UpperScreen_spec.Room518a_WP1,9522.0
18900.0,TSL3_UpperScreen_spec.Room518a_WP2,5890.0
18900.0,TSL4_UpperScreen_spec.Room518a_WP1,9386.0
18900.0,TSL4_UpperScreen_spec.Room518a_WP2,9016.0
19000.0,Illuminance.Room518a_Ceiling,1165.83
19000.0,TSL1_LowerScreen_spec.Room518a_WP1,8296.0
19000.0,TSL1_LowerScreen_spec.Room518a_WP2,9303.0
19000.0,TSL2_Keyboard_spec.Room518a_WP1,15746.0
19000.0,TSL2_Keyboard_spec.Room518a_WP2,8209.0
19000.0,TSL3_UpperScreen_spec.Room518a_WP1,11072.0
19000.0,TSL3_UpperScreen_spec.Room518a_WP2,5890.0
19000.0,TSL4_UpperScreen_spec.Room518a_WP1,9386.0
19000.0,TSL4_UpperScreen_spec.Room518a_WP2,9016.0
19100.0,Illuminance.Room518a_Ceiling,1165.83
19100.0,TSL1_LowerScreen_spec.Room518a_WP1,8296.0
19100.0,TSL1_LowerScreen_spec.Room518a_WP2,9303.0
19100.0,TSL2_Keyboard_spec.Room518a_WP1,15746.0
19100.0,TSL2_Keyboard_spec.Room518a_WP2,8209.0
19100.0,TSL3_UpperScreen_spec.Room518a_WP1,11072.0
19100.0,TSL3_UpperScreen_spec.Room518a_WP2,7519.0
19100.0,TSL4_UpperScreen_spec.Room518a_WP1,9386.0
19100.0,TSL4_UpperScreen_spec.Room518a_WP2,9016.0
19200.0,Illuminance.Room518a_Ceiling,1165.83
19200.0,TSL1_LowerScreen_spec.Room518a_WP1,8296.0
19200.0,TSL1_LowerScreen_spec.Room518a_WP2,9303.0
19200.0,TSL2_Keyboard_spec.Room518a_WP1,15746.0
19200.0,TSL2_Keyboard_spec.Room518a_WP2,8209.0
19200.0,TSL3_UpperScreen_spec.Room518a_WP1,11072.0
19200.0,TSL3_UpperScreen_spec.Room518a_WP2,7519.0
19200.0,TSL4_UpperScreen_spec.Room518a_WP1,9386.0
19200.0,TSL4_UpperScreen_spec.Room518a_WP2,9016.0
19300.0,Illuminance.Room518a_Ceiling,1165.83
19300.0,TSL1_LowerScreen_spec.Room518a_WP1,8296.0
19300.0,TSL1_LowerScreen_spec.Room518a_WP2,9303.0
19300.0,TSL2_Keyboard_spec.Room518a_WP1,15746.0
19300.0,TSL2_Keyboard_spec.Room518a_WP2,8209.0
19300.0,TSL3_UpperScreen_spec.Room518a_WP1,11072.0
19300.0,TSL3_UpperScreen_spec.Room518a_WP2,7519.0
19300.0,TSL4_UpperScreen_spec.Room518a_WP1,14987.0
19300.0,TSL4_UpperScreen_spec.Room518a_WP2,9016.0
19400.0,Illuminance.Room518a_Ceiling,1165.83
19400.0,TSL1_LowerScreen_spec.Room518a_WP1,8296.0
19400.0,TSL1_LowerScreen_spec.Room518a_WP2,9303.0
19400.0,TSL2_Keyboard_spec.Room518a_WP1,15746.0
19400.0,TSL2_Keyboard_spec.Room518a_WP2,8209.0
19400.0,TSL3_UpperScreen_spec.Room518a_WP1,11072.0
19400.0,TSL3_UpperScreen_spec.Room518a_WP2,7519.0
19400.0,TSL4_UpperScreen_spec.Room518a_WP1,14987.0
19400.0,TSL4_UpperScreen_spec.Room518a_WP2,14561.0
19500.0,Illuminance.Room518a_Ceiling,1165.83
19500.0,TSL1_LowerScreen_spec.Room518a_WP1,8296.0
19500.0,TSL1_LowerScreen_spec.Room518a_WP2,9303.0
19500.0,TSL2_Keyboard_spec.Room518a_WP1,15746.0
19500.0,TSL2_Keyboard_spec.Room518a_WP2,8209.0
19500.0,TSL3_UpperScreen_spec.Room518a_WP1,11072.0
19500.0,TSL3_UpperScreen_spec.Room518a_WP2,7519.0
19500.0,TSL4_UpperScreen_spec.Room518a_WP1,14987.0
19500.0,TSL4_UpperScreen_spec.Room518a_WP2,14561.0
19600.0,Illuminance.Room518a_Ceiling,1165.83
19600.0,TSL1_LowerScreen_spec.Room518a_WP1,8296.0
19600.0,TSL1_LowerScreen_spec.Room518a_WP2,9303.0
19600.0,TSL2_Keyboard_spec.Room518a_WP1,15746.0
19600.0,TSL2_Keyboard_spec.Room518a_WP2,8209.0
19600.0,TSL3_UpperScreen_spec.Room518a_WP1,11072.0
19600.0,TSL3_UpperScreen_spec.Room518a_WP2,7519.0
19600.0,TSL4_UpperScreen_spec.Room518a_WP1,14987.0
19600.0,TSL4_UpperScreen_spec.Room518a_WP2,14561.0
19700.0,Illuminance.Room518a_Ceiling,1165.83
19700.0,TSL1_LowerScreen_spec.Room518a_WP1,8296.0
19700.0,TSL1_LowerScreen_spec.Room518a_WP2,9303.0
19700.0,TSL2_Keyboard_spec.Room518a_WP1,15746.0
19700.0,TSL2_Keyboard_spec.Room518a_WP2,8209.0
19700.0,TSL3_UpperScreen_spec.Room518a_WP1,11072.0
19700.0,TSL3_UpperScreen_spec.Room518a_WP2,7519.0
19700.0,TSL4_UpperScreen_spec.Room518a_WP1,14987.0
19700.0,TSL4_UpperScreen_spec.Room518a_WP2,14561.0
19800.0,Illuminance.Room518a_Ceiling,1165.83
19800.0,TSL1_LowerScreen_spec.Room518a_WP1,8296.0
19800.0,TSL1_LowerScreen_spec.Room518a_WP2,9303.0
19800.0,TSL2_Keyboard_spec.Room518a_WP1,15746.0
19800.0,TSL2_Keyboard_spec.Room518a_WP2,8209.0
19800.0,TSL3_UpperScreen_spec.Room518a_WP1,11072.0
19800.0,TSL3_UpperScreen_spec.Room518a_WP2,7519.0
19800.0,TSL4_UpperScreen_spec.Room518a_WP1,14987.0
19800.0,TSL4_UpperScreen_spec.Room518a_WP2,14561.0
19900.0,Illuminance.Room518a_Ceiling,1165.83
19900.0,TSL1_LowerScreen_spec.Room518a_WP1,8296.0
19900.0,TSL1_LowerScreen_spec.Room518a_WP2,9303.0
19900.0,TSL2_Keyboard_spec.Room518a_WP1,15746.0
19900.0,TSL2_Keyboard_spec.Room518a_WP2,8209.0
19900.0,TSL3_UpperScreen_spec.Room518a_WP1,11072.0
19900.0,TSL3_UpperScreen_spec.Room518a_WP2,7519.0
19900.0,TSL4_UpperScreen_spec.Room518a_WP1,14987.0
19900.0,TSL4_UpperScreen_spec.Room518a_WP2,14561.0
20000.0,Illuminance.Room518a_Ceiling,1165.83
20000.0,TSL1_LowerScreen_spec.Room518a_WP1,8296.0
20000.0,TSL1_LowerScreen_spec.Room518a_WP2,9303.0
20000.0,TSL2_Keyboard_spec.Room518a_WP1,15746.0
20000.0,TSL2_Keyboard_spec.Room518a_WP2,8209.0
20000.0,TSL3_UpperScreen_spec.Room518a_WP1,11072.0
20000.0,TSL3_UpperScreen_spec.Room518a_WP2,7519.0
20000.0,TSL4_UpperScreen_spec.Room518a_WP1,14987.0
20000.0,TSL4_UpperScreen_spec.Room518a_WP2,14561.0
20100.0,Illuminance.Room518a_Ceiling,1165.83
20100.0,TSL1_LowerScreen_spec.Room518a_WP1,8296.0
20100.0,TSL1_LowerScreen_spec.Room518a_WP2,9303.0
20100.0,TSL2_Keyboard_spec.Room518a_WP1,15746.0
20100.0,TSL2_Keyboard_spec.Room518a_WP2,8209.0
20100.0,TSL3_UpperScreen_spec.Room518a_WP1,11072.0
20100.0,TSL3_UpperScreen_spec.Room518a_WP2,7519.0
20100.0,TSL4_UpperScreen_spec.Room518a_WP1,14987.0
20100.0,TSL4_UpperScreen_spec.Room518a_WP2,14561.0
20200.0,Illuminance.Room518a_Ceiling,1165.83
20200.0,TSL1_LowerScreen_spec.Room518a_WP1,8296.0
20200.0,TSL1_LowerScreen_spec.Room518a_WP2,9303.0
20200.0,TSL2_Keyboard_spec.Room518a_WP1,15746.0
20200.0,TSL2_Keyboard_spec.Room518a_WP2,8209.0
20200.0,TSL3_UpperScreen_spec.Room518a_WP1,11072.0
20200.0,TSL3_UpperScreen_spec.Room518a_WP2,7519.0
20200.0,TSL4_UpperScreen_spec.Room518a_WP1,14987.0
20200.0,TSL4_UpperScreen_spec.Room518a_WP2,14561.0
20300.0,Illuminance.Room518a_Ceiling,1165.83
20300.0,TSL1_LowerScreen_spec.Room518a_WP1,8296.0
20300.0,TSL1_LowerScreen_spec.Room518a_WP2,9303.0
20300.0,TSL2_Keyboard_spec.Room518a_WP1,15746.0
20300.0,TSL2_Keyboard_spec.Room518a_WP2,8209.0
20300.0,TSL3_UpperScreen_spec.Room518a_WP1,11072.0
20300.0,TSL3_UpperScreen_spec.Room518a_WP2,7519.0
20300.0,TSL4_UpperScreen_spec.Room518a_WP1,14987.0
20300.0,TSL4_UpperScreen_spec.Room518a_WP2,14561.0
20400.0,Illuminance.Room518a_Ceiling,1165.83
20400.0,TSL1_LowerScreen_spec.Room518a_WP1,8296.0
20400.0,TSL1_LowerScreen_spec.Room518a_WP2,9303.0
20400.0,TSL2_Keyboard_spec.Room518a_WP1,15746.0
20400.0,TSL2_Keyboard_spec.Room518a_WP2,8209.0
20400.0,TSL3_UpperScreen_spec.Room518a_WP1,11072.0
20400.0,TSL3_UpperScreen_spec.Room518a_WP2,7519.0
20400.0,TSL4_UpperScreen_spec.Room518a_WP1,14987.0
20400.0,TSL4_UpperScreen_spec.Room518a_WP2,14561.0
20500.0,Illuminance.Room518a_Ceiling,1165.83
20500.0,TSL1_LowerScreen_spec.Room518a_WP1,8296.0
20500.0,TSL1_LowerScreen_spec.Room518a_WP2,9303.0
20500.0,TSL2_Keyboard_spec.Room518a_WP1,15746.0
20500.0,TSL2_Keyboard_spec.Room518a_WP2,8209.0
20500.0,TSL3_UpperScreen_spec.Room518a_WP1,11072.0
20500.0,TSL3_UpperScreen_spec.Room518a_WP2,7519.0
20500.0,TSL4_UpperScreen_spec.Room518a_WP1,14987.0
20500.0,TSL4_UpperScreen_spec.Room518a_WP2,14561.0
20600.0,Illuminance.Room518a_Ceiling,1165.83
20600.0,TSL1_LowerScreen_spec.Room518a_WP1,8296.0
20600.0,TSL1_LowerScreen_spec.Room518a_WP2,9303.0
20600.0,TSL2_Keyboard_spec.Room518a_WP1,15746.0
20600.0,TSL2_Keyboard_spec.Room518a_WP2,8209.0
20600.0,TSL3_UpperScreen_spec.Room518a_WP1,11072.0
20600.0,TSL3_UpperScreen_spec.Room518a_WP2,7519.0
20600.0,TSL4_UpperScreen_spec.Room518a_WP1,14987.0
20600.0,TSL4_UpperScreen_spec.Room518a_WP2,14561.0
20700.0,Illuminance.Room518a_Ceiling,1165.83
20700.0,TSL1_LowerScreen_spec.Room518a_WP1,8296.0
20700.0,TSL1_LowerScreen_spec.Room518a_WP2,9303.0
20700.0,TSL2_Keyboard_spec.Room518a_WP1,15746.0
20700.0,TSL2_Keyboard_spec.Room518a_WP2,8209.0
20700.0,TSL3_UpperScreen_spec.Room518a_WP1,11072.0
20700.0,TSL3_UpperScreen_spec.Room518a_WP2,7519.0
20700.0,TSL4_UpperScreen_spec.Room518a_WP1,14987.0
20700.0,TSL4_UpperScreen_spec.Room518a_WP2,14561.0
20800.0,Illuminance.Room518a_Ceiling,1165.83
20800.0,TSL1_LowerScreen_spec.Room518a_WP1,8296.0
20800.0,TSL1_LowerScreen_spec.Room518a_WP2,9303.0
20800.0,TSL2_Keyboard_spec.Room518a_WP1,15746.0
20800.0,TSL2_Keyboard_spec.Room518a_WP2,8209.0
20800.0,TSL3_UpperScreen_spec.Room518a_WP1,11072.0
20800.0,TSL3_UpperScreen_spec.Room518a_WP2,7519.0
20800.0,TSL4_UpperScreen_spec.Room518a_WP1,14987.0
20800.0,TSL4_UpperScreen_spec.Room518a_WP2,14561.0
20900.0,Illuminance.Room518a_Ceiling,1165.83
20900.0,TSL1_LowerScreen_spec.Room518a_WP1,8296.0
20900.0,TSL1_LowerScreen_spec.Room518a_WP2,9303.0
20900.0,TSL2_Keyboard_spec.Room518a_WP1,15746.0
20900.0,TSL2_Keyboard_spec.Room518a_WP2,8209.0
20900.0,TSL3_UpperScreen_spec.Room518a_WP1,11072.0
20900.0,TSL3_UpperScreen_spec.Room518a_WP2,7519.0
20900.0,TSL4_UpperScreen_spec.Room518a_WP1,14987.0
20900.0,TSL4_UpperScreen_spec.Room518a_WP2,14561.0
21000.0,Illuminance.Room518a_Ceiling,1165.83
21000.0,TSL1_LowerScreen_spec.Room518a_WP1,8296.0
21000.0,TSL1_LowerScreen_spec.Room518a_WP2,9303.0
21000.0,TSL2_Keyboard_spec.Room518a_WP1,15746.0
21000.0,TSL2_Keyboard_spec.Room518a_WP2,8209.0
21000.0,TSL3_UpperScreen_spec.Room518a_WP1,11072.0
21000.0,TSL3_UpperScreen_spec.Room518a_WP2,7519.0
21000.0,TSL4_UpperScreen_spec.Room518a_WP1,14987.0
21000.0,TSL4_UpperScreen_spec.Room518a_WP2,14561.0
21100.0,Illuminance.Room518a_Ceiling,1165.83
21100.0,TSL1_LowerScreen_spec.Room518a_WP1,8296.0
21100.0,TSL1_LowerScreen_spec.Room518a_WP2,9303.0
21100.0,TSL2_Keyboard_spec.Room518a_WP1,15746.0
21100.0,TSL2_Keyboard_spec.Room518a_WP2,8209.0
21100.0,TSL3_UpperScreen_spec.Room518a_WP1,11072.0
21100.0,TSL3_UpperScreen_spec.Room518a_WP2,7519.0
21100.0,TSL4_UpperScreen_spec.Room518a_WP1,14987.0
21100.0,TSL4_UpperScreen_spec.Room518a_WP2,14561.0
21200.0,Illuminance.Room518a_Ceiling,1165.83
21200.0,TSL1_LowerScreen_spec.Room518a_WP1,8296.0
21200.0,TSL1_LowerScreen_spec.Room518a_WP2,9303.0
21200.0,TSL2_Keyboard_spec.Room518a_WP1,15746.0
21200.0,TSL2_Keyboard_spec.Room518a_WP2,8209.0
21200.0,TSL3_UpperScreen_spec.Room518a_WP1,11072.0
21200.0,TSL3_UpperScreen_spec.Room518a_WP2,7519.0
21200.0,TSL4_UpperScreen_spec.Room518a_WP1,14987.0
21200.0,TSL4_UpperScreen_spec.Room518a_WP2,14561.0
21300.0,Illuminance.Room518a_Ceiling,1165.83
21300.0,TSL1_LowerScreen_spec.Room518a_WP1,8296.0
21300.0,TSL1_LowerScreen_spec.Room518a_WP2,9303.0
21300.0,TSL2_Keyboard_spec.Room518a_WP1,15746.0
21300.0,TSL2_Keyboard_spec.Room518a_WP2,8209.0
21300.0,TSL3_UpperScreen_spec.Room518a_WP1,11072.0
21300.0,TSL3_UpperScreen_spec.Room518a_WP2,7519.0
21300.0,TSL4_UpperScreen_spec.Room518a_WP1,14987.0
21300.0,TSL4_UpperScreen_spec.Room518a_WP2,14561.0
21400.0,Illuminance.Room518a_Ceiling,1165.83
21400.0,TSL1_LowerScreen_spec.Room518a_WP1,8296.0
21400.0,TSL1_LowerScreen_spec.Room518a_WP2,9303.0
21400.0,TSL2_Keyboard_spec.Room518a_WP1,15746.0
21400.0,TSL2_Keyboard_spec.Room518a_WP2,8209.0
21400.0,TSL3_UpperScreen_spec.Room518a_WP1,11072.0
21400.0,TSL3_UpperScreen_spec.Room518a_WP2,7519.0
21400.0,TSL4_UpperScreen_spec.Room518a_WP1,14987.0
21400.0,TSL4_UpperScreen_spec.Room518a_WP2,14561.0
21500.0,Illuminance.Room518a_Ceiling,1165.83
21500.0,TSL1_LowerScreen_spec.Room518a_WP1,8296.0
21500.0,TSL1_LowerScreen_spec.Room518a_WP2,9303.0
21500.0,TSL2_Keyboard_spec.Room518a_WP1,15746.0
21500.0,TSL2_Keyboard_spec.Room518a_WP2,8209.0
21500.0,TSL3_UpperScreen_spec.Room518a_WP1,11072.0
21500.0,TSL3_UpperScreen_spec.Room518a_WP2,7519.0
21500.0,TSL4_UpperScreen_spec.Room518a_WP1,14987.0
21500.0,TSL4_UpperScreen_spec.Room518a_WP2,14561.0
21600.0,Illuminance.Room518a_Ceiling,1165.83
21600.0,TSL1_LowerScreen_spec.Room518a_WP1,8296.0
21600.0,TSL1_LowerScreen_spec.Room518a_WP2,9303.0
21600.0,TSL2_Keyboard_spec.Room518a_WP1,15746.0
21600.0,TSL2_Keyboard_spec.Room518a_WP2,8209.0
21600.0,TSL3_UpperScreen_spec.Room518a_WP1,11072.0
21600.0,TSL3_UpperScreen_spec.Room518a_WP2,7519.0
21600.0,TSL4_UpperScreen_spec.Room518a_WP1,14987.0
21600.0,TSL4_UpperScreen_spec.Room518a_WP2,14561.0
21700.0,Illuminance.Room518a_Ceiling,1165.83
21700.0,TSL1_LowerScreen_spec.Room518a_WP1,8296.0
21700.0,TSL1_LowerScreen_spec.Room518a_WP2,9303.0
21700.0,TSL2_Keyboard_spec.Room518a_WP1,15746.0
21700.0,TSL2_Keyboard_spec.Room518a_WP2,8209.0
21700.0,TSL3_UpperScreen_spec.Room518a_WP1,11072.0
21700.0,TSL3_UpperScreen_spec.Room518a_WP2,7519.0
21700.0,TSL4_UpperScreen_spec.Room518a_WP1,14987.0
21700.0,TSL4_UpperScreen_spec.Room518a_WP2,14561.0
21800.0,Illuminance.Room518a_Ceiling,1165.83
21800.0,TSL1_LowerScreen_spec.Room518a_WP1,8296.0
21800.0,TSL1_LowerScreen_spec.Room518a_WP2,9303.0
21800.0,TSL2_Keyboard_spec.Room518a_WP1,15746.0
21800.0,TSL2_Keyboard_spec.Room518a_WP2,8209.0
21800.0,TSL3_UpperScreen_spec.Room518a_WP1,11072.0
21800.0,TSL3_UpperScreen_spec.Room518a_WP2,7519.0
21800.0,TSL4_UpperScreen_spec.Room518a_WP1,14987.0
21800.0,TSL4_UpperScreen_spec.Room518a_WP2,14561.0
21900.0,Illuminance.Room518a_Ceiling,1165.83
21900.0,TSL1_LowerScreen_spec.Room518a_WP1,8296.0
21900.0,TSL1_LowerScreen_spec.Room518a_WP2,9303.0
21900.0,TSL2_Keyboard_spec.Room518a_WP1,15746.0
21900.0,TSL2_Keyboard_spec.Room518a_WP2,8209.0
21900.0,TSL3_UpperScreen_spec.Room518a_WP1,11072.0
21900.0,TSL3_UpperScreen_spec.Room518a_WP2,7519.0
21900.0,TSL4_UpperScreen_spec.Room518a_WP1,14987.0
21900.0,TSL4_UpperScreen_spec.Room518a_WP2,14561.0
22000.0,Illuminance.Room518a_Ceiling,1165.83
22000.0,TSL1_LowerScreen_spec.Room518a_WP1,8296.0
22000.0,TSL1_LowerScreen_spec.Room518a_WP2,9303.0
22000.0,TSL2_Keyboard_spec.Room518a_WP1,15746.0
22000.0,TSL2_Keyboard_spec.Room518a_WP2,8209.0
22000.0,TSL3_UpperScreen_spec.Room518a_WP1,11072.0
22000.0,TSL3_UpperScreen_spec.Room518a_WP2,7519.0
22000.0,TSL4_UpperScreen_spec.Room518a_WP1,14987.0
22000.0,TSL4_UpperScreen_spec.Room518a_WP2,14561.0
22100.0,Illuminance.Room518a_Ceiling,1165.83
22100.0,TSL1_LowerScreen_spec.Room518a_WP1,8296.0
22100.0,TSL1_LowerScreen_spec.Room518a_WP2,9303.0
22100.0,TSL2_Keyboard_spec.Room518a_WP1,15746.0
22100.0,TSL2_Keyboard_spec.Room518a_WP2,8209.0
22100.0,TSL3_UpperScreen_spec.Room518a_WP1,11072.0
22100.0,TSL3_UpperScreen_spec.Room518a_WP2,7519.0
22100.0,TSL4_UpperScreen_spec.Room518a_WP1,14987.0
22100.0,TSL4_UpperScreen_spec.Room518a_WP2,14561.0
22200.0,Illuminance.Room518a_Ceiling,1165.83
22200.0,TSL1_LowerScreen_spec.Room518a_WP1,8296.0
22200.0,TSL1_LowerScreen_spec.Room518a_WP2,9303.0
22200.0,TSL2_Keyboard_spec.Room518a_WP1,15746.0
22200.0,TSL2_Keyboard_spec.Room518a_WP2,8209.0
22200.0,TSL3_UpperScreen_spec.Room518a_WP1,11072.0
22200.0,TSL3_UpperScreen_spec.Room518a_WP2,7519.0
22200.0,TSL4_UpperScreen_spec.Room518a_WP1,14987.0
22200.0,TSL4_UpperScreen_spec.Room518a_WP2,14561.0
22300.0,Illuminance.Room518a_Ceiling,1165.83
22300.0,TSL1_LowerScreen_spec.Room518a_WP1,8296.0
22300.0,TSL1_LowerScreen_spec.Room518a_WP2,9303.0
22300.0,TSL2_Keyboard_spec.Room518a_WP1,15746.0
22300.0,TSL2_Keyboard_spec.Room518a_WP2,8209.0
22300.0,TSL3_UpperScreen_spec.Room518a_WP1,11072.0
22300.0,TSL3_UpperScreen_spec.Room518a_WP2,7519.0
22300.0,TSL4_UpperScreen_spec.Room518a_WP1,14987.0
22300.0,TSL4_UpperScreen_spec.Room518a_WP2,14561.0
22400.0,Illuminance.Room518a_Ceiling,1165.83
22400.0,TSL1_LowerScreen_spec.Room518a_WP1,8296.0
22400.0,TSL1_LowerScreen_spec.Room518a_WP2,9303.0
22400.0,TSL2_Keyboard_spec.Room518a_WP1,15746.0
22400.0,TSL2_Keyboard_spec.Room518a_WP2,8209.0
22400.0,TSL3_UpperScreen_spec.Room518a_WP1,11072.0
22400.0,TSL3_UpperScreen_spec.Room518a_WP2,7519.0
22400.0,TSL4_UpperScreen_spec.Room518a_WP1,14987.0
22400.0,TSL4_UpperScreen_spec.Room518a_WP2,14561.0
22500.0,Illuminance.Room518a_Ceiling,1165.83
22500.0,TSL1_LowerScreen_spec.Room518a_WP1,8296.0
22500.0,TSL1_LowerScreen_spec.Room518a_WP2,9303.0
22500.0,TSL2_Keyboard_spec.Room518a_WP1,15746.0
22500.0,TSL2_Keyboard_spec.Room518a_WP2,8209.0
22500.0,TSL3_UpperScreen_spec.Room518a_WP1,11072.0
22500.0,TSL3_UpperScreen_spec.Room518a_WP2,7519.0
22500.0,TSL4_UpperScreen_spec.Room518a_WP1,14987.0
22500.0,TSL4_UpperScreen_spec.Room518a_WP2,14561.0
22600.0,Illuminance.Room518a_Ceiling,1165.83
22600.0,TSL1_LowerScreen_spec.Room518a_WP1,8296.0
22600.0,TSL1_LowerScreen_spec.Room518a_WP2,9303.0
22600.0,TSL2_Keyboard_spec.Room518a_WP1,15746.0
22600.0,TSL2_Keyboard_spec.Room518a_WP2,8209.0
22600.0,TSL3_UpperScreen_spec.Room518a_WP1,11072.0
22600.0,TSL3_UpperScreen_spec.Room518a_WP2,7519.0
22600.0,TSL4_UpperScreen_spec.Room518a_WP1,14987.0
22600.0,TSL4_UpperScreen_spec.Room518a_WP2,14561.0
22700.0,Illuminance.Room518a_Ceiling,1165.83
22700.0,TSL1_LowerScreen_spec.Room518a_WP1,8296.0
22700.0,TSL1_LowerScreen_spec.Room518a_WP2,9303.0
22700.0,TSL2_Keyboard_spec.Room518a_WP1,15746.0
22700.0,TSL2_Keyboard_spec.Room518a_WP2,8209.0
22700.0,TSL3_UpperScreen_spec.Room518a_WP1,11072.0
22700.0,TSL3_UpperScreen_spec.Room518a_WP2,7519.0
22700.0,TSL4_UpperScreen_spec.Room518a_WP1,14987.0
22700.0,TSL4_UpperScreen_spec.Room518a_WP2,14561.0
22800.0,Illuminance.Room518a_Ceiling,1165.83
22800.0,TSL1_LowerScreen_spec.Room518a_WP1,8296.0
22800.0,TSL1_LowerScreen_spec.Room518a_WP2,9303.0
22800.0,TSL2_Keyboard_spec.Room518a_WP1,15746.0
22800.0,TSL2_Keyboard_spec.Room518a_WP2,8209.0
22800.0,TSL3_UpperScreen_spec.Room518a_WP1,11072.0
22800.0,TSL3_UpperScreen_spec.Room518a_WP2,7519.0
22800.0,TSL4_UpperScreen_spec.Room518a_WP1,14987.0
22800.0,TSL4_UpperScreen_spec.Room518a_WP2,14561.0
22900.0,Illuminance.Room518a_Ceiling,1165.83
22900.0,TSL1_LowerScreen_spec.Room518a_WP1,8296.0
22900.0,TSL1_LowerScreen_spec.Room518a_WP2,9303.0
22900.0,TSL2_Keyboard_spec.Room518a_WP1,15746.0
22900.0,TSL2_Keyboard_spec.Room518a_WP2,8209.0
22900.0,TSL3_UpperScreen_spec.Room518a_WP1,11072.0
22900.0,TSL3_UpperScreen_spec.Room518a_WP2,7519.0
22900.0,TSL4_UpperScreen_spec.Room518a_WP1,14987.0
22900.0,TSL4_UpperScreen_spec.Room518a_WP2,14561.0
23000.0,Illuminance.Room518a_Ceiling,1165.83
23000.0,TSL1_LowerScreen_spec.Room518a_WP1,8296.0
23000.0,TSL1_LowerScreen_spec.Room518a_WP2,9303.0
23000.0,TSL2_Keyboard_spec.Room518a_WP1,15746.0
23000.0,TSL2_Keyboard_spec.Room518a_WP2,8209.0
23000.0,TSL3_UpperScreen_spec.Room518a_WP1,11072.0
23000.0,TSL3_UpperScreen_spec.Room518a_WP2,7519.0
23000.0,TSL4_UpperScreen_spec.Room518a_WP1,14987.0
23000.0,TSL4_UpperScreen_spec.Room518a_WP2,14561.0
23100.0,Illuminance.Room518a_Ceiling,1165.83
23100.0,TSL1_LowerScreen_spec.Room518a_WP1,8296.0
23100.0,TSL1_LowerScreen_spec.Room518a_WP2,9303.0
23100.0,TSL2_Keyboard_spec.Room518a_WP1,15746.0
23100.0,TSL2_Keyboard_spec.Room518a_WP2,8209.0
23100.0,TSL3_UpperScreen_spec.Room518a_WP1,11072.0
23100.0,TSL3_UpperScreen_spec.Room518a_WP2,7519.0
23100.0,TSL4_UpperScreen_spec.Room518a_WP1,14987.0
23100.0,TSL4_UpperScreen_spec.Room518a_WP2,14561.0
23200.0,Illuminance.Room518a_Ceiling,1165.83
23200.0,TSL1_LowerScreen_spec.Room518a_WP1,8296.0
23200.0,TSL1_LowerScreen_spec.Room518a_WP2,9303.0
23200.0,TSL2_Keyboard_spec.Room518a_WP1,15746.0
23200.0,TSL2_Keyboard_spec.Room518a_WP2,8209.0
23200.0,TSL3_UpperScreen_spec.Room518a_WP1,11072.0
23200.0,TSL3_UpperScreen_spec.Room518a_WP2,7519.0
23200.0,TSL4_UpperScreen_spec.Room518a_WP1,14987.0
23200.0,TSL4_UpperScreen_spec.Room518a_WP2,14561.0
23300.0,Illuminance.Room518a_Ceiling,1165.83
23300.0,TSL1_LowerScreen_spec.Room518a_WP1,8296.0
23300.0,TSL1_LowerScreen_spec.Room518a_WP2,9303.0
23300.0,TSL2_Keyboard_spec.Room518a_WP1,15746.0
23300.0,TSL2_Keyboard_spec.Room518a_WP2,8209.0
23300.0,TSL3_UpperScreen_spec.Room518a_WP1,11072.0
23300.0,TSL3_UpperScreen_spec.Room518a_WP2,7519.0
23300.0,TSL4_UpperScreen_spec.Room518a_WP1,14987.0
23300.0,TSL4_UpperScreen_spec.Room518a_WP2,14561.0
23400.0,Illuminance.Room518a_Ceiling,1165.83
23400.0,TSL1_LowerScreen_spec.Room518a_WP1,8296.0
23400.0,TSL1_LowerScreen_spec.Room518a_WP2,9303.0
23400.0,TSL2_Keyboard_spec.Room518a_WP1,15746.0
23400.0,TSL2_Keyboard_spec.Room518a_WP2,8209.0
23400.0,TSL3_UpperScreen_spec.Room518a_WP1,11072.0
23400.0,TSL3_UpperScreen_spec.Room518a_WP2,7519.0
23400.0,TSL4_UpperScreen_spec.Room518a_WP1,14987.0
23400.0,TSL4_UpperScreen_spec.Room518a_WP2,14561.0
23500.0,Illuminance.Room518a_Ceiling,1165.83
23500.0,TSL1_LowerScreen_spec.Room518a_WP1,8296.0
23500.0,TSL1_LowerScreen_spec.Room518a_WP2,9303.0
23500.0,TSL2_Keyboard_spec.Room518a_WP1,15746.0
23500.0,TSL2_Keyboard_spec.Room518a_WP2,8209.0
23500.0,TSL3_UpperScreen_spec.Room518a_WP1,11072.0
23500.0,TSL3_UpperScreen_spec.Room518a_WP2,7519.0
23500.0,TSL4_UpperScreen_spec.Room518a_WP1,14987.0
23500.0,TSL4_UpperScreen_spec.Room518a_WP2,14561.0
23600.0,Illuminance.Room518a_Ceiling,1165.83
23600.0,TSL1_LowerScreen_spec.Room518a_WP1,8296.0
23600.0,TSL1_LowerScreen_spec.Room518a_WP2,9303.0
23600.0,TSL2_Keyboard_spec.Room518a_WP1,15746.0
23600.0,TSL2_Keyboard_spec.Room518a_WP2,8209.0
23600.0,TSL3_UpperScreen_spec.Room518a_WP1,11072.0
23600.0,TSL3_UpperScreen_spec.Room518a_WP2,7519.0
23600.0,TSL4_UpperScreen_spec.Room518a_WP1,14987.0
23600.0,TSL4_UpperScreen_spec.Room518a_WP2,14561.0
23700.0,Illuminance.Room518a_Ceiling,1165.83
23700.0,TSL1_LowerScreen_spec.Room518a_WP1,8296.0
23700.0,TSL1_LowerScreen_spec.Room518a_WP2,9303.0
23700.0,TSL2_Keyboard_spec.Room518a_WP1,15746.0
23700.0,TSL2_Keyboard_spec.Room518a_WP2,8209.0
23700.0,TSL3_UpperScreen_spec.Room518a_WP1,11072.0
23700.0,TSL3_UpperScreen_spec.Room518a_WP2,7519.0
23700.0,TSL4_UpperScreen_spec.Room518a_WP1,14987.0
23700.0,TSL4_UpperScreen_spec.Room518a_WP2,14561.0
23800.0,Illuminance.Room518a_Ceiling,1165.83
23800.0,TSL1_LowerScreen_spec.Room518a_WP1,8296.0
23800.0,TSL1_LowerScreen_spec.Room518a_WP2,9303.0
23800.0,TSL2_Keyboard_spec.Room518a_WP1,15746.0
23800.0,TSL2_Keyboard_spec.Room518a_WP2,8209.0
23800.0,TSL3_UpperScreen_spec.Room518a_WP1,11072.0
23800.0,TSL3_UpperScreen_spec.Room518a_WP2,7519.0
23800.0,TSL4_UpperScreen_spec.Room518a_WP1,14987.0
23800.0,TSL4_UpperScreen_spec.Room518a_WP2,14561.0
23900.0,Illuminance.Room518a_Ceiling,1165.83
23900.0,TSL1_LowerScreen_spec.Room518a_WP1,8296.0
23900.0,TSL1_LowerScreen_spec.Room518a_WP2,9303.0
23900.0,TSL2_Keyboard_spec.Room518a_WP1,15746.0
23900.0,TSL2_Keyboard_spec.Room518a_WP2,8209.0
23900.0,TSL3_UpperScreen_spec.Room518a_WP1,11072.0
23900.0,TSL3_UpperScreen_spec.Room518a_WP2,7519.0
23900.0,TSL4_UpperScreen_spec.Room518a_WP1,14987.0
23900.0,TSL4_UpperScreen_spec.Room518a_WP2,14561.0
24000.0,Illuminance.Room518a_Ceiling,1165.83
24000.0,TSL1_LowerScreen_spec.Room518a_WP1,8296.0
24000.0,TSL1_LowerScreen_spec.Room518a_WP2,9303.0
24000.0,TSL2_Keyboard_spec.Room518a_WP1,15746.0
24000.0,TSL2_Keyboard_spec.Room518a_WP2,8209.0
24000.0,TSL3_UpperScreen_spec.Room518a_WP1,11072.0
24000.0,TSL3_UpperScreen_spec.Room518a_WP2,7519.0
24000.0,TSL4_UpperScreen_spec.Room518a_WP1,14987.0
24000.0,TSL4_UpperScreen_spec.Room518a_WP2,14561.0
24100.0,Illuminance.Room518a_Ceiling,1165.83
24100.0,TSL1_LowerScreen_spec.Room518a_WP1,8296.0
24100.0,TSL1_LowerScreen_spec.Room518a_WP2,9303.0
24100.0,TSL2_Keyboard_spec.Room518a_WP1,15746.0
24100.0,TSL2_Keyboard_spec.Room518a_WP2,8209.0
24100.0,TSL3_UpperScreen_spec.Room518a_WP1,11072.0
24100.0,TSL3_UpperScreen_spec.Room518a_WP2,7519.0
24100.0,TSL4_UpperScreen_spec.Room518a_WP1,14987.0
24100.0,TSL4_UpperScreen_spec.Room518a_WP2,14561.0
24200.0,Illuminance.Room518a_Ceiling,1165.83
24200.0,TSL1_LowerScreen_spec.Room518a_WP1,8296.0
24200.0,TSL1_LowerScreen_spec.Room518a_WP2,9303.0
24200.0,TSL2_Keyboard_spec.Room518a_WP1,15746.0
24200.0,TSL2_Keyboard_spec.Room518a_WP2,8209.0
24200.0,TSL3_UpperScreen_spec.Room518a_WP1,11072.0
24200.0,TSL3_UpperScreen_spec.Room518a_WP2,7519.0
24200.0,TSL4_UpperScreen_spec.Room518a_WP1,14987.0
24200.0,TSL4_UpperScreen_spec.Room518a_WP2,14561.0
24300.0,Illuminance.Room518a_Ceiling,1165.83
24300.0,TSL1_LowerScreen_spec.Room518a_WP1,8296.0
24300.0,TSL1_LowerScreen_spec.Room518a_WP2,9303.0
24300.0,TSL2_Keyboard_spec.Room518a_WP1,15746.0
24300.0,TSL2_Keyboard_spec.Room518a_WP2,8209.0
24300.0,TSL3_UpperScreen_spec.Room518a_WP1,11072.0
24300.0,TSL3_UpperScreen_spec.Room518a_WP2,7519.0
24300.0,TSL4_UpperScreen_spec.Room518a_WP1,14987.0
24300.0,TSL4_UpperScreen_spec.Room518a_WP2,14561.0
24400.0,Illuminance.Room518a_Ceiling,1165.83
24400.0,TSL1_LowerScreen_spec.Room518a_WP1,8296.0
24400.0,TSL1_LowerScreen_spec.Room518a_WP2,9303.0
24400.0,TSL2_Keyboard_spec.Room518a_WP1,15746.0
24400.0,TSL2_Keyboard_spec.Room518a_WP2,8209.0
24400.0,TSL3_UpperScreen_spec.Room518a_WP1,11072.0
24400.0,TSL3_UpperScreen_spec.Room518a_WP2,7519.0
24400.0,TSL4_UpperScreen_spec.Room518a_WP1,14987.0
24400.0,TSL4_UpperScreen_spec.Room518a_WP2,14561.0
24500.0,Illuminance.Room518a_Ceiling,1165.83
24500.0,TSL1_LowerScreen_spec.Room518a_WP1,8296.0
24500.0,TSL1_LowerScreen_spec.Room518a_WP2,9303.0
24500.0,TSL2_Keyboard_spec.Room518a_WP1,15746.0
24500.0,TSL2_Keyboard_spec.Room518a_WP2,8209.0
24500.0,TSL3_UpperScreen_spec.Room518a_WP1,11072.0
24500.0,TSL3_UpperScreen_spec.Room518a_WP2,7519.0
24500.0,TSL4_UpperScreen_spec.Room518a_WP1,14987.0
24500.0,TSL4_UpperScreen_spec.Room518a_WP2,14561.0
24600.0,Illuminance.Room518a_Ceiling,1165.83
24600.0,TSL1_LowerScreen_spec.Room518a_WP1,8296.0
24600.0,TSL1_LowerScreen_spec.Room518a_WP2,9303.0
24600.0,TSL2_Keyboard_spec.Room518a_WP1,15746.0
24600.0,TSL2_Keyboard_spec.Room518a_WP2,8209.0
24600.0,TSL3_UpperScreen_spec.Room518a_WP1,11072.0
24600.0,TSL3_UpperScreen_spec.Room518a_WP2,7519.0
24600.0,TSL4_UpperScreen_spec.Room518a_WP1,14987.0
24600.0,TSL4_UpperScreen_spec.Room518a_WP2,14561.0
24700.0,Illuminance.Room518a_Ceiling,1165.83
24700.0,TSL1_LowerScreen_spec.Room518a_WP1,8296.0
24700.0,TSL1_LowerScreen_spec.Room518a_WP2,9303.0
24700.0,TSL2_Keyboard_spec.Room518a_WP1,15746.0
24700.0,TSL2_Keyboard_spec.Room518a_WP2,8209.0
24700.0,TSL3_UpperScreen_spec.Room518a_WP1,11072.0
24700.0,TSL3_UpperScreen_spec.Room518a_WP2,7519.0
24700.0,TSL4_UpperScreen_spec.Room518a_WP1,14987.0
24700.0,TSL4_UpperScreen_spec.Room518a_WP2,14561.0
24800.0,Illuminance.Room518a_Ceiling,1165.83
24800.0,TSL1_LowerScreen_spec.Room518a_WP1,8296.0
24800.0,TSL1_LowerScreen_spec.Room518a_WP2,9303.0
24800.0,TSL2_Keyboard_spec.Room518a_WP1,15746.0
24800.0,TSL2_Keyboard_spec.Room518a_WP2,8209.0
24800.0,TSL3_UpperScreen_spec.Room518a_WP1,11072.0
24800.0,TSL3_UpperScreen_spec.Room518a_WP2,7519.0
24800.0,TSL4_UpperScreen_spec.Room518a_WP1,14987.0
24800.0,TSL4_UpperScreen_spec.Room518a_WP2,14561.0
24900.0,Illuminance.Room518a_Ceiling,1165.83
24900.0,TSL1_LowerScreen_spec.Room518a_WP1,8296.0
24900.0,TSL1_LowerScreen_spec.Room518a_WP2,9303.0
24900.0,TSL2_Keyboard_spec.Room518a_WP1,15746.0
24900.0,TSL2_Keyboard_spec.Room518a_WP2,8209.0
24900.0,TSL3_UpperScreen_spec.Room518a_WP1,11072.0
24900.0,TSL3_UpperScreen_spec.Room518a_WP2,7519.0
24900.0,TSL4_UpperScreen_spec.Room518a_WP1,14987.0
24900.0,TSL4_UpperScreen_spec.Room518a_WP2,14561.0
25000.0,Illuminance.Room518a_Ceiling,1165.83
25000.0,TSL1_LowerScreen_spec.Room518a_WP1,8296.0
25000.0,TSL1_LowerScreen_spec.Room518a_WP2,9303.0
25000.0,TSL2_Keyboard_spec.Room518a_WP1,15746.0
25000.0,TSL2_Keyboard_spec.Room518a_WP2,8209.0
25000.0,TSL3_UpperScreen_spec.Room518a_WP1,11072.0
25000.0,TSL3_UpperScreen_spec.Room518a_WP2,7519.0
25000.0,TSL4_UpperScreen_spec.Room518a_WP1,14987.0
25000.0,TSL4_UpperScreen_spec.Room518a_WP2,14561.0
25100.0,Illuminance.Room518a_Ceiling,1165.83
25100.0,TSL1_LowerScreen_spec.Room518a_WP1,8296.0
25100.0,TSL1_LowerScreen_spec.Room518a_WP2,9303.0
25100.0,TSL2_Keyboard_spec.Room518a_WP1,15746.0
25100.0,TSL2_Keyboard_spec.Room518a_WP2,8209.0
25100.0,TSL3_UpperScreen_spec.Room518a_WP1,11072.0
25100.0,TSL3_UpperScreen_spec.Room518a_WP2,7519.0
25100.0,TSL4_UpperScreen_spec.Room518a_WP1,14987.0
25100.0,TSL4_UpperScreen_spec.Room518a_WP2,14561.0
25200.0,Illuminance.Room518a_Ceiling,1165.83
25200.0,TSL1_LowerScreen_spec.Room518a_WP1,8296.0
25200.0,TSL1_LowerScreen_spec.Room518a_WP2,9303.0
25200.0,TSL2_Keyboard_spec.Room518a_WP1,15746.0
25200.0,TSL2_Keyboard_spec.Room518a_WP2,8209.0
25200.0,TSL3_UpperScreen_spec.Room518a_WP1,11072.0
25200.0,TSL3_UpperScreen_spec.Room518a_WP2,7519.0
25200.0,TSL4_UpperScreen_spec.Room518a_WP1,14987.0
25200.0,TSL4_UpperScreen_spec.Room518a_WP2,14561.0
25300.0,Illuminance.Room518a_Ceiling,1165.83
25300.0,TSL1_LowerScreen_spec.Room518a_WP1,8296.0
25300.0,TSL1_LowerScreen_spec.Room518a_WP2,9303.0
25300.0,TSL2_Keyboard_spec.Room518a_WP1,15746.0
25300.0,TSL2_Keyboard_spec.Room518a_WP2,8209.0
25300.0,TSL3_UpperScreen_spec.Room518a_WP1,11072.0
25300.0,TSL3_UpperScreen_spec.Room518a_WP2,7519.0
25300.0,TSL4_UpperScreen_spec.Room518a_WP1,14987.0
25300.0,TSL4_UpperScreen_spec.Room518a_WP2,14561.0
25400.0,Illuminance.Room518a_Ceiling,1165.83
25400.0,TSL1_LowerScreen_spec.Room518a_WP1,8296.0
25400.0,TSL1_LowerScreen_spec.Room518a_WP2,9303.0
25400.0,TSL2_Keyboard_spec.Room518a_WP1,15746.0
25400.0,TSL2_Keyboard_spec.Room518a_WP2,8209.0
25400.0,TSL3_UpperScreen_spec.Room518a_WP1,11072.0
25400.0,TSL3_UpperScreen_spec.Room518a_WP2,7519.0
25400.0,TSL4_UpperScreen_spec.Room518a_WP1,14987.0
25400.0,TSL4_UpperScreen_spec.Room518a_WP2,14561.0
25500.0,Illuminance.Room518a_Ceiling,1165.83
25500.0,TSL1_LowerScreen_spec.Room518a_WP1,8296.0
25500.0,TSL1_LowerScreen_spec.Room518a_WP2,9303.0
25500.0,TSL2_Keyboard_spec.Room518a_WP1,15746.0
25500.0,TSL2_Keyboard_spec.Room518a_WP2,8209.0
25500.0,TSL3_UpperScreen_spec.Room518a_WP1,11072.0
25500.0,TSL3_UpperScreen_spec.Room518a_WP2,7519.0
25500.0,TSL4_UpperScreen_spec.Room518a_WP1,14987.0
25500.0,TSL4_UpperScreen_spec.Room518a_WP2,14561.0
25600.0,Illuminance.Room518a_Ceiling,1165.83
25600.0,TSL1_LowerScreen_spec.Room518a_WP1,8296.0
25600.0,TSL1_LowerScreen_spec.Room518a_WP2,9303.0
25600.0,TSL2_Keyboard_spec.Room518a_WP1,15746.0
25600.0,TSL2_Keyboard_spec.Room518a_WP2,8209.0
25600.0,TSL3_UpperScreen_spec.Room518a_WP1,11072.0
25600.0,TSL3_UpperScreen_spec.Room518a_WP2,7519.0
25600.0,TSL4_UpperScreen_spec.Room518a_WP1,14987.0
25600.0,TSL4_UpperScreen_spec.Room518a_WP2,14561.0
25700.0,Illuminance.Room518a_Ceiling,1165.83
25700.0,TSL1_LowerScreen_spec.Room518a_WP1,8296.0
25700.0,TSL1_LowerScreen_spec.Room518a_WP2,9303.0
25700.0,TSL2_Keyboard_spec.Room518a_WP1,15746.0
25700.0,TSL2_Keyboard_spec.Room518a_WP2,8209.0
25700.0,TSL3_UpperScreen_spec.Room518a_WP1,11072.0
25700.0,TSL3_UpperScreen_spec.Room518a_WP2,7519.0
25700.0,TSL4_UpperScreen_spec.Room518a_WP1,14987.0
25700.0,TSL4_UpperScreen_spec.Room518a_WP2,14561.0
25800.0,Illuminance.Room518a_Ceiling,1165.83
25800.0,TSL1_LowerScreen_spec.Room518a_WP1,8296.0
25800.0,TSL1_LowerScreen_spec.Room518a_WP2,9303.0
25800.0,TSL2_Keyboard_spec.Room518a_WP1,15746.0
25800.0,TSL2_Keyboard_spec.Room518a_WP2,8209.0
25800.0,TSL3_UpperScreen_spec.Room518a_WP1,11072.0
25800.0,TSL3_UpperScreen_spec.Room518a_WP2,7519.0
25800.0,TSL4_UpperScreen_spec.Room518a_WP1,14987.0
25800.0,TSL4_UpperScreen_spec.Room518a_WP2,14561.0
25900.0,Illuminance.Room518a_Ceiling,1165.83
25900.0,TSL1_LowerScreen_spec.Room518a_WP1,8296.0
25900.0,TSL1_LowerScreen_spec.Room518a_WP2,9303.0
25900.0,TSL2_Keyboard_spec.Room518a_WP1,15746.0
25900.0,TSL2_Keyboard_spec.Room518a_WP2,8209.0
25900.0,TSL3_UpperScreen_spec.Room518a_WP1,11072.0
25900.0,TSL3_UpperScreen_spec.Room518a_WP2,7519.0
25900.0,TSL4_UpperScreen_spec.Room518a_WP1,14987.0
25900.0,TSL4_UpperScreen_spec.Room518a_WP2,14561.0
26000.0,Illuminance.Room518a_Ceiling,1165.83
26000.0,TSL1_LowerScreen_spec.Room518a_WP1,8296.0
26000.0,TSL1_LowerScreen_spec.Room518a_WP2,9303.0
26000.0,TSL2_Keyboard_spec.Room518a_WP1,15746.0
26000.0,TSL2_Keyboard_spec.Room518a_WP2,8209.0
26000.0,TSL3_UpperScreen_spec.Room518a_WP1,11072.0
26000.0,TSL3_UpperScreen_spec.Room518a_WP2,7519.0
26000.0,TSL4_UpperScreen_spec.Room518a_WP1,14987.0
26000.0,TSL4_UpperScreen_spec.Room518a_WP2,14561.0
26100.0,Illuminance.Room518a_Ceiling,1165.83
26100.0,TSL1_LowerScreen_spec.Room518a_WP1,8296.0
26100.0,TSL1_LowerScreen_spec.Room518a_WP2,9303.0
26100.0,TSL2_Keyboard_spec.Room518a_WP1,15746.0
26100.0,TSL2_Keyboard_spec.Room518a_WP2,8209.0
26100.0,TSL3_UpperScreen_spec.Room518a_WP1,11072.0
26100.0,TSL3_UpperScreen_spec.Room518a_WP2,7519.0
26100.0,TSL4_UpperScreen_spec.Room518a_WP1,14987.0
26100.0,TSL4_UpperScreen_spec.Room518a_WP2,14561.0
26200.0,Illuminance.Room518a_Ceiling,1165.83
26200.0,TSL1_LowerScreen_spec.Room518a_WP1,8296.0
26200.0,TSL1_LowerScreen_spec.Room518a_WP2,9303.0
26200.0,TSL2_Keyboard_spec.Room518a_WP1,15746.0
26200.0,TSL2_Keyboard_spec.Room518a_WP2,8209.0
26200.0,TSL3_UpperScreen_spec.Room518a_WP1,11072.0
26200.0,TSL3_UpperScreen_spec.Room518a_WP2,7519.0
26200.0,TSL4_UpperScreen_spec.Room518a_WP1,14987.0
26200.0,TSL4_UpperScreen_spec.Room518a_WP2,14561.0
26300.0,Illuminance.Room518a_Ceiling,1165.83
26300.0,TSL1_LowerScreen_spec.Room518a_WP1,8296.0
26300.0,TSL1_LowerScreen_spec.Room518a_WP2,9303.0
26300.0,TSL2_Keyboard_spec.Room518a_WP1,15746.0
26300.0,TSL2_Keyboard_spec.Room518a_WP2,8209.0
26300.0,TSL3_UpperScreen_spec.Room518a_WP1,11072.0
26300.0,TSL3_UpperScreen_spec.Room518a_WP2,7519.0
26300.0,TSL4_UpperScreen_spec.Room518a_WP1,14987.0
26300.0,TSL4_UpperScreen_spec.Room518a_WP2,14561.0
26400.0,Illuminance.Room518a_Ceiling,1165.83
26400.0,TSL1_LowerScreen_spec.Room518a_WP1,8296.0
26400.0,TSL1_LowerScreen_spec.Room518a_WP2,9303.0
26400.0,TSL2_Keyboard_spec.Room518a_WP1,15746.0
26400.0,TSL2_Keyboard_spec.Room518a_WP2,8209.0
26400.0,TSL3_UpperScreen_spec.Room518a_WP1,11072.0
26400.0,TSL3_UpperScreen_spec.Room518a_WP2,7519.0
26400.0,TSL4_UpperScreen_spec.Room518a_WP1,14987.0
26400.0,TSL4_UpperScreen_spec.Room518a_WP2,14561.0
26500.0,Illuminance.Room518a_Ceiling,1165.83
26500.0,TSL1_LowerScreen_spec.Room518a_WP1,8296.0
26500.0,TSL1_LowerScreen_spec.Room518a_WP2,9303.0
26500.0,TSL2_Keyboard_spec.Room518a_WP1,15746.0
26500.0,TSL2_Keyboard_spec.Room518a_WP2,8209.0
26500.0,TSL3_UpperScreen_spec.Room518a_WP1,11072.0
26500.0,TSL3_UpperScreen_spec.Room518a_WP2,7519.0
26500.0,TSL4_UpperScreen_spec.Room518a_WP1,14987.0
26500.0,TSL4_UpperScreen_spec.Room518a_WP2,14561.0
26600.0,Illuminance.Room518a_Ceiling,1165.83
26600.0,TSL1_LowerScreen_spec.Room518a_WP1,8296.0
26600.0,TSL1_LowerScreen_spec.Room518a_WP2,9303.0
26600.0,TSL2_Keyboard_spec.Room518a_WP1,15746.0
26600.0,TSL2_Keyboard_spec.Room518a_WP2,8209.0
26600.0,TSL3_UpperScreen_spec.Room518a_WP1,11072.0
26600.0,TSL3_UpperScreen_spec.Room518a_WP2,7519.0
26600.0,TSL4_UpperScreen_spec.Room518a_WP1,14987.0
26600.0,TSL4_UpperScreen_spec.Room518a_WP2,14561.0
26700.0,Illuminance.Room518a_Ceiling,1165.83
26700.0,TSL1_LowerScreen_spec.Room518a_WP1,8296.0
26700.0,TSL1_LowerScreen_spec.Room518a_WP2,9303.0
26700.0,TSL2_Keyboard_spec.Room518a_WP1,15746.0
26700.0,TSL2_Keyboard_spec.Room518a_WP2,8209.0
26700.0,TSL3_UpperScreen_spec.Room518a_WP1,11072.0
26700.0,TSL3_UpperScreen_spec.Room518a_WP2,7519.0
26700.0,TSL4_UpperScreen_spec.Room518a_WP1,14987.0
26700.0,TSL4_UpperScreen_spec.Room518a_WP2,14561.0
26800.0,Illuminance.Room518a_Ceiling,1165.83
26800.0,TSL1_LowerScreen_spec.Room518a_WP1,8296.0
26800.0,TSL1_LowerScreen_spec.Room518a_WP2,9303.0
26800.0,TSL2_Keyboard_spec.Room518a_WP1,15746.0
26800.0,TSL2_Keyboard_spec.Room518a_WP2,8209.0
26800.0,TSL3_UpperScreen_spec.Room518a_WP1,11072.0
26800.0,TSL3_UpperScreen_spec.Room518a_WP2,7519.0
26800.0,TSL4_UpperScreen_spec.Room518a_WP1,14987.0
26800.0,TSL4_UpperScreen_spec.Room518a_WP2,14561.0
26900.0,Illuminance.Room518a_Ceiling,1165.83
26900.0,TSL1_LowerScreen_spec.Room518a_WP1,8296.0
26900.0,TSL1_LowerScreen_spec.Room518a_WP2,9303.0
26900.0,TSL2_Keyboard_spec.Room518a_WP1,15746.0
26900.0,TSL2_Keyboard_spec.Room518a_WP2,8209.0
26900.0,TSL3_UpperScreen_spec.Room518a_WP1,11072.0
26900.0,TSL3_UpperScreen_spec.Room518a_WP2,7519.0
26900.0,TSL4_UpperScreen_spec.Room518a_WP1,14987.0
26900.0,TSL4_UpperScreen_spec.Room518a_WP2,14561.0
27000.0,Illuminance.Room518a_Ceiling,1165.83
27000.0,TSL1_LowerScreen_spec.Room518a_WP1,8296.0
27000.0,TSL1_LowerScreen_spec.Room518a_WP2,9303.0
27000.0,TSL2_Keyboard_spec.Room518a_WP1,15746.0
27000.0,TSL2_Keyboard_spec.Room518a_WP2,8209.0
27000.0,TSL3_UpperScreen_spec.Room518a_WP1,11072.0
27000.0,TSL3_UpperScreen_spec.Room518a_WP2,7519.0
27000.0,TSL4_UpperScreen_spec.Room518a_WP1,14987.0
27000.0,TSL4_UpperScreen_spec.Room518a_WP2,14561.0
27100.0,Illuminance.Room518a_Ceiling,1165.83
27100.0,TSL1_LowerScreen_spec.Room518a_WP1,8296.0
27100.0,TSL1_LowerScreen_spec.Room518a_WP2,9303.0
27100.0,TSL2_Keyboard_spec.Room518a_WP1,15746.0
27100.0,TSL2_Keyboard_spec.Room518a_WP2,8209.0
27100.0,TSL3_UpperScreen_spec.Room518a_WP1,11072.0
27100.0,TSL3_UpperScreen_spec.Room518a_WP2,7519.0
27100.0,TSL4_UpperScreen_spec.Room518a_WP1,14987.0
27100.0,TSL4_UpperScreen_spec.Room518a_WP2,14561.0
27200.0,Illuminance.Room518a_Ceiling,1165.83
27200.0,TSL1_LowerScreen_spec.Room518a_WP1,8296.0
27200.0,TSL1_LowerScreen_spec.Room518a_WP2,9303.0
27200.0,TSL2_Keyboard_spec.Room518a_WP1,15746.0
27200.0,TSL2_Keyboard_spec.Room518a_WP2,8209.0
27200.0,TSL3_UpperScreen_spec.Room518a_WP1,11072.0
27200.0,TSL3_UpperScreen_spec.Room518a_WP2,7519.0
27200.0,TSL4_UpperScreen_spec.Room518a_WP1,14987.0
27200.0,TSL4_UpperScreen_spec.Room518a_WP2,14561.0
27300.0,Illuminance.Room518a_Ceiling,1165.83
27300.0,TSL1_LowerScreen_spec.Room518a_WP1,8296.0
27300.0,TSL1_LowerScreen_spec.Room518a_WP2,9303.0
27300.0,TSL2_Keyboard_spec.Room518a_WP1,15746.0
27300.0,TSL2_Keyboard_spec.Room518a_WP2,8209.0
27300.0,TSL3_UpperScreen_spec.Room518a_WP1,11072.0
27300.0,TSL3_UpperScreen_spec.Room518a_WP2,7519.0
27300.0,TSL4_UpperScreen_spec.Room518a_WP1,14987.0
27300.0,TSL4_UpperScreen_spec.Room518a_WP2,14561.0
27400.0,Illuminance.Room518a_Ceiling,1165.83
27400.0,TSL1_LowerScreen_spec.Room518a_WP1,8296.0
27400.0,TSL1_LowerScreen_spec.Room518a_WP2,9303.0
27400.0,TSL2_Keyboard_spec.Room518a_WP1,15746.0
27400.0,TSL2_Keyboard_spec.Room518a_WP2,8209.0
27400.0,TSL3_UpperScreen_spec.Room518a_WP1,11072.0
27400.0,TSL3_UpperScreen_spec.Room518a_WP2,7519.0
27400.0,TSL4_UpperScreen_spec.Room518a_WP1,14987.0
27400.0,TSL4_UpperScreen_spec.Room518a_WP2,14561.0
27500.0,Illuminance.Room518a_Ceiling,1176.67
27500.0,TSL1_LowerScreen_spec.Room518a_WP1,8296.0
27500.0,TSL1_LowerScreen_spec.Room518a_WP2,9303.0
27500.0,TSL2_Keyboard_spec.Room518a_WP1,15746.0
27500.0,TSL2_Keyboard_spec.Room518a_WP2,8209.0
27500.0,TSL3_UpperScreen_spec.Room518a_WP1,11072.0
27500.0,TSL3_UpperScreen_spec.Room518a_WP2,7519.0
27500.0,TSL4_UpperScreen_spec.Room518a_WP1,14987.0
27500.0,TSL4_UpperScreen_spec.Room518a_WP2,14561.0
27600.0,Illuminance.Room518a_Ceiling,1176.67
27600.0,TSL1_LowerScreen_spec.Room518a_WP1,8296.0
27600.0,TSL1_LowerScreen_spec.Room518a_WP2,9303.0
27600.0,TSL2_Keyboard_spec.Room518a_WP1,15746.0
27600.0,TSL2_Keyboard_spec.Room518a_WP2,8209.0
27600.0,TSL3_UpperScreen_spec.Room518a_WP1,11072.0
27600.0,TSL3_UpperScreen_spec.Room518a_WP2,7519.0
27600.0,TSL4_UpperScreen_spec.Room518a_WP1,14987.0
27600.0,TSL4_UpperScreen_spec.Room518a_WP2,14561.0
27700.0,Illuminance.Room518a_Ceiling,1176.67
27700.0,TSL1_LowerScreen_spec.Room518a_WP1,8296.0
27700.0,TSL1_LowerScreen_spec.Room518a_WP2,9303.0
27700.0,TSL2_Keyboard_spec.Room518a_WP1,15746.0
27700.0,TSL2_Keyboard_spec.Room518a_WP2,8209.0
27700.0,TSL3_UpperScreen_spec.Room518a_WP1,11072.0
27700.0,TSL3_UpperScreen_spec.Room518a_WP2,7519.0
27700.0,TSL4_UpperScreen_spec.Room518a_WP1,14987.0
27700.0,TSL4_UpperScreen_spec.Room518a_WP2,14561.0
27800.0,Illuminance.Room518a_Ceiling,1176.67
27800.0,TSL1_LowerScreen_spec.Room518a_WP1,8296.0
27800.0,TSL1_LowerScreen_spec.Room518a_WP2,9303.0
27800.0,TSL2_Keyboard_spec.Room518a_WP1,15746.0
27800.0,TSL2_Keyboard_spec.Room518a_WP2,8209.0
27800.0,TSL3_UpperScreen_spec.Room518a_WP1,11072.0
27800.0,TSL3_UpperScreen_spec.Room518a_WP2,7519.0
27800.0,TSL4_UpperScreen_spec.Room518a_WP1,14987.0
27800.0,TSL4_UpperScreen_spec.Room518a_WP2,14561.0
27900.0,Illuminance.Room518a_Ceiling,1176.67
27900.0,TSL1_LowerScreen_spec.Room518a_WP1,8296.0
27900.0,TSL1_LowerScreen_spec.Room518a_WP2,9303.0
27900.0,TSL2_Keyboard_spec.Room518a_WP1,15746.0
27900.0,TSL2_Keyboard_spec.Room518a_WP2,8209.0
27900.0,TSL3_UpperScreen_spec.Room518a_WP1,11072.0
27900.0,TSL3_UpperScreen_spec.Room518a_WP2,7519.0
27900.0,TSL4_UpperScreen_spec.Room518a_WP1,14987.0
27900.0,TSL4_UpperScreen_spec.Room518a_WP2,14561.0
28000.0,Illuminance.Room518a_Ceiling,1176.67
28000.0,TSL1_LowerScreen_spec.Room518a_WP1,8296.0
28000.0,TSL1_LowerScreen_spec.Room518a_WP2,9303.0
28000.0,TSL2_Keyboard_spec.Room518a_WP1,15746.0
28000.0,TSL2_Keyboard_spec.Room518a_WP2,8209.0
28000.0,TSL3_UpperScreen_spec.Room518a_WP1,11072.0
28000.0,TSL3_UpperScreen_spec.Room518a_WP2,7519.0
28000.0,TSL4_UpperScreen_spec.Room518a_WP1,14987.0
28000.0,TSL4_UpperScreen_spec.Room518a_WP2,14561.0
28100.0,Illuminance.Room518a_Ceiling,1176.67
28100.0,TSL1_LowerScreen_spec.Room518a_WP1,8296.0
28100.0,TSL1_LowerScreen_spec.Room518a_WP2,9303.0
28100.0,TSL2_Keyboard_spec.Room518a_WP1,15746.0
28100.0,TSL2_Keyboard_spec.Room518a_WP2,8209.0
28100.0,TSL3_UpperScreen_spec.Room518a_WP1,11072.0
28100.0,TSL3_UpperScreen_spec.Room518a_WP2,7519.0
28100.0,TSL4_UpperScreen_spec.Room518a_WP1,14987.0
28100.0,TSL4_UpperScreen_spec.Room518a_WP2,14561.0
28200.0,Illuminance.Room518a_Ceiling,1176.67
28200.0,TSL1_LowerScreen_spec.Room518a_WP1,8296.0
28200.0,TSL1_LowerScreen_spec.Room518a_WP2,9303.0
28200.0,TSL2_Keyboard_spec.Room518a_WP1,15746.0
28200.0,TSL2_Keyboard_spec.Room518a_WP2,8209.0
28200.0,TSL3_UpperScreen_spec.Room518a_WP1,11072.0
28200.0,TSL3_UpperScreen_spec.Room518a_WP2,7519.0
28200.0,TSL4_UpperScreen_spec.Room518a_WP1,14987.0
28200.0,TSL4_UpperScreen_spec.Room518a_WP2,14561.0
28300.0,Illuminance.Room518a_Ceiling,1176.67
28300.0,TSL1_LowerScreen_spec.Room518a_WP1,8296.0
28300.0,TSL1_LowerScreen_spec.Room518a_WP2,9303.0
28300.0,TSL2_Keyboard_spec.Room518a_WP1,15746.0
28300.0,TSL2_Keyboard_spec.Room518a_WP2,8209.0
28300.0,TSL3_UpperScreen_spec.Room518a_WP1,11072.0
28300.0,TSL3_UpperScreen_spec.Room518a_WP2,7519.0
28300.0,TSL4_UpperScreen_spec.Room518a_WP1,14987.0
28300.0,TSL4_UpperScreen_spec.Room518a_WP2,14561.0
28400.0,Illuminance.Room518a_Ceiling,1176.67
28400.0,TSL1_LowerScreen_spec.Room518a_WP1,8296.0
28400.0,TSL1_LowerScreen_spec.Room518a_WP2,9303.0
28400.0,TSL2_Keyboard_spec.Room518a_WP1,15746.0
28400.0,TSL2_Keyboard_spec.Room518a_WP2,8209.0
28400.0,TSL3_UpperScreen_spec.Room518a_WP1,11072.0
28400.0,TSL3_UpperScreen_spec.Room518a_WP2,7519.0
28400.0,TSL4_UpperScreen_spec.Room518a_WP1,14987.0
28400.0,TSL4_UpperScreen_spec.Room518a_WP2,14561.0
28500.0,Illuminance.Room518a_Ceiling,1176.67
28500.0,TSL1_LowerScreen_spec.Room518a_WP1,8371.0
28500.0,TSL1_LowerScreen_spec.Room518a_WP2,9389.0
28500.0,TSL2_Keyboard_spec.Room518a_WP1,15746.0
28500.0,TSL2_Keyboard_spec.Room518a_WP2,8209.0
28500.0,TSL3_UpperScreen_spec.Room518a_WP1,11072.0
28500.0,TSL3_UpperScreen_spec.Room518a_WP2,7519.0
28500.0,TSL4_UpperScreen_spec.Room518a_WP1,14987.0
28500.0,TSL4_UpperScreen_spec.Room518a_WP2,14561.0
28600.0,Illuminance.Room518a_Ceiling,1176.67
28600.0,TSL1_LowerScreen_spec.Room518a_WP1,8371.0
28600.0,TSL1_LowerScreen_spec.Room518a_WP2,9389.0
28600.0,TSL2_Keyboard_spec.Room518a_WP1,15746.0
28600.0,TSL2_Keyboard_spec.Room518a_WP2,8209.0
28600.0,TSL3_UpperScreen_spec.Room518a_WP1,11072.0
28600.0,TSL3_UpperScreen_spec.Room518a_WP2,7519.0
28600.0,TSL4_UpperScreen_spec.Room518a_WP1,14987.0
28600.0,TSL4_UpperScreen_spec.Room518a_WP2,14561.0
28700.0,Illuminance.Room518a_Ceiling,1176.67
28700.0,TSL1_LowerScreen_spec.Room518a_WP1,8371.0
28700.0,TSL1_LowerScreen_spec.Room518a_WP2,9389.0
28700.0,TSL2_Keyboard_spec.Room518a_WP1,15746.0
28700.0,TSL2_Keyboard_spec.Room518a_WP2,8209.0
28700.0,TSL3_UpperScreen_spec.Room518a_WP1,11072.0
28700.0,TSL3_UpperScreen_spec.Room518a_WP2,7519.0
28700.0,TSL4_UpperScreen_spec.Room518a_WP1,14987.0
28700.0,TSL4_UpperScreen_spec.Room518a_WP2,14561.0
28800.0,Illuminance.Room518a_Ceiling,1176.67
28800.0,TSL1_LowerScreen_spec.Room518a_WP1,8371.0
28800.0,TSL1_LowerScreen_spec.Room518a_WP2,9389.0
28800.0,TSL2_Keyboard_spec.Room518a_WP1,15852.0
28800.0,TSL2_Keyboard_spec.Room518a_WP2,8294.0
28800.0,TSL3_UpperScreen_spec.Room518a_WP1,11072.0
28800.0,TSL3_UpperScreen_spec.Room518a_WP2,7519.0
28800.0,TSL4_UpperScreen_spec.Room518a_WP1,14987.0
28800.0,TSL4_UpperScreen_spec.Room518a_WP2,14561.0
28900.0,Illuminance.Room518a_Ceiling,1176.67
28900.0,TSL1_LowerScreen_spec.Room518a_WP1,8371.0
28900.0,TSL1_LowerScreen_spec.Room518a_WP2,9389.0
28900.0,TSL2_Keyboard_spec.Room518a_WP1,15852.0
28900.0,TSL2_Keyboard_spec.Room518a_WP2,8294.0
28900.0,TSL3_UpperScreen_spec.Room518a_WP1,11072.0
28900.0,TSL3_UpperScreen_spec.Room518a_WP2,7519.0
28900.0,TSL4_UpperScreen_spec.Room518a_WP1,14987.0
28900.0,TSL4_UpperScreen_spec.Room518a_WP2,14561.0
29000.0,Illuminance.Room518a_Ceiling,1176.67
29000.0,TSL1_LowerScreen_spec.Room518a_WP1,8371.0
29000.0,TSL1_LowerScreen_spec.Room518a_WP2,9389.0
29000.0,TSL2_Keyboard_spec.Room518a_WP1,15852.0
29000.0,TSL2_Keyboard_spec.Room518a_WP2,8294.0
29000.0,TSL3_UpperScreen_spec.Room518a_WP1,11132.0
29000.0,TSL3_UpperScreen_spec.Room518a_WP2,7519.0
29000.0,TSL4_UpperScreen_spec.Room518a_WP1,14987.0
29000.0,TSL4_UpperScreen_spec.Room518a_WP2,14561.0
29100.0,Illuminance.Room518a_Ceiling,1176.67
29100.0,TSL1_LowerScreen_spec.Room518a_WP1,8371.0
29100.0,TSL1_LowerScreen_spec.Room518a_WP2,9389.0
29100.0,TSL2_Keyboard_spec.Room518a_WP1,15852.0
29100.0,TSL2_Keyboard_spec.Room518a_WP2,8294.0
29100.0,TSL3_UpperScreen_spec.Room518a_WP1,11132.0
29100.0,TSL3_UpperScreen_spec.Room518a_WP2,7560.0
29100.0,TSL4_UpperScreen_spec.Room518a_WP1,14987.0
29100.0,TSL4_UpperScreen_spec.Room518a_WP2,14561.0
29200.0,Illuminance.Room518a_Ceiling,1176.67
29200.0,TSL1_LowerScreen_spec.Room518a_WP1,8371.0
29200.0,TSL1_LowerScreen_spec.Room518a_WP2,9389.0
29200.0,TSL2_Keyboard_spec.Room518a_WP1,15852.0
29200.0,TSL2_Keyboard_spec.Room518a_WP2,8294.0
29200.0,TSL3_UpperScreen_spec.Room518a_WP1,11132.0
29200.0,TSL3_UpperScreen_spec.Room518a_WP2,7560.0
29200.0,TSL4_UpperScreen_spec.Room518a_WP1,14987.0
29200.0,TSL4_UpperScreen_spec.Room518a_WP2,14561.0
29300.0,Illuminance.Room518a_Ceiling,1176.67
29300.0,TSL1_LowerScreen_spec.Room518a_WP1,8371.0
29300.0,TSL1_LowerScreen_spec.Room518a_WP2,9389.0
29300.0,TSL2_Keyboard_spec.Room518a_WP1,15852.0
29300.0,TSL2_Keyboard_spec.Room518a_WP2,8294.0
29300.0,TSL3_UpperScreen_spec.Room518a_WP1,11132.0
29300.0,TSL3_UpperScreen_spec.Room518a_WP2,7560.0
29300.0,TSL4_UpperScreen_spec.Room518a_WP1,14987.0
29300.0,TSL4_UpperScreen_spec.Room518a_WP2,14561.0
29400.0,Illuminance.Room518a_Ceiling,1176.67
29400.0,TSL1_LowerScreen_spec.Room518a_WP1,8371.0
29400.0,TSL1_LowerScreen_spec.Room518a_WP2,9389.0
29400.0,TSL2_Keyboard_spec.Room518a_WP1,15852.0
29400.0,TSL2_Keyboard_spec.Room518a_WP2,8294.0
29400.0,TSL3_UpperScreen_spec.Room518a_WP1,11132.0
29400.0,TSL3_UpperScreen_spec.Room518a_WP2,7560.0
29400.0,TSL4_UpperScreen_spec.Room518a_WP1,15163.0
29400.0,TSL4_UpperScreen_spec.Room518a_WP2,14743.0
29500.0,Illuminance.Room518a_Ceiling,1176.67
29500.0,TSL1_LowerScreen_spec.Room518a_WP1,8371.0
29500.0,TSL1_LowerScreen_spec.Room518a_WP2,9389.0
29500.0,TSL2_Keyboard_spec.Room518a_WP1,15852.0
29500.0,TSL2_Keyboard_spec.Room518a_WP2,8294.0
29500.0,TSL3_UpperScreen_spec.Room518a_WP1,11132.0
29500.0,TSL3_UpperScreen_spec.Room518a_WP2,7560.0
29500.0,TSL4_UpperScreen_spec.Room518a_WP1,15163.0
29500.0,TSL4_UpperScreen_spec.Room518a_WP2,14743.0
29600.0,Illuminance.Room518a_Ceiling,1176.67
29600.0,TSL1_LowerScreen_spec.Room518a_WP1,8371.0
29600.0,TSL1_LowerScreen_spec.Room518a_WP2,9389.0
29600.0,TSL2_Keyboard_spec.Room518a_WP1,15852.0
29600.0,TSL2_Keyboard_spec.Room518a_WP2,8294.0
29600.0,TSL3_UpperScreen_spec.Room518a_WP1,11132.0
29600.0,TSL3_UpperScreen_spec.Room518a_WP2,7560.0
29600.0,TSL4_UpperScreen_spec.Room518a_WP1,15163.0
29600.0,TSL4_UpperScreen_spec.Room518a_WP2,14743.0
29700.0,Illuminance.Room518a_Ceiling,1176.67
29700.0,TSL1_LowerScreen_spec.Room518a_WP1,8371.0
29700.0,TSL1_LowerScreen_spec.Room518a_WP2,9389.0
29700.0,TSL2_Keyboard_spec.Room518a_WP1,15852.0
29700.0,TSL2_Keyboard_spec.Room518a_WP2,8294.0
29700.0,TSL3_UpperScreen_spec.Room518a_WP1,11132.0
29700.0,TSL3_UpperScreen_spec.Room518a_WP2,7560.0
29700.0,TSL4_UpperScreen_spec.Room518a_WP1,15163.0
29700.0,TSL4_UpperScreen_spec.Room518a_WP2,14743.0
29800.0,Illuminance.Room518a_Ceiling,1176.67
29800.0,TSL1_LowerScreen_spec.Room518a_WP1,8371.0
29800.0,TSL1_LowerScreen_spec.Room518a_WP2,9389.0
29800.0,TSL2_Keyboard_spec.Room518a_WP1,15852.0
29800.0,TSL2_Keyboard_spec.Room518a_WP2,8294.0
29800.0,TSL3_UpperScreen_spec.Room518a_WP1,11132.0
29800.0,TSL3_UpperScreen_spec.Room518a_WP2,7560.0
29800.0,TSL4_UpperScreen_spec.Room518a_WP1,15163.0
29800.0,TSL4_UpperScreen_spec.Room518a_WP2,14743.0
29900.0,Illuminance.Room518a_Ceiling,1176.67
29900.0,TSL1_LowerScreen_spec.Room518a_WP1,8371.0
29900.0,TSL1_LowerScreen_spec.Room518a_WP2,9389.0
29900.0,TSL2_Keyboard_spec.Room518a_WP1,15852.0
29900.0,TSL2_Keyboard_spec.Room518a_WP2,8294.0
29900.0,TSL3_UpperScreen_spec.Room518a_WP1,11132.0
29900.0,TSL3_UpperScreen_spec.Room518a_WP2,7560.0
29900.0,TSL4_UpperScreen_spec.Room518a_WP1,15163.0
29900.0,TSL4_UpperScreen_spec.Room518a_WP2,14743.0
