rel_time_ms,sensor,value
0.03,Illuminance.Room518a_Ceiling,184.17
0.03,TSL1_LowerScreen_spec.Room518a_WP1,668.0
0.03,TSL1_LowerScreen_spec.Room518a_WP2,853.0
0.03,TSL2_Keyboard_spec.Room518a_WP1,1421.0
0.03,TSL2_Keyboard_spec.Room518a_WP2,775.0
0.03,TSL3_UpperScreen_spec.Room518a_WP1,1569.0
0.03,TSL3_UpperScreen_spec.Room518a_WP2,681.0
0.03,TSL4_UpperScreen_spec.Room518a_WP1,1388.0
0.03,TSL4_UpperScreen_spec.Room518a_WP2,1248.0
101.14,Illuminance.Room518a_Ceiling,184.17
101.14,TSL1_LowerScreen_spec.Room518a_WP1,668.0
101.14,TSL1_LowerScreen_spec.Room518a_WP2,853.0
101.14,TSL2_Keyboard_spec.Room518a_WP1,1421.0
101.14,TSL2_Keyboard_spec.Room518a_WP2,775.0
101.14,TSL3_UpperScreen_spec.Room518a_WP1,1569.0
101.14,TSL3_UpperScreen_spec.Room518a_WP2,681.0
101.14,TSL4_UpperScreen_spec.Room518a_WP1,1388.0
101.14,TSL4_UpperScreen_spec.Room518a_WP2,1248.0
202.12,Illuminance.Room518a_Ceiling,184.17
202.12,TSL1_LowerScreen_spec.Room518a_WP1,685.0
202.12,TSL1_LowerScreen_spec.Room518a_WP2,853.0
202.12,TSL2_Keyboard_spec.Room518a_WP1,1421.0
202.12,TSL2_Keyboard_spec.Room518a_WP2,775.0
202.12,TSL3_UpperScreen_spec.Room518a_WP1,1569.0
202.12,TSL3_UpperScreen_spec.Room518a_WP2,681.0
202.12,TSL4_UpperScreen_spec.Room518a_WP1,1388.0
202.12,TSL4_UpperScreen_spec.Room518a_WP2,1248.0
303.28,Illuminance.Room518a_Ceiling,184.17
303.28,TSL1_LowerScreen_spec.Room518a_WP1,685.0
303.28,TSL1_LowerScreen_spec.Room518a_WP2,873.0
303.28,TSL2_Keyboard_spec.Room518a_WP1,1421.0
303.28,TSL2_Keyboard_spec.Room518a_WP2,775.0
303.28,TSL3_UpperScreen_spec.Room518a_WP1,1569.0
303.28,TSL3_UpperScreen_spec.Room518a_WP2,681.0
303.28,TSL4_UpperScreen_spec.Room518a_WP1,1388.0
303.28,TSL4_UpperScreen_spec.Room518a_WP2,1248.0
404.26,Illuminance.Room518a_Ceiling,184.17
404.26,TSL1_LowerScreen_spec.Room518a_WP1,685.0
404.26,TSL1_LowerScreen_spec.Room518a_WP2,873.0
404.26,TSL2_Keyboard_spec.Room518a_WP1,1421.0
404.26,TSL2_Keyboard_spec.Room518a_WP2,775.0
404.26,TSL3_UpperScreen_spec.Room518a_WP1,1569.0
404.26,TSL3_UpperScreen_spec.Room518a_WP2,681.0
404.26,TSL4_UpperScreen_spec.Room518a_WP1,1388.0
404.26,TSL4_UpperScreen_spec.Room518a_WP2,1248.0
505.44,Illuminance.Room518a_Ceiling,184.17
505.44,TSL1_LowerScreen_spec.Room518a_WP1,685.0
505.44,TSL1_LowerScreen_spec.Room518a_WP2,873.0
505.44,TSL2_Keyboard_spec.Room518a_WP1,1421.0
505.44,TSL2_Keyboard_spec.Room518a_WP2,775.0
505.44,TSL3_UpperScreen_spec.Room518a_WP1,1569.0
505.44,TSL3_UpperScreen_spec.Room518a_WP2,681.0
505.44,TSL4_UpperScreen_spec.Room518a_WP1,1388.0
505.44,TSL4_UpperScreen_spec.Room518a_WP2,1248.0
605.63,Illuminance.Room518a_Ceiling,184.17
605.63,TSL1_LowerScreen_spec.Room518a_WP1,685.0
605.63,TSL1_LowerScreen_spec.Room518a_WP2,873.0
605.63,TSL2_Keyboard_spec.Room518a_WP1,1421.0
605.63,TSL2_Keyboard_spec.Room518a_WP2,775.0
605.63,TSL3_UpperScreen_spec.Room518a_WP1,1569.0
605.63,TSL3_UpperScreen_spec.Room518a_WP2,681.0
605.63,TSL4_UpperScreen_spec.Room518a_WP1,1388.0
605.63,TSL4_UpperScreen_spec.Room518a_WP2,1248.0
706.77,Illuminance.Room518a_Ceiling,184.17
706.77,TSL1_LowerScreen_spec.Room518a_WP1,685.0
706.77,TSL1_LowerScreen_spec.Room518a_WP2,873.0
706.77,TSL2_Keyboard_spec.Room518a_WP1,1421.0
706.77,TSL2_Keyboard_spec.Room518a_WP2,775.0
706.77,TSL3_UpperScreen_spec.Room518a_WP1,1569.0
706.77,TSL3_UpperScreen_spec.Room518a_WP2,681.0
706.77,TSL4_UpperScreen_spec.Room518a_WP1,1388.0
706.77,TSL4_UpperScreen_spec.Room518a_WP2,1248.0
807.06,Illuminance.Room518a_Ceiling,184.17
807.06,TSL1_LowerScreen_spec.Room518a_WP1,685.0
807.06,TSL1_LowerScreen_spec.Room518a_WP2,873.0
807.06,TSL2_Keyboard_spec.Room518a_WP1,1421.0
807.06,TSL2_Keyboard_spec.Room518a_WP2,775.0
807.06,TSL3_UpperScreen_spec.Room518a_WP1,1569.0
807.06,TSL3_UpperScreen_spec.Room518a_WP2,681.0
807.06,TSL4_UpperScreen_spec.Room518a_WP1,1388.0
807.06,TSL4_UpperScreen_spec.Room518a_WP2,1248.0
908.27,Illuminance.Room518a_Ceiling,184.17
908.27,TSL1_LowerScreen_spec.Room518a_WP1,685.0
908.27,TSL1_LowerScreen_spec.Room518a_WP2,873.0
908.27,TSL2_Keyboard_spec.Room518a_WP1,1421.0
908.27,TSL2_Keyboard_spec.Room518a_WP2,775.0
908.27,TSL3_UpperScreen_spec.Room518a_WP1,1569.0
908.27,TSL3_UpperScreen_spec.Room518a_WP2,681.0
908.27,TSL4_UpperScreen_spec.Room518a_WP1,1388.0
908.27,TSL4_UpperScreen_spec.Room518a_WP2,1248.0
1008.74,Illuminance.Room518a_Ceiling,184.17
1008.74,TSL1_LowerScreen_spec.Room518a_WP1,685.0
1008.74,TSL1_LowerScreen_spec.Room518a_WP2,873.0
1008.74,TSL2_Keyboard_spec.Room518a_WP1,1421.0
1008.74,TSL2_Keyboard_spec.Room518a_WP2,775.0
1008.74,TSL3_UpperScreen_spec.Room518a_WP1,1569.0
1008.74,TSL3_UpperScreen_spec.Room518a_WP2,681.0
1008.74,TSL4_UpperScreen_spec.Room518a_WP1,1388.0
1008.74,TSL4_UpperScreen_spec.Room518a_WP2,1248.0
1109.93,Illuminance.Room518a_Ceiling,184.17
1109.93,TSL1_LowerScreen_spec.Room518a_WP1,685.0
1109.93,TSL1_LowerScreen_spec.Room518a_WP2,873.0
1109.93,TSL2_Keyboard_spec.Room518a_WP1,1421.0
1109.93,TSL2_Keyboard_spec.Room518a_WP2,775.0
1109.93,TSL3_UpperScreen_spec.Room518a_WP1,1569.0
1109.93,TSL3_UpperScreen_spec.Room518a_WP2,681.0
1109.93,TSL4_UpperScreen_spec.Room518a_WP1,1388.0
1109.93,TSL4_UpperScreen_spec.Room518a_WP2,1248.0
1211.12,Illuminance.Room518a_Ceiling,184.17
1211.12,TSL1_LowerScreen_spec.Room518a_WP1,685.0
1211.12,TSL1_LowerScreen_spec.Room518a_WP2,873.0
1211.12,TSL2_Keyboard_spec.Room518a_WP1,1455.0
1211.12,TSL2_Keyboard_spec.Room518a_WP2,792.0
1211.12,TSL3_UpperScreen_spec.Room518a_WP1,1569.0
1211.12,TSL3_UpperScreen_spec.Room518a_WP2,681.0
1211.12,TSL4_UpperScreen_spec.Room518a_WP1,1388.0
1211.12,TSL4_UpperScreen_spec.Room518a_WP2,1248.0
1312.29,Illuminance.Room518a_Ceiling,184.17
1312.29,TSL1_LowerScreen_spec.Room518a_WP1,685.0
1312.29,TSL1_LowerScreen_spec.Room518a_WP2,873.0
1312.29,TSL2_Keyboard_spec.Room518a_WP1,1455.0
1312.29,TSL2_Keyboard_spec.Room518a_WP2,792.0
1312.29,TSL3_UpperScreen_spec.Room518a_WP1,1569.0
1312.29,TSL3_UpperScreen_spec.Room518a_WP2,681.0
1312.29,TSL4_UpperScreen_spec.Room518a_WP1,1388.0
1312.29,TSL4_UpperScreen_spec.Room518a_WP2,1248.0
1413.49,Illuminance.Room518a_Ceiling,184.17
1413.49,TSL1_LowerScreen_spec.Room518a_WP1,685.0
1413.49,TSL1_LowerScreen_spec.Room518a_WP2,873.0
1413.49,TSL2_Keyboard_spec.Room518a_WP1,1455.0
1413.49,TSL2_Keyboard_spec.Room518a_WP2,792.0
1413.49,TSL3_UpperScreen_spec.Room518a_WP1,1569.0
1413.49,TSL3_UpperScreen_spec.Room518a_WP2,681.0
1413.49,TSL4_UpperScreen_spec.Room518a_WP1,1388.0
1413.49,TSL4_UpperScreen_spec.Room518a_WP2,1248.0
1514.71,Illuminance.Room518a_Ceiling,184.17
1514.71,TSL1_LowerScreen_spec.Room518a_WP1,685.0
1514.71,TSL1_LowerScreen_spec.Room518a_WP2,873.0
1514.71,TSL2_Keyboard_spec.Room518a_WP1,1455.0
1514.71,TSL2_Keyboard_spec.Room518a_WP2,792.0
1514.71,TSL3_UpperScreen_spec.Room518a_WP1,1569.0
1514.71,TSL3_UpperScreen_spec.Room518a_WP2,681.0
1514.71,TSL4_UpperScreen_spec.Room518a_WP1,1388.0
1514.71,TSL4_UpperScreen_spec.Room518a_WP2,1248.0
1615.87,Illuminance.Room518a_Ceiling,184.17
1615.87,TSL1_LowerScreen_spec.Room518a_WP1,685.0
1615.87,TSL1_LowerScreen_spec.Room518a_WP2,873.0
1615.87,TSL2_Keyboard_spec.Room518a_WP1,1455.0
1615.87,TSL2_Keyboard_spec.Room518a_WP2,792.0
1615.87,TSL3_UpperScreen_spec.Room518a_WP1,1569.0
1615.87,TSL3_UpperScreen_spec.Room518a_WP2,681.0
1615.87,TSL4_UpperScreen_spec.Room518a_WP1,1388.0
1615.87,TSL4_UpperScreen_spec.Room518a_WP2,1248.0
1716.79,Illuminance.Room518a_Ceiling,184.17
1716.79,TSL1_LowerScreen_spec.Room518a_WP1,685.0
1716.79,TSL1_LowerScreen_spec.Room518a_WP2,873.0
1716.79,TSL2_Keyboard_spec.Room518a_WP1,1455.0
1716.79,TSL2_Keyboard_spec.Room518a_WP2,792.0
1716.79,TSL3_UpperScreen_spec.Room518a_WP1,1607.0
1716.79,TSL3_UpperScreen_spec.Room518a_WP2,681.0
1716.79,TSL4_UpperScreen_spec.Room518a_WP1,1388.0
1716.79,TSL4_UpperScreen_spec.Room518a_WP2,1248.0
1817.16,Illuminance.Room518a_Ceiling,184.17
1817.16,TSL1_LowerScreen_spec.Room518a_WP1,685.0
1817.16,TSL1_LowerScreen_spec.Room518a_WP2,873.0
1817.16,TSL2_Keyboard_spec.Room518a_WP1,1455.0
1817.16,TSL2_Keyboard_spec.Room518a_WP2,792.0
1817.16,TSL3_UpperScreen_spec.Room518a_WP1,1607.0
1817.16,TSL3_UpperScreen_spec.Room518a_WP2,696.0
1817.16,TSL4_UpperScreen_spec.Room518a_WP1,1388.0
1817.16,TSL4_UpperScreen_spec.Room518a_WP2,1248.0
1917.34,Illuminance.Room518a_Ceiling,184.17
1917.34,TSL1_LowerScreen_spec.Room518a_WP1,685.0
1917.34,TSL1_LowerScreen_spec.Room518a_WP2,873.0
1917.34,TSL2_Keyboard_spec.Room518a_WP1,1455.0
1917.34,TSL2_Keyboard_spec.Room518a_WP2,792.0
1917.34,TSL3_UpperScreen_spec.Room518a_WP1,1607.0
1917.34,TSL3_UpperScreen_spec.Room518a_WP2,696.0
1917.34,TSL4_UpperScreen_spec.Room518a_WP1,1388.0
1917.34,TSL4_UpperScreen_spec.Room518a_WP2,1248.0
2018.51,Illuminance.Room518a_Ceiling,184.17
2018.51,TSL1_LowerScreen_spec.Room518a_WP1,685.0
2018.51,TSL1_LowerScreen_spec.Room518a_WP2,873.0
2018.51,TSL2_Keyboard_spec.Room518a_WP1,1455.0
2018.51,TSL2_Keyboard_spec.Room518a_WP2,792.0
2018.51,TSL3_UpperScreen_spec.Room518a_WP1,1607.0
2018.51,TSL3_UpperScreen_spec.Room518a_WP2,696.0
2018.51,TSL4_UpperScreen_spec.Room518a_WP1,1388.0
2018.51,TSL4_UpperScreen_spec.Room518a_WP2,1248.0
2119.65,Illuminance.Room518a_Ceiling,184.17
2119.65,TSL1_LowerScreen_spec.Room518a_WP1,685.0
2119.65,TSL1_LowerScreen_spec.Room518a_WP2,873.0
2119.65,TSL2_Keyboard_spec.Room518a_WP1,1455.0
2119.65,TSL2_Keyboard_spec.Room518a_WP2,792.0
2119.65,TSL3_UpperScreen_spec.Room518a_WP1,1607.0
2119.65,TSL3_UpperScreen_spec.Room518a_WP2,696.0
2119.65,TSL4_UpperScreen_spec.Room518a_WP1,1388.0
2119.65,TSL4_UpperScreen_spec.Room518a_WP2,1248.0
2220.84,Illuminance.Room518a_Ceiling,184.17
2220.84,TSL1_LowerScreen_spec.Room518a_WP1,685.0
2220.84,TSL1_LowerScreen_spec.Room518a_WP2,873.0
2220.84,TSL2_Keyboard_spec.Room518a_WP1,1455.0
2220.84,TSL2_Keyboard_spec.Room518a_WP2,792.0
2220.84,TSL3_UpperScreen_spec.Room518a_WP1,1607.0
2220.84,TSL3_UpperScreen_spec.Room518a_WP2,696.0
2220.84,TSL4_UpperScreen_spec.Room518a_WP1,1388.0
2220.84,TSL4_UpperScreen_spec.Room518a_WP2,1248.0
2322.0,Illuminance.Room518a_Ceiling,184.17
2322.0,TSL1_LowerScreen_spec.Room518a_WP1,685.0
2322.0,TSL1_LowerScreen_spec.Room518a_WP2,873.0
2322.0,TSL2_Keyboard_spec.Room518a_WP1,1455.0
2322.0,TSL2_Keyboard_spec.Room518a_WP2,792.0
2322.0,TSL3_UpperScreen_spec.Room518a_WP1,1607.0
2322.0,TSL3_UpperScreen_spec.Room518a_WP2,696.0
2322.0,TSL4_UpperScreen_spec.Room518a_WP1,1388.0
2322.0,TSL4_UpperScreen_spec.Room518a_WP2,1248.0
2423.19,Illuminance.Room518a_Ceiling,184.17
2423.19,TSL1_LowerScreen_spec.Room518a_WP1,685.0
2423.19,TSL1_LowerScreen_spec.Room518a_WP2,873.0
2423.19,TSL2_Keyboard_spec.Room518a_WP1,1455.0
2423.19,TSL2_Keyboard_spec.Room518a_WP2,792.0
2423.19,TSL3_UpperScreen_spec.Room518a_WP1,1607.0
2423.19,TSL3_UpperScreen_spec.Room518a_WP2,696.0
2423.19,TSL4_UpperScreen_spec.Room518a_WP1,1388.0
2423.19,TSL4_UpperScreen_spec.Room518a_WP2,1248.0
2523.71,Illuminance.Room518a_Ceiling,184.17
2523.71,TSL1_LowerScreen_spec.Room518a_WP1,685.0
2523.71,TSL1_LowerScreen_spec.Room518a_WP2,873.0
2523.71,TSL2_Keyboard_spec.Room518a_WP1,1455.0
2523.71,TSL2_Keyboard_spec.Room518a_WP2,792.0
2523.71,TSL3_UpperScreen_spec.Room518a_WP1,1607.0
2523.71,TSL3_UpperScreen_spec.Room518a_WP2,696.0
2523.71,TSL4_UpperScreen_spec.Room518a_WP1,1388.0
2523.71,TSL4_UpperScreen_spec.Room518a_WP2,1248.0
2624.89,Illuminance.Room518a_Ceiling,184.17
2624.89,TSL1_LowerScreen_spec.Room518a_WP1,685.0
2624.89,TSL1_LowerScreen_spec.Room518a_WP2,873.0
2624.89,TSL2_Keyboard_spec.Room518a_WP1,1455.0
2624.89,TSL2_Keyboard_spec.Room518a_WP2,792.0
2624.89,TSL3_UpperScreen_spec.Room518a_WP1,1607.0
2624.89,TSL3_UpperScreen_spec.Room518a_WP2,696.0
2624.89,TSL4_UpperScreen_spec.Room518a_WP1,1388.0
2624.89,TSL4_UpperScreen_spec.Room518a_WP2,1248.0
2726.03,Illuminance.Room518a_Ceiling,184.17
2726.03,TSL1_LowerScreen_spec.Room518a_WP1,685.0
2726.03,TSL1_LowerScreen_spec.Room518a_WP2,873.0
2726.03,TSL2_Keyboard_spec.Room518a_WP1,1455.0
2726.03,TSL2_Keyboard_spec.Room518a_WP2,792.0
2726.03,TSL3_UpperScreen_spec.Room518a_WP1,1607.0
2726.03,TSL3_UpperScreen_spec.Room518a_WP2,696.0
2726.03,TSL4_UpperScreen_spec.Room518a_WP1,1422.0
2726.03,TSL4_UpperScreen_spec.Room518a_WP2,1248.0
2827.24,Illuminance.Room518a_Ceiling,184.17
2827.24,TSL1_LowerScreen_spec.Room518a_WP1,685.0
2827.24,TSL1_LowerScreen_spec.Room518a_WP2,873.0
2827.24,TSL2_Keyboard_spec.Room518a_WP1,1455.0
2827.24,TSL2_Keyboard_spec.Room518a_WP2,792.0
2827.24,TSL3_UpperScreen_spec.Room518a_WP1,1607.0
2827.24,TSL3_UpperScreen_spec.Room518a_WP2,696.0
2827.24,TSL4_UpperScreen_spec.Room518a_WP1,1422.0
2827.24,TSL4_UpperScreen_spec.Room518a_WP2,1275.0
2927.48,Illuminance.Room518a_Ceiling,184.17
2927.48,TSL1_LowerScreen_spec.Room518a_WP1,685.0
2927.48,TSL1_LowerScreen_spec.Room518a_WP2,873.0
2927.48,TSL2_Keyboard_spec.Room518a_WP1,1455.0
2927.48,TSL2_Keyboard_spec.Room518a_WP2,792.0
2927.48,TSL3_UpperScreen_spec.Room518a_WP1,1607.0
2927.48,TSL3_UpperScreen_spec.Room518a_WP2,696.0
2927.48,TSL4_UpperScreen_spec.Room518a_WP1,1422.0
2927.48,TSL4_UpperScreen_spec.Room518a_WP2,1275.0
3028.64,Illuminance.Room518a_Ceiling,184.17
3028.64,TSL1_LowerScreen_spec.Room518a_WP1,685.0
3028.64,TSL1_LowerScreen_spec.Room518a_WP2,873.0
3028.64,TSL2_Keyboard_spec.Room518a_WP1,1455.0
3028.64,TSL2_Keyboard_spec.Room518a_WP2,792.0
3028.64,TSL3_UpperScreen_spec.Room518a_WP1,1607.0
3028.64,TSL3_UpperScreen_spec.Room518a_WP2,696.0
3028.64,TSL4_UpperScreen_spec.Room518a_WP1,1422.0
3028.64,TSL4_UpperScreen_spec.Room518a_WP2,1275.0
3129.98,Illuminance.Room518a_Ceiling,184.17
3129.98,TSL1_LowerScreen_spec.Room518a_WP1,685.0
3129.98,TSL1_LowerScreen_spec.Room518a_WP2,873.0
3129.98,TSL2_Keyboard_spec.Room518a_WP1,1455.0
3129.98,TSL2_Keyboard_spec.Room518a_WP2,792.0
3129.98,TSL3_UpperScreen_spec.Room518a_WP1,1607.0
3129.98,TSL3_UpperScreen_spec.Room518a_WP2,696.0
3129.98,TSL4_UpperScreen_spec.Room518a_WP1,1422.0
3129.98,TSL4_UpperScreen_spec.Room518a_WP2,1275.0
3231.13,Illuminance.Room518a_Ceiling,184.17
3231.13,TSL1_LowerScreen_spec.Room518a_WP1,685.0
3231.13,TSL1_LowerScreen_spec.Room518a_WP2,873.0
3231.13,TSL2_Keyboard_spec.Room518a_WP1,1455.0
3231.13,TSL2_Keyboard_spec.Room518a_WP2,792.0
3231.13,TSL3_UpperScreen_spec.Room518a_WP1,1607.0
3231.13,TSL3_UpperScreen_spec.Room518a_WP2,696.0
3231.13,TSL4_UpperScreen_spec.Room518a_WP1,1422.0
3231.13,TSL4_UpperScreen_spec.Room518a_WP2,1275.0
3331.27,Illuminance.Room518a_Ceiling,184.17
3331.27,TSL1_LowerScreen_spec.Room518a_WP1,685.0
3331.27,TSL1_LowerScreen_spec.Room518a_WP2,873.0
3331.27,TSL2_Keyboard_spec.Room518a_WP1,1455.0
3331.27,TSL2_Keyboard_spec.Room518a_WP2,792.0
3331.27,TSL3_UpperScreen_spec.Room518a_WP1,1607.0
3331.27,TSL3_UpperScreen_spec.Room518a_WP2,696.0
3331.27,TSL4_UpperScreen_spec.Room518a_WP1,1422.0
3331.27,TSL4_UpperScreen_spec.Room518a_WP2,1275.0
3431.57,Illuminance.Room518a_Ceiling,184.17
3431.57,TSL1_LowerScreen_spec.Room518a_WP1,685.0
3431.57,TSL1_LowerScreen_spec.Room518a_WP2,873.0
3431.57,TSL2_Keyboard_spec.Room518a_WP1,1455.0
3431.57,TSL2_Keyboard_spec.Room518a_WP2,792.0
3431.57,TSL3_UpperScreen_spec.Room518a_WP1,1607.0
3431.57,TSL3_UpperScreen_spec.Room518a_WP2,696.0
3431.57,TSL4_UpperScreen_spec.Room518a_WP1,1422.0
3431.57,TSL4_UpperScreen_spec.Room518a_WP2,1275.0
3532.43,Illuminance.Room518a_Ceiling,184.17
3532.43,TSL1_LowerScreen_spec.Room518a_WP1,685.0
3532.43,TSL1_LowerScreen_spec.Room518a_WP2,873.0
3532.43,TSL2_Keyboard_spec.Room518a_WP1,1455.0
3532.43,TSL2_Keyboard_spec.Room518a_WP2,792.0
3532.43,TSL3_UpperScreen_spec.Room518a_WP1,1607.0
3532.43,TSL3_UpperScreen_spec.Room518a_WP2,696.0
3532.43,TSL4_UpperScreen_spec.Room518a_WP1,1422.0
3532.43,TSL4_UpperScreen_spec.Room518a_WP2,1275.0
3632.97,Illuminance.Room518a_Ceiling,184.17
3632.97,TSL1_LowerScreen_spec.Room518a_WP1,685.0
3632.97,TSL1_LowerScreen_spec.Room518a_WP2,873.0
3632.97,TSL2_Keyboard_spec.Room518a_WP1,1455.0
3632.97,TSL2_Keyboard_spec.Room518a_WP2,792.0
3632.97,TSL3_UpperScreen_spec.Room518a_WP1,1607.0
3632.97,TSL3_UpperScreen_spec.Room518a_WP2,696.0
3632.97,TSL4_UpperScreen_spec.Room518a_WP1,1422.0
3632.97,TSL4_UpperScreen_spec.Room518a_WP2,1275.0
3734.13,Illuminance.Room518a_Ceiling,184.17
3734.13,TSL1_LowerScreen_spec.Room518a_WP1,685.0
3734.13,TSL1_LowerScreen_spec.Room518a_WP2,873.0
3734.13,TSL2_Keyboard_spec.Room518a_WP1,1455.0
3734.13,TSL2_Keyboard_spec.Room518a_WP2,792.0
3734.13,TSL3_UpperScreen_spec.Room518a_WP1,1607.0
3734.13,TSL3_UpperScreen_spec.Room518a_WP2,696.0
3734.13,TSL4_UpperScreen_spec.Room518a_WP1,1422.0
3734.13,TSL4_UpperScreen_spec.Room518a_WP2,1275.0
3834.64,Illuminance.Room518a_Ceiling,184.17
3834.64,TSL1_LowerScreen_spec.Room518a_WP1,685.0
3834.64,TSL1_LowerScreen_spec.Room518a_WP2,873.0
3834.64,TSL2_Keyboard_spec.Room518a_WP1,1455.0
3834.64,TSL2_Keyboard_spec.Room518a_WP2,792.0
3834.64,TSL3_UpperScreen_spec.Room518a_WP1,1607.0
3834.64,TSL3_UpperScreen_spec.Room518a_WP2,696.0
3834.64,TSL4_UpperScreen_spec.Room518a_WP1,1422.0
3834.64,TSL4_UpperScreen_spec.Room518a_WP2,1275.0
3935.77,Illuminance.Room518a_Ceiling,184.17
3935.77,TSL1_LowerScreen_spec.Room518a_WP1,685.0
3935.77,TSL1_LowerScreen_spec.Room518a_WP2,873.0
3935.77,TSL2_Keyboard_spec.Room518a_WP1,1455.0
3935.77,TSL2_Keyboard_spec.Room518a_WP2,792.0
3935.77,TSL3_UpperScreen_spec.Room518a_WP1,1607.0
3935.77,TSL3_UpperScreen_spec.Room518a_WP2,696.0
3935.77,TSL4_UpperScreen_spec.Room518a_WP1,1422.0
3935.77,TSL4_UpperScreen_spec.Room518a_WP2,1275.0
4036.01,Illuminance.Room518a_Ceiling,184.17
4036.01,TSL1_LowerScreen_spec.Room518a_WP1,685.0
4036.01,TSL1_LowerScreen_spec.Room518a_WP2,873.0
4036.01,TSL2_Keyboard_spec.Room518a_WP1,1455.0
4036.01,TSL2_Keyboard_spec.Room518a_WP2,792.0
4036.01,TSL3_UpperScreen_spec.Room518a_WP1,1607.0
4036.01,TSL3_UpperScreen_spec.Room518a_WP2,696.0
4036.01,TSL4_UpperScreen_spec.Room518a_WP1,1422.0
4036.01,TSL4_UpperScreen_spec.Room518a_WP2,1275.0
4137.15,Illuminance.Room518a_Ceiling,184.17
4137.15,TSL1_LowerScreen_spec.Room518a_WP1,685.0
4137.15,TSL1_LowerScreen_spec.Room518a_WP2,873.0
4137.15,TSL2_Keyboard_spec.Room518a_WP1,1455.0
4137.15,TSL2_Keyboard_spec.Room518a_WP2,792.0
4137.15,TSL3_UpperScreen_spec.Room518a_WP1,1607.0
4137.15,TSL3_UpperScreen_spec.Room518a_WP2,696.0
4137.15,TSL4_UpperScreen_spec.Room518a_WP1,1422.0
4137.15,TSL4_UpperScreen_spec.Room518a_WP2,1275.0
4238.09,Illuminance.Room518a_Ceiling,184.17
4238.09,TSL1_LowerScreen_spec.Room518a_WP1,685.0
4238.09,TSL1_LowerScreen_spec.Room518a_WP2,873.0
4238.09,TSL2_Keyboard_spec.Room518a_WP1,1455.0
4238.09,TSL2_Keyboard_spec.Room518a_WP2,792.0
4238.09,TSL3_UpperScreen_spec.Room518a_WP1,1607.0
4238.09,TSL3_UpperScreen_spec.Room518a_WP2,696.0
4238.09,TSL4_UpperScreen_spec.Room518a_WP1,1422.0
4238.09,TSL4_UpperScreen_spec.Room518a_WP2,1275.0
4338.38,Illuminance.Room518a_Ceiling,184.17
4338.38,TSL1_LowerScreen_spec.Room518a_WP1,685.0
4338.38,TSL1_LowerScreen_spec.Room518a_WP2,873.0
4338.38,TSL2_Keyboard_spec.Room518a_WP1,1455.0
4338.38,TSL2_Keyboard_spec.Room518a_WP2,792.0
4338.38,TSL3_UpperScreen_spec.Room518a_WP1,1607.0
4338.38,TSL3_UpperScreen_spec.Room518a_WP2,696.0
4338.38,TSL4_UpperScreen_spec.Room518a_WP1,1422.0
4338.38,TSL4_UpperScreen_spec.Room518a_WP2,1275.0
4439.57,Illuminance.Room518a_Ceiling,184.17
4439.57,TSL1_LowerScreen_spec.Room518a_WP1,685.0
4439.57,TSL1_LowerScreen_spec.Room518a_WP2,873.0
4439.57,TSL2_Keyboard_spec.Room518a_WP1,1455.0
4439.57,TSL2_Keyboard_spec.Room518a_WP2,792.0
4439.57,TSL3_UpperScreen_spec.Room518a_WP1,1607.0
4439.57,TSL3_UpperScreen_spec.Room518a_WP2,696.0
4439.57,TSL4_UpperScreen_spec.Room518a_WP1,1422.0
4439.57,TSL4_UpperScreen_spec.Room518a_WP2,1275.0
4539.92,Illuminance.Room518a_Ceiling,184.17
4539.92,TSL1_LowerScreen_spec.Room518a_WP1,685.0
4539.92,TSL1_LowerScreen_spec.Room518a_WP2,873.0
4539.92,TSL2_Keyboard_spec.Room518a_WP1,1455.0
4539.92,TSL2_Keyboard_spec.Room518a_WP2,792.0
4539.92,TSL3_UpperScreen_spec.Room518a_WP1,1607.0
4539.92,TSL3_UpperScreen_spec.Room518a_WP2,696.0
4539.92,TSL4_UpperScreen_spec.Room518a_WP1,1422.0
4539.92,TSL4_UpperScreen_spec.Room518a_WP2,1275.0
4640.14,Illuminance.Room518a_Ceiling,184.17
4640.14,TSL1_LowerScreen_spec.Room518a_WP1,685.0
4640.14,TSL1_LowerScreen_spec.Room518a_WP2,873.0
4640.14,TSL2_Keyboard_spec.Room518a_WP1,1455.0
4640.14,TSL2_Keyboard_spec.Room518a_WP2,792.0
4640.14,TSL3_UpperScreen_spec.Room518a_WP1,1607.0
4640.14,TSL3_UpperScreen_spec.Room518a_WP2,696.0
4640.14,TSL4_UpperScreen_spec.Room518a_WP1,1422.0
4640.14,TSL4_UpperScreen_spec.Room518a_WP2,1275.0
4740.51,Illuminance.Room518a_Ceiling,184.17
4740.51,TSL1_LowerScreen_spec.Room518a_WP1,685.0
4740.51,TSL1_LowerScreen_spec.Room518a_WP2,873.0
4740.51,TSL2_Keyboard_spec.Room518a_WP1,1455.0
4740.51,TSL2_Keyboard_spec.Room518a_WP2,792.0
4740.51,TSL3_UpperScreen_spec.Room518a_WP1,1607.0
4740.51,TSL3_UpperScreen_spec.Room518a_WP2,696.0
4740.51,TSL4_UpperScreen_spec.Room518a_WP1,1422.0
4740.51,TSL4_UpperScreen_spec.Room518a_WP2,1275.0
4840.73,Illuminance.Room518a_Ceiling,184.17
4840.73,TSL1_LowerScreen_spec.Room518a_WP1,685.0
4840.73,TSL1_LowerScreen_spec.Room518a_WP2,873.0
4840.73,TSL2_Keyboard_spec.Room518a_WP1,1455.0
4840.73,TSL2_Keyboard_spec.Room518a_WP2,792.0
4840.73,TSL3_UpperScreen_spec.Room518a_WP1,1607.0
4840.73,TSL3_UpperScreen_spec.Room518a_WP2,696.0
4840.73,TSL4_UpperScreen_spec.Room518a_WP1,1422.0
4840.73,TSL4_UpperScreen_spec.Room518a_WP2,1275.0
4941.34,Illuminance.Room518a_Ceiling,184.17
4941.34,TSL1_LowerScreen_spec.Room518a_WP1,685.0
4941.34,TSL1_LowerScreen_spec.Room518a_WP2,873.0
4941.34,TSL2_Keyboard_spec.Room518a_WP1,1455.0
4941.34,TSL2_Keyboard_spec.Room518a_WP2,792.0
4941.34,TSL3_UpperScreen_spec.Room518a_WP1,1607.0
4941.34,TSL3_UpperScreen_spec.Room518a_WP2,696.0
4941.34,TSL4_UpperScreen_spec.Room518a_WP1,1422.0
4941.34,TSL4_UpperScreen_spec.Room518a_WP2,1275.0
5042.56,Illuminance.Room518a_Ceiling,184.17
5042.56,TSL1_LowerScreen_spec.Room518a_WP1,685.0
5042.56,TSL1_LowerScreen_spec.Room518a_WP2,873.0
5042.56,TSL2_Keyboard_spec.Room518a_WP1,1455.0
5042.56,TSL2_Keyboard_spec.Room518a_WP2,792.0
5042.56,TSL3_UpperScreen_spec.Room518a_WP1,1607.0
5042.56,TSL3_UpperScreen_spec.Room518a_WP2,696.0
5042.56,TSL4_UpperScreen_spec.Room518a_WP1,1422.0
5042.56,TSL4_UpperScreen_spec.Room518a_WP2,1275.0
5143.68,Illuminance.Room518a_Ceiling,184.17
5143.68,TSL1_LowerScreen_spec.Room518a_WP1,685.0
5143.68,TSL1_LowerScreen_spec.Room518a_WP2,873.0
5143.68,TSL2_Keyboard_spec.Room518a_WP1,1455.0
5143.68,TSL2_Keyboard_spec.Room518a_WP2,792.0
5143.68,TSL3_UpperScreen_spec.Room518a_WP1,1607.0
5143.68,TSL3_UpperScreen_spec.Room518a_WP2,696.0
5143.68,TSL4_UpperScreen_spec.Room518a_WP1,1422.0
5143.68,TSL4_UpperScreen_spec.Room518a_WP2,1275.0
5244.86,Illuminance.Room518a_Ceiling,184.17
5244.86,TSL1_LowerScreen_spec.Room518a_WP1,685.0
5244.86,TSL1_LowerScreen_spec.Room518a_WP2,873.0
5244.86,TSL2_Keyboard_spec.Room518a_WP1,1455.0
5244.86,TSL2_Keyboard_spec.Room518a_WP2,792.0
5244.86,TSL3_UpperScreen_spec.Room518a_WP1,1607.0
5244.86,TSL3_UpperScreen_spec.Room518a_WP2,696.0
5244.86,TSL4_UpperScreen_spec.Room518a_WP1,1422.0
5244.86,TSL4_UpperScreen_spec.Room518a_WP2,1275.0
5346.01,Illuminance.Room518a_Ceiling,184.17
5346.01,TSL1_LowerScreen_spec.Room518a_WP1,685.0
5346.01,TSL1_LowerScreen_spec.Room518a_WP2,873.0
5346.01,TSL2_Keyboard_spec.Room518a_WP1,1455.0
5346.01,TSL2_Keyboard_spec.Room518a_WP2,792.0
5346.01,TSL3_UpperScreen_spec.Room518a_WP1,1607.0
5346.01,TSL3_UpperScreen_spec.Room518a_WP2,696.0
5346.01,TSL4_UpperScreen_spec.Room518a_WP1,1422.0
5346.01,TSL4_UpperScreen_spec.Room518a_WP2,1275.0
5446.7,Illuminance.Room518a_Ceiling,184.17
5446.7,TSL1_LowerScreen_spec.Room518a_WP1,685.0
5446.7,TSL1_LowerScreen_spec.Room518a_WP2,873.0
5446.7,TSL2_Keyboard_spec.Room518a_WP1,1455.0
5446.7,TSL2_Keyboard_spec.Room518a_WP2,792.0
5446.7,TSL3_UpperScreen_spec.Room518a_WP1,1607.0
5446.7,TSL3_UpperScreen_spec.Room518a_WP2,696.0
5446.7,TSL4_UpperScreen_spec.Room518a_WP1,1422.0
5446.7,TSL4_UpperScreen_spec.Room518a_WP2,1275.0
5547.89,Illuminance.Room518a_Ceiling,184.17
5547.89,TSL1_LowerScreen_spec.Room518a_WP1,685.0
5547.89,TSL1_LowerScreen_spec.Room518a_WP2,873.0
5547.89,TSL2_Keyboard_spec.Room518a_WP1,1455.0
5547.89,TSL2_Keyboard_spec.Room518a_WP2,792.0
5547.89,TSL3_UpperScreen_spec.Room518a_WP1,1607.0
5547.89,TSL3_UpperScreen_spec.Room518a_WP2,696.0
5547.89,TSL4_UpperScreen_spec.Room518a_WP1,1422.0
5547.89,TSL4_UpperScreen_spec.Room518a_WP2,1275.0
5649.1,Illuminance.Room518a_Ceiling,184.17
5649.1,TSL1_LowerScreen_spec.Room518a_WP1,685.0
5649.1,TSL1_LowerScreen_spec.Room518a_WP2,873.0
5649.1,TSL2_Keyboard_spec.Room518a_WP1,1455.0
5649.1,TSL2_Keyboard_spec.Room518a_WP2,792.0
5649.1,TSL3_UpperScreen_spec.Room518a_WP1,1607.0
5649.1,TSL3_UpperScreen_spec.Room518a_WP2,696.0
5649.1,TSL4_UpperScreen_spec.Room518a_WP1,1422.0
5649.1,TSL4_UpperScreen_spec.Room518a_WP2,1275.0
5750.22,Illuminance.Room518a_Ceiling,184.17
5750.22,TSL1_LowerScreen_spec.Room518a_WP1,685.0
5750.22,TSL1_LowerScreen_spec.Room518a_WP2,873.0
5750.22,TSL2_Keyboard_spec.Room518a_WP1,1455.0
5750.22,TSL2_Keyboard_spec.Room518a_WP2,792.0
5750.22,TSL3_UpperScreen_spec.Room518a_WP1,1607.0
5750.22,TSL3_UpperScreen_spec.Room518a_WP2,696.0
5750.22,TSL4_UpperScreen_spec.Room518a_WP1,1422.0
5750.22,TSL4_UpperScreen_spec.Room518a_WP2,1275.0
5850.8,Illuminance.Room518a_Ceiling,184.17
5850.8,TSL1_LowerScreen_spec.Room518a_WP1,685.0
5850.8,TSL1_LowerScreen_spec.Room518a_WP2,873.0
5850.8,TSL2_Keyboard_spec.Room518a_WP1,1455.0
5850.8,TSL2_Keyboard_spec.Room518a_WP2,792.0
5850.8,TSL3_UpperScreen_spec.Room518a_WP1,1607.0
5850.8,TSL3_UpperScreen_spec.Room518a_WP2,696.0
5850.8,TSL4_UpperScreen_spec.Room518a_WP1,1422.0
5850.8,TSL4_UpperScreen_spec.Room518a_WP2,1275.0
5951.97,Illuminance.Room518a_Ceiling,184.17
5951.97,TSL1_LowerScreen_spec.Room518a_WP1,685.0
5951.97,TSL1_LowerScreen_spec.Room518a_WP2,873.0
5951.97,TSL2_Keyboard_spec.Room518a_WP1,1455.0
5951.97,TSL2_Keyboard_spec.Room518a_WP2,792.0
5951.97,TSL3_UpperScreen_spec.Room518a_WP1,1607.0
5951.97,TSL3_UpperScreen_spec.Room518a_WP2,696.0
5951.97,TSL4_UpperScreen_spec.Room518a_WP1,1422.0
5951.97,TSL4_UpperScreen_spec.Room518a_WP2,1275.0
6052.4,Illuminance.Room518a_Ceiling,184.17
6052.4,TSL1_LowerScreen_spec.Room518a_WP1,685.0
6052.4,TSL1_LowerScreen_spec.Room518a_WP2,873.0
6052.4,TSL2_Keyboard_spec.Room518a_WP1,1455.0
6052.4,TSL2_Keyboard_spec.Room518a_WP2,792.0
6052.4,TSL3_UpperScreen_spec.Room518a_WP1,1607.0
6052.4,TSL3_UpperScreen_spec.Room518a_WP2,696.0
6052.4,TSL4_UpperScreen_spec.Room518a_WP1,1422.0
6052.4,TSL4_UpperScreen_spec.Room518a_WP2,1275.0
6153.53,Illuminance.Room518a_Ceiling,184.17
6153.53,TSL1_LowerScreen_spec.Room518a_WP1,685.0
6153.53,TSL1_LowerScreen_spec.Room518a_WP2,873.0
6153.53,TSL2_Keyboard_spec.Room518a_WP1,1455.0
6153.53,TSL2_Keyboard_spec.Room518a_WP2,792.0
6153.53,TSL3_UpperScreen_spec.Room518a_WP1,1607.0
6153.53,TSL3_UpperScreen_spec.Room518a_WP2,696.0
6153.53,TSL4_UpperScreen_spec.Room518a_WP1,1422.0
6153.53,TSL4_UpperScreen_spec.Room518a_WP2,1275.0
6254.7,Illuminance.Room518a_Ceiling,184.17
6254.7,TSL1_LowerScreen_spec.Room518a_WP1,685.0
6254.7,TSL1_LowerScreen_spec.Room518a_WP2,873.0
6254.7,TSL2_Keyboard_spec.Room518a_WP1,1455.0
6254.7,TSL2_Keyboard_spec.Room518a_WP2,792.0
6254.7,TSL3_UpperScreen_spec.Room518a_WP1,1607.0
6254.7,TSL3_UpperScreen_spec.Room518a_WP2,696.0
6254.7,TSL4_UpperScreen_spec.Room518a_WP1,1422.0
6254.7,TSL4_UpperScreen_spec.Room518a_WP2,1275.0
6355.89,Illuminance.Room518a_Ceiling,184.17
6355.89,TSL1_LowerScreen_spec.Room518a_WP1,685.0
6355.89,TSL1_LowerScreen_spec.Room518a_WP2,873.0
6355.89,TSL2_Keyboard_spec.Room518a_WP1,1455.0
6355.89,TSL2_Keyboard_spec.Room518a_WP2,792.0
6355.89,TSL3_UpperScreen_spec.Room518a_WP1,1607.0
6355.89,TSL3_UpperScreen_spec.Room518a_WP2,696.0
6355.89,TSL4_UpperScreen_spec.Room518a_WP1,1422.0
6355.89,TSL4_UpperScreen_spec.Room518a_WP2,1275.0
6457.07,Illuminance.Room518a_Ceiling,184.17
6457.07,TSL1_LowerScreen_spec.Room518a_WP1,685.0
6457.07,TSL1_LowerScreen_spec.Room518a_WP2,873.0
6457.07,TSL2_Keyboard_spec.Room518a_WP1,1455.0
6457.07,TSL2_Keyboard_spec.Room518a_WP2,792.0
6457.07,TSL3_UpperScreen_spec.Room518a_WP1,1607.0
6457.07,TSL3_UpperScreen_spec.Room518a_WP2,696.0
6457.07,TSL4_UpperScreen_spec.Room518a_WP1,1422.0
6457.07,TSL4_UpperScreen_spec.Room518a_WP2,1275.0
6557.94,Illuminance.Room518a_Ceiling,184.17
6557.94,TSL1_LowerScreen_spec.Room518a_WP1,685.0
6557.94,TSL1_LowerScreen_spec.Room518a_WP2,873.0
6557.94,TSL2_Keyboard_spec.Room518a_WP1,1455.0
6557.94,TSL2_Keyboard_spec.Room518a_WP2,792.0
6557.94,TSL3_UpperScreen_spec.Room518a_WP1,1607.0
6557.94,TSL3_UpperScreen_spec.Room518a_WP2,696.0
6557.94,TSL4_UpperScreen_spec.Room518a_WP1,1422.0
6557.94,TSL4_UpperScreen_spec.Room518a_WP2,1275.0
6658.16,Illuminance.Room518a_Ceiling,184.17
6658.16,TSL1_LowerScreen_spec.Room518a_WP1,685.0
6658.16,TSL1_LowerScreen_spec.Room518a_WP2,873.0
6658.16,TSL2_Keyboard_spec.Room518a_WP1,1455.0
6658.16,TSL2_Keyboard_spec.Room518a_WP2,792.0
6658.16,TSL3_UpperScreen_spec.Room518a_WP1,1607.0
6658.16,TSL3_UpperScreen_spec.Room518a_WP2,696.0
6658.16,TSL4_UpperScreen_spec.Room518a_WP1,1422.0
6658.16,TSL4_UpperScreen_spec.Room518a_WP2,1275.0
6759.24,Illuminance.Room518a_Ceiling,184.17
6759.24,TSL1_LowerScreen_spec.Room518a_WP1,685.0
6759.24,TSL1_LowerScreen_spec.Room518a_WP2,873.0
6759.24,TSL2_Keyboard_spec.Room518a_WP1,1455.0
6759.24,TSL2_Keyboard_spec.Room518a_WP2,792.0
6759.24,TSL3_UpperScreen_spec.Room518a_WP1,1607.0
6759.24,TSL3_UpperScreen_spec.Room518a_WP2,696.0
6759.24,TSL4_UpperScreen_spec.Room518a_WP1,1422.0
6759.24,TSL4_UpperScreen_spec.Room518a_WP2,1275.0
6860.45,Illuminance.Room518a_Ceiling,184.17
6860.45,TSL1_LowerScreen_spec.Room518a_WP1,685.0
6860.45,TSL1_LowerScreen_spec.Room518a_WP2,873.0
6860.45,TSL2_Keyboard_spec.Room518a_WP1,1455.0
6860.45,TSL2_Keyboard_spec.Room518a_WP2,792.0
6860.45,TSL3_UpperScreen_spec.Room518a_WP1,1607.0
6860.45,TSL3_UpperScreen_spec.Room518a_WP2,696.0
6860.45,TSL4_UpperScreen_spec.Room518a_WP1,1422.0
6860.45,TSL4_UpperScreen_spec.Room518a_WP2,1275.0
6961.65,Illuminance.Room518a_Ceiling,184.17
6961.65,TSL1_LowerScreen_spec.Room518a_WP1,685.0
6961.65,TSL1_LowerScreen_spec.Room518a_WP2,873.0
6961.65,TSL2_Keyboard_spec.Room518a_WP1,1455.0
6961.65,TSL2_Keyboard_spec.Room518a_WP2,792.0
6961.65,TSL3_UpperScreen_spec.Room518a_WP1,1607.0
6961.65,TSL3_UpperScreen_spec.Room518a_WP2,696.0
6961.65,TSL4_UpperScreen_spec.Room518a_WP1,1422.0
6961.65,TSL4_UpperScreen_spec.Room518a_WP2,1275.0
7062.85,Illuminance.Room518a_Ceiling,184.17
7062.85,TSL1_LowerScreen_spec.Room518a_WP1,685.0
7062.85,TSL1_LowerScreen_spec.Room518a_WP2,873.0
7062.85,TSL2_Keyboard_spec.Room518a_WP1,1455.0
7062.85,TSL2_Keyboard_spec.Room518a_WP2,792.0
7062.85,TSL3_UpperScreen_spec.Room518a_WP1,1607.0
7062.85,TSL3_UpperScreen_spec.Room518a_WP2,696.0
7062.85,TSL4_UpperScreen_spec.Room518a_WP1,1422.0
7062.85,TSL4_UpperScreen_spec.Room518a_WP2,1275.0
7164.05,Illuminance.Room518a_Ceiling,184.17
7164.05,TSL1_LowerScreen_spec.Room518a_WP1,685.0
7164.05,TSL1_LowerScreen_spec.Room518a_WP2,873.0
7164.05,TSL2_Keyboard_spec.Room518a_WP1,1455.0
7164.05,TSL2_Keyboard_spec.Room518a_WP2,792.0
7164.05,TSL3_UpperScreen_spec.Room518a_WP1,1607.0
7164.05,TSL3_UpperScreen_spec.Room518a_WP2,696.0
7164.05,TSL4_UpperScreen_spec.Room518a_WP1,1422.0
7164.05,TSL4_UpperScreen_spec.Room518a_WP2,1275.0
7265.26,Illuminance.Room518a_Ceiling,184.17
7265.26,TSL1_LowerScreen_spec.Room518a_WP1,685.0
7265.26,TSL1_LowerScreen_spec.Room518a_WP2,873.0
7265.26,TSL2_Keyboard_spec.Room518a_WP1,1455.0
7265.26,TSL2_Keyboard_spec.Room518a_WP2,792.0
7265.26,TSL3_UpperScreen_spec.Room518a_WP1,1607.0
7265.26,TSL3_UpperScreen_spec.Room518a_WP2,696.0
7265.26,TSL4_UpperScreen_spec.Room518a_WP1,1422.0
7265.26,TSL4_UpperScreen_spec.Room518a_WP2,1275.0
7366.46,Illuminance.Room518a_Ceiling,184.17
7366.46,TSL1_LowerScreen_spec.Room518a_WP1,685.0
7366.46,TSL1_LowerScreen_spec.Room518a_WP2,873.0
7366.46,TSL2_Keyboard_spec.Room518a_WP1,1455.0
7366.46,TSL2_Keyboard_spec.Room518a_WP2,792.0
7366.46,TSL3_UpperScreen_spec.Room518a_WP1,1607.0
7366.46,TSL3_UpperScreen_spec.Room518a_WP2,696.0
7366.46,TSL4_UpperScreen_spec.Room518a_WP1,1422.0
7366.46,TSL4_UpperScreen_spec.Room518a_WP2,1275.0
7466.73,Illuminance.Room518a_Ceiling,184.17
7466.73,TSL1_LowerScreen_spec.Room518a_WP1,685.0
7466.73,TSL1_LowerScreen_spec.Room518a_WP2,873.0
7466.73,TSL2_Keyboard_spec.Room518a_WP1,1455.0
7466.73,TSL2_Keyboard_spec.Room518a_WP2,792.0
7466.73,TSL3_UpperScreen_spec.Room518a_WP1,1607.0
7466.73,TSL3_UpperScreen_spec.Room518a_WP2,696.0
7466.73,TSL4_UpperScreen_spec.Room518a_WP1,1422.0
7466.73,TSL4_UpperScreen_spec.Room518a_WP2,1275.0
7567.12,Illuminance.Room518a_Ceiling,184.17
7567.12,TSL1_LowerScreen_spec.Room518a_WP1,685.0
7567.12,TSL1_LowerScreen_spec.Room518a_WP2,873.0
7567.12,TSL2_Keyboard_spec.Room518a_WP1,1455.0
7567.12,TSL2_Keyboard_spec.Room518a_WP2,792.0
7567.12,TSL3_UpperScreen_spec.Room518a_WP1,1607.0
7567.12,TSL3_UpperScreen_spec.Room518a_WP2,696.0
7567.12,TSL4_UpperScreen_spec.Room518a_WP1,1422.0
7567.12,TSL4_UpperScreen_spec.Room518a_WP2,1275.0
7668.31,Illuminance.Room518a_Ceiling,184.17
7668.31,TSL1_LowerScreen_spec.Room518a_WP1,685.0
7668.31,TSL1_LowerScreen_spec.Room518a_WP2,873.0
7668.31,TSL2_Keyboard_spec.Room518a_WP1,1455.0
7668.31,TSL2_Keyboard_spec.Room518a_WP2,792.0
7668.31,TSL3_UpperScreen_spec.Room518a_WP1,1607.0
7668.31,TSL3_UpperScreen_spec.Room518a_WP2,696.0
7668.31,TSL4_UpperScreen_spec.Room518a_WP1,1422.0
7668.31,TSL4_UpperScreen_spec.Room518a_WP2,1275.0
7769.48,Illuminance.Room518a_Ceiling,184.17
7769.48,TSL1_LowerScreen_spec.Room518a_WP1,685.0
7769.48,TSL1_LowerScreen_spec.Room518a_WP2,873.0
7769.48,TSL2_Keyboard_spec.Room518a_WP1,1455.0
7769.48,TSL2_Keyboard_spec.Room518a_WP2,792.0
7769.48,TSL3_UpperScreen_spec.Room518a_WP1,1607.0
7769.48,TSL3_UpperScreen_spec.Room518a_WP2,696.0
7769.48,TSL4_UpperScreen_spec.Room518a_WP1,1422.0
7769.48,TSL4_UpperScreen_spec.Room518a_WP2,1275.0
7870.65,Illuminance.Room518a_Ceiling,184.17
7870.65,TSL1_LowerScreen_spec.Room518a_WP1,685.0
7870.65,TSL1_LowerScreen_spec.Room518a_WP2,873.0
7870.65,TSL2_Keyboard_spec.Room518a_WP1,1455.0
7870.65,TSL2_Keyboard_spec.Room518a_WP2,792.0
7870.65,TSL3_UpperScreen_spec.Room518a_WP1,1607.0
7870.65,TSL3_UpperScreen_spec.Room518a_WP2,696.0
7870.65,TSL4_UpperScreen_spec.Room518a_WP1,1422.0
7870.65,TSL4_UpperScreen_spec.Room518a_WP2,1275.0
7971.77,Illuminance.Room518a_Ceiling,184.17
7971.77,TSL1_LowerScreen_spec.Room518a_WP1,685.0
7971.77,TSL1_LowerScreen_spec.Room518a_WP2,873.0
7971.77,TSL2_Keyboard_spec.Room518a_WP1,1455.0
7971.77,TSL2_Keyboard_spec.Room518a_WP2,792.0
7971.77,TSL3_UpperScreen_spec.Room518a_WP1,1607.0
7971.77,TSL3_UpperScreen_spec.Room518a_WP2,696.0
7971.77,TSL4_UpperScreen_spec.Room518a_WP1,1422.0
7971.77,TSL4_UpperScreen_spec.Room518a_WP2,1275.0
8072.91,Illuminance.Room518a_Ceiling,184.17
8072.91,TSL1_LowerScreen_spec.Room518a_WP1,685.0
8072.91,TSL1_LowerScreen_spec.Room518a_WP2,873.0
8072.91,TSL2_Keyboard_spec.Room518a_WP1,1455.0
8072.91,TSL2_Keyboard_spec.Room518a_WP2,792.0
8072.91,TSL3_UpperScreen_spec.Room518a_WP1,1607.0
8072.91,TSL3_UpperScreen_spec.Room518a_WP2,696.0
8072.91,TSL4_UpperScreen_spec.Room518a_WP1,1422.0
8072.91,TSL4_UpperScreen_spec.Room518a_WP2,1275.0
8174.07,Illuminance.Room518a_Ceiling,184.17
8174.07,TSL1_LowerScreen_spec.Room518a_WP1,685.0
8174.07,TSL1_LowerScreen_spec.Room518a_WP2,873.0
8174.07,TSL2_Keyboard_spec.Room518a_WP1,1455.0
8174.07,TSL2_Keyboard_spec.Room518a_WP2,792.0
8174.07,TSL3_UpperScreen_spec.Room518a_WP1,1607.0
8174.07,TSL3_UpperScreen_spec.Room518a_WP2,696.0
8174.07,TSL4_UpperScreen_spec.Room518a_WP1,1422.0
8174.07,TSL4_UpperScreen_spec.Room518a_WP2,1275.0
8274.55,Illuminance.Room518a_Ceiling,184.17
8274.55,TSL1_LowerScreen_spec.Room518a_WP1,685.0
8274.55,TSL1_LowerScreen_spec.Room518a_WP2,873.0
8274.55,TSL2_Keyboard_spec.Room518a_WP1,1455.0
8274.55,TSL2_Keyboard_spec.Room518a_WP2,792.0
8274.55,TSL3_UpperScreen_spec.Room518a_WP1,1607.0
8274.55,TSL3_UpperScreen_spec.Room518a_WP2,696.0
8274.55,TSL4_UpperScreen_spec.Room518a_WP1,1422.0
8274.55,TSL4_UpperScreen_spec.Room518a_WP2,1275.0
8375.76,Illuminance.Room518a_Ceiling,184.17
8375.76,TSL1_LowerScreen_spec.Room518a_WP1,685.0
8375.76,TSL1_LowerScreen_spec.Room518a_WP2,873.0
8375.76,TSL2_Keyboard_spec.Room518a_WP1,1455.0
8375.76,TSL2_Keyboard_spec.Room518a_WP2,792.0
8375.76,TSL3_UpperScreen_spec.Room518a_WP1,1607.0
8375.76,TSL3_UpperScreen_spec.Room518a_WP2,696.0
8375.76,TSL4_UpperScreen_spec.Room518a_WP1,1422.0
8375.76,TSL4_UpperScreen_spec.Room518a_WP2,1275.0
8476.71,Illuminance.Room518a_Ceiling,184.17
8476.71,TSL1_LowerScreen_spec.Room518a_WP1,685.0
8476.71,TSL1_LowerScreen_spec.Room518a_WP2,873.0
8476.71,TSL2_Keyboard_spec.Room518a_WP1,1455.0
8476.71,TSL2_Keyboard_spec.Room518a_WP2,792.0
8476.71,TSL3_UpperScreen_spec.Room518a_WP1,1607.0
8476.71,TSL3_UpperScreen_spec.Room518a_WP2,696.0
8476.71,TSL4_UpperScreen_spec.Room518a_WP1,1422.0
8476.71,TSL4_UpperScreen_spec.Room518a_WP2,1275.0
8577.91,Illuminance.Room518a_Ceiling,184.17
8577.91,TSL1_LowerScreen_spec.Room518a_WP1,685.0
8577.91,TSL1_LowerScreen_spec.Room518a_WP2,873.0
8577.91,TSL2_Keyboard_spec.Room518a_WP1,1455.0
8577.91,TSL2_Keyboard_spec.Room518a_WP2,792.0
8577.91,TSL3_UpperScreen_spec.Room518a_WP1,1607.0
8577.91,TSL3_UpperScreen_spec.Room518a_WP2,696.0
8577.91,TSL4_UpperScreen_spec.Room518a_WP1,1422.0
8577.91,TSL4_UpperScreen_spec.Room518a_WP2,1275.0
8679.11,Illuminance.Room518a_Ceiling,184.17
8679.11,TSL1_LowerScreen_spec.Room518a_WP1,685.0
8679.11,TSL1_LowerScreen_spec.Room518a_WP2,873.0
8679.11,TSL2_Keyboard_spec.Room518a_WP1,1455.0
8679.11,TSL2_Keyboard_spec.Room518a_WP2,792.0
8679.11,TSL3_UpperScreen_spec.Room518a_WP1,1607.0
8679.11,TSL3_UpperScreen_spec.Room518a_WP2,696.0
8679.11,TSL4_UpperScreen_spec.Room518a_WP1,1422.0
8679.11,TSL4_UpperScreen_spec.Room518a_WP2,1275.0
8780.3,Illuminance.Room518a_Ceiling,184.17
8780.3,TSL1_LowerScreen_spec.Room518a_WP1,685.0
8780.3,TSL1_LowerScreen_spec.Room518a_WP2,873.0
8780.3,TSL2_Keyboard_spec.Room518a_WP1,1455.0
8780.3,TSL2_Keyboard_spec.Room518a_WP2,792.0
8780.3,TSL3_UpperScreen_spec.Room518a_WP1,1607.0
8780.3,TSL3_UpperScreen_spec.Room518a_WP2,696.0
8780.3,TSL4_UpperScreen_spec.Room518a_WP1,1422.0
8780.3,TSL4_UpperScreen_spec.Room518a_WP2,1275.0
8881.5,Illuminance.Room518a_Ceiling,184.17
8881.5,TSL1_LowerScreen_spec.Room518a_WP1,685.0
8881.5,TSL1_LowerScreen_spec.Room518a_WP2,873.0
8881.5,TSL2_Keyboard_spec.Room518a_WP1,1455.0
8881.5,TSL2_Keyboard_spec.Room518a_WP2,792.0
8881.5,TSL3_UpperScreen_spec.Room518a_WP1,1607.0
8881.5,TSL3_UpperScreen_spec.Room518a_WP2,696.0
8881.5,TSL4_UpperScreen_spec.Room518a_WP1,1422.0
8881.5,TSL4_UpperScreen_spec.Room518a_WP2,1275.0
8982.37,Illuminance.Room518a_Ceiling,184.17
8982.37,TSL1_LowerScreen_spec.Room518a_WP1,685.0
8982.37,TSL1_LowerScreen_spec.Room518a_WP2,873.0
8982.37,TSL2_Keyboard_spec.Room518a_WP1,1455.0
8982.37,TSL2_Keyboard_spec.Room518a_WP2,792.0
8982.37,TSL3_UpperScreen_spec.Room518a_WP1,1607.0
8982.37,TSL3_UpperScreen_spec.Room518a_WP2,696.0
8982.37,TSL4_UpperScreen_spec.Room518a_WP1,1422.0
8982.37,TSL4_UpperScreen_spec.Room518a_WP2,1275.0
9083.77,Illuminance.Room518a_Ceiling,196.67
9083.77,TSL1_LowerScreen_spec.Room518a_WP1,685.0
9083.77,TSL1_LowerScreen_spec.Room518a_WP2,873.0
9083.77,TSL2_Keyboard_spec.Room518a_WP1,1455.0
9083.77,TSL2_Keyboard_spec.Room518a_WP2,792.0
9083.77,TSL3_UpperScreen_spec.Room518a_WP1,1607.0
9083.77,TSL3_UpperScreen_spec.Room518a_WP2,696.0
9083.77,TSL4_UpperScreen_spec.Room518a_WP1,1422.0
9083.77,TSL4_UpperScreen_spec.Room518a_WP2,1275.0
9184.47,Illuminance.Room518a_Ceiling,196.67
9184.47,TSL1_LowerScreen_spec.Room518a_WP1,685.0
9184.47,TSL1_LowerScreen_spec.Room518a_WP2,873.0
9184.47,TSL2_Keyboard_spec.Room518a_WP1,1455.0
9184.47,TSL2_Keyboard_spec.Room518a_WP2,792.0
9184.47,TSL3_UpperScreen_spec.Room518a_WP1,1607.0
9184.47,TSL3_UpperScreen_spec.Room518a_WP2,696.0
9184.47,TSL4_UpperScreen_spec.Room518a_WP1,1422.0
9184.47,TSL4_UpperScreen_spec.Room518a_WP2,1275.0
9285.65,Illuminance.Room518a_Ceiling,196.67
9285.65,TSL1_LowerScreen_spec.Room518a_WP1,685.0
9285.65,TSL1_LowerScreen_spec.Room518a_WP2,873.0
9285.65,TSL2_Keyboard_spec.Room518a_WP1,1455.0
9285.65,TSL2_Keyboard_spec.Room518a_WP2,792.0
9285.65,TSL3_UpperScreen_spec.Room518a_WP1,1607.0
9285.65,TSL3_UpperScreen_spec.Room518a_WP2,696.0
9285.65,TSL4_UpperScreen_spec.Room518a_WP1,1422.0
9285.65,TSL4_UpperScreen_spec.Room518a_WP2,1275.0
9385.94,Illuminance.Room518a_Ceiling,196.67
9385.94,TSL1_LowerScreen_spec.Room518a_WP1,685.0
9385.94,TSL1_LowerScreen_spec.Room518a_WP2,873.0
9385.94,TSL2_Keyboard_spec.Room518a_WP1,1455.0
9385.94,TSL2_Keyboard_spec.Room518a_WP2,792.0
9385.94,TSL3_UpperScreen_spec.Room518a_WP1,1607.0
9385.94,TSL3_UpperScreen_spec.Room518a_WP2,696.0
9385.94,TSL4_UpperScreen_spec.Room518a_WP1,1422.0
9385.94,TSL4_UpperScreen_spec.Room518a_WP2,1275.0
9487.13,Illuminance.Room518a_Ceiling,196.67
9487.13,TSL1_LowerScreen_spec.Room518a_WP1,685.0
9487.13,TSL1_LowerScreen_spec.Room518a_WP2,873.0
9487.13,TSL2_Keyboard_spec.Room518a_WP1,1455.0
9487.13,TSL2_Keyboard_spec.Room518a_WP2,792.0
9487.13,TSL3_UpperScreen_spec.Room518a_WP1,1607.0
9487.13,TSL3_UpperScreen_spec.Room518a_WP2,696.0
9487.13,TSL4_UpperScreen_spec.Room518a_WP1,1422.0
9487.13,TSL4_UpperScreen_spec.Room518a_WP2,1275.0
9588.35,Illuminance.Room518a_Ceiling,196.67
9588.35,TSL1_LowerScreen_spec.Room518a_WP1,685.0
9588.35,TSL1_LowerScreen_spec.Room518a_WP2,873.0
9588.35,TSL2_Keyboard_spec.Room518a_WP1,1455.0
9588.35,TSL2_Keyboard_spec.Room518a_WP2,792.0
9588.35,TSL3_UpperScreen_spec.Room518a_WP1,1607.0
9588.35,TSL3_UpperScreen_spec.Room518a_WP2,696.0
9588.35,TSL4_UpperScreen_spec.Room518a_WP1,1422.0
9588.35,TSL4_UpperScreen_spec.Room518a_WP2,1275.0
9689.55,Illuminance.Room518a_Ceiling,196.67
9689.55,TSL1_LowerScreen_spec.Room518a_WP1,685.0
9689.55,TSL1_LowerScreen_spec.Room518a_WP2,873.0
9689.55,TSL2_Keyboard_spec.Room518a_WP1,1455.0
9689.55,TSL2_Keyboard_spec.Room518a_WP2,792.0
9689.55,TSL3_UpperScreen_spec.Room518a_WP1,1607.0
9689.55,TSL3_UpperScreen_spec.Room518a_WP2,696.0
9689.55,TSL4_UpperScreen_spec.Room518a_WP1,1422.0
9689.55,TSL4_UpperScreen_spec.Room518a_WP2,1275.0
9790.41,Illuminance.Room518a_Ceiling,196.67
9790.41,TSL1_LowerScreen_spec.Room518a_WP1,685.0
9790.41,TSL1_LowerScreen_spec.Room518a_WP2,873.0
9790.41,TSL2_Keyboard_spec.Room518a_WP1,1455.0
9790.41,TSL2_Keyboard_spec.Room518a_WP2,792.0
9790.41,TSL3_UpperScreen_spec.Room518a_WP1,1607.0
9790.41,TSL3_UpperScreen_spec.Room518a_WP2,696.0
9790.41,TSL4_UpperScreen_spec.Room518a_WP1,1422.0
9790.41,TSL4_UpperScreen_spec.Room518a_WP2,1275.0
9891.56,Illuminance.Room518a_Ceiling,196.67
9891.56,TSL1_LowerScreen_spec.Room518a_WP1,685.0
9891.56,TSL1_LowerScreen_spec.Room518a_WP2,873.0
9891.56,TSL2_Keyboard_spec.Room518a_WP1,1455.0
9891.56,TSL2_Keyboard_spec.Room518a_WP2,792.0
9891.56,TSL3_UpperScreen_spec.Room518a_WP1,1607.0
9891.56,TSL3_UpperScreen_spec.Room518a_WP2,696.0
9891.56,TSL4_UpperScreen_spec.Room518a_WP1,1422.0
9891.56,TSL4_UpperScreen_spec.Room518a_WP2,1275.0
9992.77,Illuminance.Room518a_Ceiling,196.67
9992.77,TSL1_LowerScreen_spec.Room518a_WP1,685.0
9992.77,TSL1_LowerScreen_spec.Room518a_WP2,873.0
9992.77,TSL2_Keyboard_spec.Room518a_WP1,1455.0
9992.77,TSL2_Keyboard_spec.Room518a_WP2,792.0
9992.77,TSL3_UpperScreen_spec.Room518a_WP1,1607.0
9992.77,TSL3_UpperScreen_spec.Room518a_WP2,696.0
9992.77,TSL4_UpperScreen_spec.Room518a_WP1,1422.0
9992.77,TSL4_UpperScreen_spec.Room518a_WP2,1275.0
10093.98,Illuminance.Room518a_Ceiling,196.67
10093.98,TSL1_LowerScreen_spec.Room518a_WP1,685.0
10093.98,TSL1_LowerScreen_spec.Room518a_WP2,873.0
10093.98,TSL2_Keyboard_spec.Room518a_WP1,1455.0
10093.98,TSL2_Keyboard_spec.Room518a_WP2,792.0
10093.98,TSL3_UpperScreen_spec.Room518a_WP1,1607.0
10093.98,TSL3_UpperScreen_spec.Room518a_WP2,696.0
10093.98,TSL4_UpperScreen_spec.Room518a_WP1,1422.0
10093.98,TSL4_UpperScreen_spec.Room518a_WP2,1275.0
10195.19,Illuminance.Room518a_Ceiling,196.67
10195.19,TSL1_LowerScreen_spec.Room518a_WP1,685.0
10195.19,TSL1_LowerScreen_spec.Room518a_WP2,873.0
10195.19,TSL2_Keyboard_spec.Room518a_WP1,1455.0
10195.19,TSL2_Keyboard_spec.Room518a_WP2,792.0
10195.19,TSL3_UpperScreen_spec.Room518a_WP1,1607.0
10195.19,TSL3_UpperScreen_spec.Room518a_WP2,696.0
10195.19,TSL4_UpperScreen_spec.Room518a_WP1,1422.0
10195.19,TSL4_UpperScreen_spec.Room518a_WP2,1275.0
10296.39,Illuminance.Room518a_Ceiling,196.67
10296.39,TSL1_LowerScreen_spec.Room518a_WP1,685.0
10296.39,TSL1_LowerScreen_spec.Room518a_WP2,873.0
10296.39,TSL2_Keyboard_spec.Room518a_WP1,1455.0
10296.39,TSL2_Keyboard_spec.Room518a_WP2,792.0
10296.39,TSL3_UpperScreen_spec.Room518a_WP1,1607.0
10296.39,TSL3_UpperScreen_spec.Room518a_WP2,696.0
10296.39,TSL4_UpperScreen_spec.Room518a_WP1,1422.0
10296.39,TSL4_UpperScreen_spec.Room518a_WP2,1275.0
10396.7,Illuminance.Room518a_Ceiling,196.67
10396.7,TSL1_LowerScreen_spec.Room518a_WP1,685.0
10396.7,TSL1_LowerScreen_spec.Room518a_WP2,873.0
10396.7,TSL2_Keyboard_spec.Room518a_WP1,1455.0
10396.7,TSL2_Keyboard_spec.Room518a_WP2,792.0
10396.7,TSL3_UpperScreen_spec.Room518a_WP1,1607.0
10396.7,TSL3_UpperScreen_spec.Room518a_WP2,696.0
10396.7,TSL4_UpperScreen_spec.Room518a_WP1,1422.0
10396.7,TSL4_UpperScreen_spec.Room518a_WP2,1275.0
10497.9,Illuminance.Room518a_Ceiling,196.67
10497.9,TSL1_LowerScreen_spec.Room518a_WP1,685.0
10497.9,TSL1_LowerScreen_spec.Room518a_WP2,873.0
10497.9,TSL2_Keyboard_spec.Room518a_WP1,1455.0
10497.9,TSL2_Keyboard_spec.Room518a_WP2,792.0
10497.9,TSL3_UpperScreen_spec.Room518a_WP1,1607.0
10497.9,TSL3_UpperScreen_spec.Room518a_WP2,696.0
10497.9,TSL4_UpperScreen_spec.Room518a_WP1,1422.0
10497.9,TSL4_UpperScreen_spec.Room518a_WP2,1275.0
10599.05,Illuminance.Room518a_Ceiling,196.67
10599.05,TSL1_LowerScreen_spec.Room518a_WP1,685.0
10599.05,TSL1_LowerScreen_spec.Room518a_WP2,873.0
10599.05,TSL2_Keyboard_spec.Room518a_WP1,1455.0
10599.05,TSL2_Keyboard_spec.Room518a_WP2,792.0
10599.05,TSL3_UpperScreen_spec.Room518a_WP1,1607.0
10599.05,TSL3_UpperScreen_spec.Room518a_WP2,696.0
10599.05,TSL4_UpperScreen_spec.Room518a_WP1,1422.0
10599.05,TSL4_UpperScreen_spec.Room518a_WP2,1275.0
10700.25,Illuminance.Room518a_Ceiling,196.67
10700.25,TSL1_LowerScreen_spec.Room518a_WP1,685.0
10700.25,TSL1_LowerScreen_spec.Room518a_WP2,873.0
10700.25,TSL2_Keyboard_spec.Room518a_WP1,1455.0
10700.25,TSL2_Keyboard_spec.Room518a_WP2,792.0
10700.25,TSL3_UpperScreen_spec.Room518a_WP1,1607.0
10700.25,TSL3_UpperScreen_spec.Room518a_WP2,696.0
10700.25,TSL4_UpperScreen_spec.Room518a_WP1,1422.0
10700.25,TSL4_UpperScreen_spec.Room518a_WP2,1275.0
10801.44,Illuminance.Room518a_Ceiling,196.67
10801.44,TSL1_LowerScreen_spec.Room518a_WP1,685.0
10801.44,TSL1_LowerScreen_spec.Room518a_WP2,873.0
10801.44,TSL2_Keyboard_spec.Room518a_WP1,1455.0
10801.44,TSL2_Keyboard_spec.Room518a_WP2,792.0
10801.44,TSL3_UpperScreen_spec.Room518a_WP1,1607.0
10801.44,TSL3_UpperScreen_spec.Room518a_WP2,696.0
10801.44,TSL4_UpperScreen_spec.Room518a_WP1,1422.0
10801.44,TSL4_UpperScreen_spec.Room518a_WP2,1275.0
10902.58,Illuminance.Room518a_Ceiling,196.67
10902.58,TSL1_LowerScreen_spec.Room518a_WP1,685.0
10902.58,TSL1_LowerScreen_spec.Room518a_WP2,873.0
10902.58,TSL2_Keyboard_spec.Room518a_WP1,1455.0
10902.58,TSL2_Keyboard_spec.Room518a_WP2,792.0
10902.58,TSL3_UpperScreen_spec.Room518a_WP1,1607.0
10902.58,TSL3_UpperScreen_spec.Room518a_WP2,696.0
10902.58,TSL4_UpperScreen_spec.Room518a_WP1,1422.0
10902.58,TSL4_UpperScreen_spec.Room518a_WP2,1275.0
11003.79,Illuminance.Room518a_Ceiling,196.67
11003.79,TSL1_LowerScreen_spec.Room518a_WP1,685.0
11003.79,TSL1_LowerScreen_spec.Room518a_WP2,873.0
11003.79,TSL2_Keyboard_spec.Room518a_WP1,1455.0
11003.79,TSL2_Keyboard_spec.Room518a_WP2,792.0
11003.79,TSL3_UpperScreen_spec.Room518a_WP1,1607.0
11003.79,TSL3_UpperScreen_spec.Room518a_WP2,696.0
11003.79,TSL4_UpperScreen_spec.Room518a_WP1,1422.0
11003.79,TSL4_UpperScreen_spec.Room518a_WP2,1275.0
11104.21,Illuminance.Room518a_Ceiling,196.67
11104.21,TSL1_LowerScreen_spec.Room518a_WP1,685.0
11104.21,TSL1_LowerScreen_spec.Room518a_WP2,873.0
11104.21,TSL2_Keyboard_spec.Room518a_WP1,1455.0
11104.21,TSL2_Keyboard_spec.Room518a_WP2,792.0
11104.21,TSL3_UpperScreen_spec.Room518a_WP1,1607.0
11104.21,TSL3_UpperScreen_spec.Room518a_WP2,696.0
11104.21,TSL4_UpperScreen_spec.Room518a_WP1,1422.0
11104.21,TSL4_UpperScreen_spec.Room518a_WP2,1275.0
11205.33,Illuminance.Room518a_Ceiling,196.67
11205.33,TSL1_LowerScreen_spec.Room518a_WP1,685.0
11205.33,TSL1_LowerScreen_spec.Room518a_WP2,873.0
11205.33,TSL2_Keyboard_spec.Room518a_WP1,1455.0
11205.33,TSL2_Keyboard_spec.Room518a_WP2,792.0
11205.33,TSL3_UpperScreen_spec.Room518a_WP1,1607.0
11205.33,TSL3_UpperScreen_spec.Room518a_WP2,696.0
11205.33,TSL4_UpperScreen_spec.Room518a_WP1,1422.0
11205.33,TSL4_UpperScreen_spec.Room518a_WP2,1275.0
11306.45,Illuminance.Room518a_Ceiling,196.67
11306.45,TSL1_LowerScreen_spec.Room518a_WP1,685.0
11306.45,TSL1_LowerScreen_spec.Room518a_WP2,873.0
11306.45,TSL2_Keyboard_spec.Room518a_WP1,1455.0
11306.45,TSL2_Keyboard_spec.Room518a_WP2,792.0
11306.45,TSL3_UpperScreen_spec.Room518a_WP1,1607.0
11306.45,TSL3_UpperScreen_spec.Room518a_WP2,696.0
11306.45,TSL4_UpperScreen_spec.Room518a_WP1,1422.0
11306.45,TSL4_UpperScreen_spec.Room518a_WP2,1275.0
11406.98,Illuminance.Room518a_Ceiling,196.67
11406.98,TSL1_LowerScreen_spec.Room518a_WP1,701.0
11406.98,TSL1_LowerScreen_spec.Room518a_WP2,1661.0
11406.98,TSL2_Keyboard_spec.Room518a_WP1,1455.0
11406.98,TSL2_Keyboard_spec.Room518a_WP2,792.0
11406.98,TSL3_UpperScreen_spec.Room518a_WP1,1607.0
11406.98,TSL3_UpperScreen_spec.Room518a_WP2,696.0
11406.98,TSL4_UpperScreen_spec.Room518a_WP1,1422.0
11406.98,TSL4_UpperScreen_spec.Room518a_WP2,1275.0
11508.17,Illuminance.Room518a_Ceiling,196.67
11508.17,TSL1_LowerScreen_spec.Room518a_WP1,701.0
11508.17,TSL1_LowerScreen_spec.Room518a_WP2,1661.0
11508.17,TSL2_Keyboard_spec.Room518a_WP1,1455.0
11508.17,TSL2_Keyboard_spec.Room518a_WP2,792.0
11508.17,TSL3_UpperScreen_spec.Room518a_WP1,1607.0
11508.17,TSL3_UpperScreen_spec.Room518a_WP2,696.0
11508.17,TSL4_UpperScreen_spec.Room518a_WP1,1422.0
11508.17,TSL4_UpperScreen_spec.Room518a_WP2,1275.0
11609.35,Illuminance.Room518a_Ceiling,196.67
11609.35,TSL1_LowerScreen_spec.Room518a_WP1,701.0
11609.35,TSL1_LowerScreen_spec.Room518a_WP2,1661.0
11609.35,TSL2_Keyboard_spec.Room518a_WP1,1455.0
11609.35,TSL2_Keyboard_spec.Room518a_WP2,792.0
11609.35,TSL3_UpperScreen_spec.Room518a_WP1,1607.0
11609.35,TSL3_UpperScreen_spec.Room518a_WP2,696.0
11609.35,TSL4_UpperScreen_spec.Room518a_WP1,1422.0
11609.35,TSL4_UpperScreen_spec.Room518a_WP2,1275.0
11710.1,Illuminance.Room518a_Ceiling,196.67
11710.1,TSL1_LowerScreen_spec.Room518a_WP1,701.0
11710.1,TSL1_LowerScreen_spec.Room518a_WP2,1661.0
11710.1,TSL2_Keyboard_spec.Room518a_WP1,1455.0
11710.1,TSL2_Keyboard_spec.Room518a_WP2,792.0
11710.1,TSL3_UpperScreen_spec.Room518a_WP1,1607.0
11710.1,TSL3_UpperScreen_spec.Room518a_WP2,696.0
11710.1,TSL4_UpperScreen_spec.Room518a_WP1,1422.0
11710.1,TSL4_UpperScreen_spec.Room518a_WP2,1275.0
11810.23,Illuminance.Room518a_Ceiling,196.67
11810.23,TSL1_LowerScreen_spec.Room518a_WP1,701.0
11810.23,TSL1_LowerScreen_spec.Room518a_WP2,1661.0
11810.23,TSL2_Keyboard_spec.Room518a_WP1,1455.0
11810.23,TSL2_Keyboard_spec.Room518a_WP2,792.0
11810.23,TSL3_UpperScreen_spec.Room518a_WP1,1607.0
11810.23,TSL3_UpperScreen_spec.Room518a_WP2,696.0
11810.23,TSL4_UpperScreen_spec.Room518a_WP1,1422.0
11810.23,TSL4_UpperScreen_spec.Room518a_WP2,1275.0
11911.39,Illuminance.Room518a_Ceiling,196.67
11911.39,TSL1_LowerScreen_spec.Room518a_WP1,701.0
11911.39,TSL1_LowerScreen_spec.Room518a_WP2,1661.0
11911.39,TSL2_Keyboard_spec.Room518a_WP1,1455.0
11911.39,TSL2_Keyboard_spec.Room518a_WP2,792.0
11911.39,TSL3_UpperScreen_spec.Room518a_WP1,1607.0
11911.39,TSL3_UpperScreen_spec.Room518a_WP2,696.0
11911.39,TSL4_UpperScreen_spec.Room518a_WP1,1422.0
11911.39,TSL4_UpperScreen_spec.Room518a_WP2,1275.0
12011.75,Illuminance.Room518a_Ceiling,196.67
12011.75,TSL1_LowerScreen_spec.Room518a_WP1,701.0
12011.75,TSL1_LowerScreen_spec.Room518a_WP2,1661.0
12011.75,TSL2_Keyboard_spec.Room518a_WP1,1485.0
12011.75,TSL2_Keyboard_spec.Room518a_WP2,3103.0
12011.75,TSL3_UpperScreen_spec.Room518a_WP1,1607.0
12011.75,TSL3_UpperScreen_spec.Room518a_WP2,696.0
12011.75,TSL4_UpperScreen_spec.Room518a_WP1,1422.0
12011.75,TSL4_UpperScreen_spec.Room518a_WP2,1275.0
12112.94,Illuminance.Room518a_Ceiling,196.67
12112.94,TSL1_LowerScreen_spec.Room518a_WP1,701.0
12112.94,TSL1_LowerScreen_spec.Room518a_WP2,1661.0
12112.94,TSL2_Keyboard_spec.Room518a_WP1,1485.0
12112.94,TSL2_Keyboard_spec.Room518a_WP2,3103.0
12112.94,TSL3_UpperScreen_spec.Room518a_WP1,1607.0
12112.94,TSL3_UpperScreen_spec.Room518a_WP2,696.0
12112.94,TSL4_UpperScreen_spec.Room518a_WP1,1422.0
12112.94,TSL4_UpperScreen_spec.Room518a_WP2,1275.0
12213.29,Illuminance.Room518a_Ceiling,196.67
12213.29,TSL1_LowerScreen_spec.Room518a_WP1,701.0
12213.29,TSL1_LowerScreen_spec.Room518a_WP2,1661.0
12213.29,TSL2_Keyboard_spec.Room518a_WP1,1485.0
12213.29,TSL2_Keyboard_spec.Room518a_WP2,3103.0
12213.29,TSL3_UpperScreen_spec.Room518a_WP1,1607.0
12213.29,TSL3_UpperScreen_spec.Room518a_WP2,696.0
12213.29,TSL4_UpperScreen_spec.Room518a_WP1,1422.0
12213.29,TSL4_UpperScreen_spec.Room518a_WP2,1275.0
12314.44,Illuminance.Room518a_Ceiling,196.67
12314.44,TSL1_LowerScreen_spec.Room518a_WP1,701.0
12314.44,TSL1_LowerScreen_spec.Room518a_WP2,1661.0
12314.44,TSL2_Keyboard_spec.Room518a_WP1,1485.0
12314.44,TSL2_Keyboard_spec.Room518a_WP2,3103.0
12314.44,TSL3_UpperScreen_spec.Room518a_WP1,1647.0
12314.44,TSL3_UpperScreen_spec.Room518a_WP2,696.0
12314.44,TSL4_UpperScreen_spec.Room518a_WP1,1422.0
12314.44,TSL4_UpperScreen_spec.Room518a_WP2,1275.0
12415.64,Illuminance.Room518a_Ceiling,196.67
12415.64,TSL1_LowerScreen_spec.Room518a_WP1,701.0
12415.64,TSL1_LowerScreen_spec.Room518a_WP2,1661.0
12415.64,TSL2_Keyboard_spec.Room518a_WP1,1485.0
12415.64,TSL2_Keyboard_spec.Room518a_WP2,3103.0
12415.64,TSL3_UpperScreen_spec.Room518a_WP1,1647.0
12415.64,TSL3_UpperScreen_spec.Room518a_WP2,2372.0
12415.64,TSL4_UpperScreen_spec.Room518a_WP1,1422.0
12415.64,TSL4_UpperScreen_spec.Room518a_WP2,1275.0
12516.79,Illuminance.Room518a_Ceiling,196.67
12516.79,TSL1_LowerScreen_spec.Room518a_WP1,701.0
12516.79,TSL1_LowerScreen_spec.Room518a_WP2,1661.0
12516.79,TSL2_Keyboard_spec.Room518a_WP1,1485.0
12516.79,TSL2_Keyboard_spec.Room518a_WP2,3103.0
12516.79,TSL3_UpperScreen_spec.Room518a_WP1,1647.0
12516.79,TSL3_UpperScreen_spec.Room518a_WP2,2372.0
12516.79,TSL4_UpperScreen_spec.Room518a_WP1,1422.0
12516.79,TSL4_UpperScreen_spec.Room518a_WP2,1275.0
12617.99,Illuminance.Room518a_Ceiling,196.67
12617.99,TSL1_LowerScreen_spec.Room518a_WP1,701.0
12617.99,TSL1_LowerScreen_spec.Room518a_WP2,1661.0
12617.99,TSL2_Keyboard_spec.Room518a_WP1,1485.0
12617.99,TSL2_Keyboard_spec.Room518a_WP2,3103.0
12617.99,TSL3_UpperScreen_spec.Room518a_WP1,1647.0
12617.99,TSL3_UpperScreen_spec.Room518a_WP2,2372.0
12617.99,TSL4_UpperScreen_spec.Room518a_WP1,1422.0
12617.99,TSL4_UpperScreen_spec.Room518a_WP2,1275.0
12719.15,Illuminance.Room518a_Ceiling,196.67
12719.15,TSL1_LowerScreen_spec.Room518a_WP1,701.0
12719.15,TSL1_LowerScreen_spec.Room518a_WP2,1661.0
12719.15,TSL2_Keyboard_spec.Room518a_WP1,1485.0
12719.15,TSL2_Keyboard_spec.Room518a_WP2,3103.0
12719.15,TSL3_UpperScreen_spec.Room518a_WP1,1647.0
12719.15,TSL3_UpperScreen_spec.Room518a_WP2,2372.0
12719.15,TSL4_UpperScreen_spec.Room518a_WP1,1917.0
12719.15,TSL4_UpperScreen_spec.Room518a_WP2,1275.0
12820.33,Illuminance.Room518a_Ceiling,196.67
12820.33,TSL1_LowerScreen_spec.Room518a_WP1,701.0
12820.33,TSL1_LowerScreen_spec.Room518a_WP2,1661.0
12820.33,TSL2_Keyboard_spec.Room518a_WP1,1485.0
12820.33,TSL2_Keyboard_spec.Room518a_WP2,3103.0
12820.33,TSL3_UpperScreen_spec.Room518a_WP1,1647.0
12820.33,TSL3_UpperScreen_spec.Room518a_WP2,2372.0
12820.33,TSL4_UpperScreen_spec.Room518a_WP1,1917.0
12820.33,TSL4_UpperScreen_spec.Room518a_WP2,6569.0
12921.05,Illuminance.Room518a_Ceiling,196.67
12921.05,TSL1_LowerScreen_spec.Room518a_WP1,701.0
12921.05,TSL1_LowerScreen_spec.Room518a_WP2,1661.0
12921.05,TSL2_Keyboard_spec.Room518a_WP1,1485.0
12921.05,TSL2_Keyboard_spec.Room518a_WP2,3103.0
12921.05,TSL3_UpperScreen_spec.Room518a_WP1,1647.0
12921.05,TSL3_UpperScreen_spec.Room518a_WP2,2372.0
12921.05,TSL4_UpperScreen_spec.Room518a_WP1,1917.0
12921.05,TSL4_UpperScreen_spec.Room518a_WP2,6569.0
13021.29,Illuminance.Room518a_Ceiling,196.67
13021.29,TSL1_LowerScreen_spec.Room518a_WP1,701.0
13021.29,TSL1_LowerScreen_spec.Room518a_WP2,1661.0
13021.29,TSL2_Keyboard_spec.Room518a_WP1,1485.0
13021.29,TSL2_Keyboard_spec.Room518a_WP2,3103.0
13021.29,TSL3_UpperScreen_spec.Room518a_WP1,1647.0
13021.29,TSL3_UpperScreen_spec.Room518a_WP2,2372.0
13021.29,TSL4_UpperScreen_spec.Room518a_WP1,1917.0
13021.29,TSL4_UpperScreen_spec.Room518a_WP2,6569.0
13122.52,Illuminance.Room518a_Ceiling,196.67
13122.52,TSL1_LowerScreen_spec.Room518a_WP1,701.0
13122.52,TSL1_LowerScreen_spec.Room518a_WP2,1661.0
13122.52,TSL2_Keyboard_spec.Room518a_WP1,1485.0
13122.52,TSL2_Keyboard_spec.Room518a_WP2,3103.0
13122.52,TSL3_UpperScreen_spec.Room518a_WP1,1647.0
13122.52,TSL3_UpperScreen_spec.Room518a_WP2,2372.0
13122.52,TSL4_UpperScreen_spec.Room518a_WP1,1917.0
13122.52,TSL4_UpperScreen_spec.Room518a_WP2,6569.0
13223.61,Illuminance.Room518a_Ceiling,196.67
13223.61,TSL1_LowerScreen_spec.Room518a_WP1,701.0
13223.61,TSL1_LowerScreen_spec.Room518a_WP2,1661.0
13223.61,TSL2_Keyboard_spec.Room518a_WP1,1485.0
13223.61,TSL2_Keyboard_spec.Room518a_WP2,3103.0
13223.61,TSL3_UpperScreen_spec.Room518a_WP1,1647.0
13223.61,TSL3_UpperScreen_spec.Room518a_WP2,2372.0
13223.61,TSL4_UpperScreen_spec.Room518a_WP1,1917.0
13223.61,TSL4_UpperScreen_spec.Room518a_WP2,6569.0
13324.76,Illuminance.Room518a_Ceiling,196.67
13324.76,TSL1_LowerScreen_spec.Room518a_WP1,701.0
13324.76,TSL1_LowerScreen_spec.Room518a_WP2,1661.0
13324.76,TSL2_Keyboard_spec.Room518a_WP1,1485.0
13324.76,TSL2_Keyboard_spec.Room518a_WP2,3103.0
13324.76,TSL3_UpperScreen_spec.Room518a_WP1,1647.0
13324.76,TSL3_UpperScreen_spec.Room518a_WP2,2372.0
13324.76,TSL4_UpperScreen_spec.Room518a_WP1,1917.0
13324.76,TSL4_UpperScreen_spec.Room518a_WP2,6569.0
13425.95,Illuminance.Room518a_Ceiling,196.67
13425.95,TSL1_LowerScreen_spec.Room518a_WP1,701.0
13425.95,TSL1_LowerScreen_spec.Room518a_WP2,1661.0
13425.95,TSL2_Keyboard_spec.Room518a_WP1,1485.0
13425.95,TSL2_Keyboard_spec.Room518a_WP2,3103.0
13425.95,TSL3_UpperScreen_spec.Room518a_WP1,1647.0
13425.95,TSL3_UpperScreen_spec.Room518a_WP2,2372.0
13425.95,TSL4_UpperScreen_spec.Room518a_WP1,1917.0
13425.95,TSL4_UpperScreen_spec.Room518a_WP2,6569.0
13527.08,Illuminance.Room518a_Ceiling,196.67
13527.08,TSL1_LowerScreen_spec.Room518a_WP1,701.0
13527.08,TSL1_LowerScreen_spec.Room518a_WP2,1661.0
13527.08,TSL2_Keyboard_spec.Room518a_WP1,1485.0
13527.08,TSL2_Keyboard_spec.Room518a_WP2,3103.0
13527.08,TSL3_UpperScreen_spec.Room518a_WP1,1647.0
13527.08,TSL3_UpperScreen_spec.Room518a_WP2,2372.0
13527.08,TSL4_UpperScreen_spec.Room518a_WP1,1917.0
13527.08,TSL4_UpperScreen_spec.Room518a_WP2,6569.0
13628.29,Illuminance.Room518a_Ceiling,196.67
13628.29,TSL1_LowerScreen_spec.Room518a_WP1,701.0
13628.29,TSL1_LowerScreen_spec.Room518a_WP2,1661.0
13628.29,TSL2_Keyboard_spec.Room518a_WP1,1485.0
13628.29,TSL2_Keyboard_spec.Room518a_WP2,3103.0
13628.29,TSL3_UpperScreen_spec.Room518a_WP1,1647.0
13628.29,TSL3_UpperScreen_spec.Room518a_WP2,2372.0
13628.29,TSL4_UpperScreen_spec.Room518a_WP1,1917.0
13628.29,TSL4_UpperScreen_spec.Room518a_WP2,6569.0
13729.41,Illuminance.Room518a_Ceiling,196.67
13729.41,TSL1_LowerScreen_spec.Room518a_WP1,701.0
13729.41,TSL1_LowerScreen_spec.Room518a_WP2,1661.0
13729.41,TSL2_Keyboard_spec.Room518a_WP1,1485.0
13729.41,TSL2_Keyboard_spec.Room518a_WP2,3103.0
13729.41,TSL3_UpperScreen_spec.Room518a_WP1,1647.0
13729.41,TSL3_UpperScreen_spec.Room518a_WP2,2372.0
13729.41,TSL4_UpperScreen_spec.Room518a_WP1,1917.0
13729.41,TSL4_UpperScreen_spec.Room518a_WP2,6569.0
13830.61,Illuminance.Room518a_Ceiling,196.67
13830.61,TSL1_LowerScreen_spec.Room518a_WP1,701.0
13830.61,TSL1_LowerScreen_spec.Room518a_WP2,1661.0
13830.61,TSL2_Keyboard_spec.Room518a_WP1,1485.0
13830.61,TSL2_Keyboard_spec.Room518a_WP2,3103.0
13830.61,TSL3_UpperScreen_spec.Room518a_WP1,1647.0
13830.61,TSL3_UpperScreen_spec.Room518a_WP2,2372.0
13830.61,TSL4_UpperScreen_spec.Room518a_WP1,1917.0
13830.61,TSL4_UpperScreen_spec.Room518a_WP2,6569.0
13931.8,Illuminance.Room518a_Ceiling,196.67
13931.8,TSL1_LowerScreen_spec.Room518a_WP1,701.0
13931.8,TSL1_LowerScreen_spec.Room518a_WP2,1661.0
13931.8,TSL2_Keyboard_spec.Room518a_WP1,1485.0
13931.8,TSL2_Keyboard_spec.Room518a_WP2,3103.0
13931.8,TSL3_UpperScreen_spec.Room518a_WP1,1647.0
13931.8,TSL3_UpperScreen_spec.Room518a_WP2,2372.0
13931.8,TSL4_UpperScreen_spec.Room518a_WP1,1917.0
13931.8,TSL4_UpperScreen_spec.Room518a_WP2,6569.0
14032.99,Illuminance.Room518a_Ceiling,196.67
14032.99,TSL1_LowerScreen_spec.Room518a_WP1,701.0
14032.99,TSL1_LowerScreen_spec.Room518a_WP2,1661.0
14032.99,TSL2_Keyboard_spec.Room518a_WP1,1485.0
14032.99,TSL2_Keyboard_spec.Room518a_WP2,3103.0
14032.99,TSL3_UpperScreen_spec.Room518a_WP1,1647.0
14032.99,TSL3_UpperScreen_spec.Room518a_WP2,2372.0
14032.99,TSL4_UpperScreen_spec.Room518a_WP1,1917.0
14032.99,TSL4_UpperScreen_spec.Room518a_WP2,6569.0
14134.18,Illuminance.Room518a_Ceiling,196.67
14134.18,TSL1_LowerScreen_spec.Room518a_WP1,701.0
14134.18,TSL1_LowerScreen_spec.Room518a_WP2,1661.0
14134.18,TSL2_Keyboard_spec.Room518a_WP1,1485.0
14134.18,TSL2_Keyboard_spec.Room518a_WP2,3103.0
14134.18,TSL3_UpperScreen_spec.Room518a_WP1,1647.0
14134.18,TSL3_UpperScreen_spec.Room518a_WP2,2372.0
14134.18,TSL4_UpperScreen_spec.Room518a_WP1,1917.0
14134.18,TSL4_UpperScreen_spec.Room518a_WP2,6569.0
14234.77,Illuminance.Room518a_Ceiling,196.67
14234.77,TSL1_LowerScreen_spec.Room518a_WP1,701.0
14234.77,TSL1_LowerScreen_spec.Room518a_WP2,1661.0
14234.77,TSL2_Keyboard_spec.Room518a_WP1,1485.0
14234.77,TSL2_Keyboard_spec.Room518a_WP2,3103.0
14234.77,TSL3_UpperScreen_spec.Room518a_WP1,1647.0
14234.77,TSL3_UpperScreen_spec.Room518a_WP2,2372.0
14234.77,TSL4_UpperScreen_spec.Room518a_WP1,1917.0
14234.77,TSL4_UpperScreen_spec.Room518a_WP2,6569.0
14335.97,Illuminance.Room518a_Ceiling,196.67
14335.97,TSL1_LowerScreen_spec.Room518a_WP1,701.0
14335.97,TSL1_LowerScreen_spec.Room518a_WP2,1661.0
14335.97,TSL2_Keyboard_spec.Room518a_WP1,1485.0
14335.97,TSL2_Keyboard_spec.Room518a_WP2,3103.0
14335.97,TSL3_UpperScreen_spec.Room518a_WP1,1647.0
14335.97,TSL3_UpperScreen_spec.Room518a_WP2,2372.0
14335.97,TSL4_UpperScreen_spec.Room518a_WP1,1917.0
14335.97,TSL4_UpperScreen_spec.Room518a_WP2,6569.0
14437.17,Illuminance.Room518a_Ceiling,196.67
14437.17,TSL1_LowerScreen_spec.Room518a_WP1,701.0
14437.17,TSL1_LowerScreen_spec.Room518a_WP2,1661.0
14437.17,TSL2_Keyboard_spec.Room518a_WP1,1485.0
14437.17,TSL2_Keyboard_spec.Room518a_WP2,3103.0
14437.17,TSL3_UpperScreen_spec.Room518a_WP1,1647.0
14437.17,TSL3_UpperScreen_spec.Room518a_WP2,2372.0
14437.17,TSL4_UpperScreen_spec.Room518a_WP1,1917.0
14437.17,TSL4_UpperScreen_spec.Room518a_WP2,6569.0
14538.36,Illuminance.Room518a_Ceiling,196.67
14538.36,TSL1_LowerScreen_spec.Room518a_WP1,701.0
14538.36,TSL1_LowerScreen_spec.Room518a_WP2,1661.0
14538.36,TSL2_Keyboard_spec.Room518a_WP1,1485.0
14538.36,TSL2_Keyboard_spec.Room518a_WP2,3103.0
14538.36,TSL3_UpperScreen_spec.Room518a_WP1,1647.0
14538.36,TSL3_UpperScreen_spec.Room518a_WP2,2372.0
14538.36,TSL4_UpperScreen_spec.Room518a_WP1,1917.0
14538.36,TSL4_UpperScreen_spec.Room518a_WP2,6569.0
14639.49,Illuminance.Room518a_Ceiling,196.67
14639.49,TSL1_LowerScreen_spec.Room518a_WP1,701.0
14639.49,TSL1_LowerScreen_spec.Room518a_WP2,1661.0
14639.49,TSL2_Keyboard_spec.Room518a_WP1,1485.0
14639.49,TSL2_Keyboard_spec.Room518a_WP2,3103.0
14639.49,TSL3_UpperScreen_spec.Room518a_WP1,1647.0
14639.49,TSL3_UpperScreen_spec.Room518a_WP2,2372.0
14639.49,TSL4_UpperScreen_spec.Room518a_WP1,1917.0
14639.49,TSL4_UpperScreen_spec.Room518a_WP2,6569.0
14739.93,Illuminance.Room518a_Ceiling,196.67
14739.93,TSL1_LowerScreen_spec.Room518a_WP1,701.0
14739.93,TSL1_LowerScreen_spec.Room518a_WP2,1661.0
14739.93,TSL2_Keyboard_spec.Room518a_WP1,1485.0
14739.93,TSL2_Keyboard_spec.Room518a_WP2,3103.0
14739.93,TSL3_UpperScreen_spec.Room518a_WP1,1647.0
14739.93,TSL3_UpperScreen_spec.Room518a_WP2,2372.0
14739.93,TSL4_UpperScreen_spec.Room518a_WP1,1917.0
14739.93,TSL4_UpperScreen_spec.Room518a_WP2,6569.0
14841.09,Illuminance.Room518a_Ceiling,196.67
14841.09,TSL1_LowerScreen_spec.Room518a_WP1,701.0
14841.09,TSL1_LowerScreen_spec.Room518a_WP2,1661.0
14841.09,TSL2_Keyboard_spec.Room518a_WP1,1485.0
14841.09,TSL2_Keyboard_spec.Room518a_WP2,3103.0
14841.09,TSL3_UpperScreen_spec.Room518a_WP1,1647.0
14841.09,TSL3_UpperScreen_spec.Room518a_WP2,2372.0
14841.09,TSL4_UpperScreen_spec.Room518a_WP1,1917.0
14841.09,TSL4_UpperScreen_spec.Room518a_WP2,6569.0
14942.24,Illuminance.Room518a_Ceiling,196.67
14942.24,TSL1_LowerScreen_spec.Room518a_WP1,701.0
14942.24,TSL1_LowerScreen_spec.Room518a_WP2,1661.0
14942.24,TSL2_Keyboard_spec.Room518a_WP1,1485.0
14942.24,TSL2_Keyboard_spec.Room518a_WP2,3103.0
14942.24,TSL3_UpperScreen_spec.Room518a_WP1,1647.0
14942.24,TSL3_UpperScreen_spec.Room518a_WP2,2372.0
14942.24,TSL4_UpperScreen_spec.Room518a_WP1,1917.0
14942.24,TSL4_UpperScreen_spec.Room518a_WP2,6569.0
15043.45,Illuminance.Room518a_Ceiling,196.67
15043.45,TSL1_LowerScreen_spec.Room518a_WP1,701.0
15043.45,TSL1_LowerScreen_spec.Room518a_WP2,1661.0
15043.45,TSL2_Keyboard_spec.Room518a_WP1,1485.0
15043.45,TSL2_Keyboard_spec.Room518a_WP2,3103.0
15043.45,TSL3_UpperScreen_spec.Room518a_WP1,1647.0
15043.45,TSL3_UpperScreen_spec.Room518a_WP2,2372.0
15043.45,TSL4_UpperScreen_spec.Room518a_WP1,1917.0
15043.45,TSL4_UpperScreen_spec.Room518a_WP2,6569.0
15144.64,Illuminance.Room518a_Ceiling,196.67
15144.64,TSL1_LowerScreen_spec.Room518a_WP1,701.0
15144.64,TSL1_LowerScreen_spec.Room518a_WP2,1661.0
15144.64,TSL2_Keyboard_spec.Room518a_WP1,1485.0
15144.64,TSL2_Keyboard_spec.Room518a_WP2,3103.0
15144.64,TSL3_UpperScreen_spec.Room518a_WP1,1647.0
15144.64,TSL3_UpperScreen_spec.Room518a_WP2,2372.0
15144.64,TSL4_UpperScreen_spec.Room518a_WP1,1917.0
15144.64,TSL4_UpperScreen_spec.Room518a_WP2,6569.0
15245.54,Illuminance.Room518a_Ceiling,196.67
15245.54,TSL1_LowerScreen_spec.Room518a_WP1,701.0
15245.54,TSL1_LowerScreen_spec.Room518a_WP2,1661.0
15245.54,TSL2_Keyboard_spec.Room518a_WP1,1485.0
15245.54,TSL2_Keyboard_spec.Room518a_WP2,3103.0
15245.54,TSL3_UpperScreen_spec.Room518a_WP1,1647.0
15245.54,TSL3_UpperScreen_spec.Room518a_WP2,2372.0
15245.54,TSL4_UpperScreen_spec.Room518a_WP1,1917.0
15245.54,TSL4_UpperScreen_spec.Room518a_WP2,6569.0
15346.63,Illuminance.Room518a_Ceiling,196.67
15346.63,TSL1_LowerScreen_spec.Room518a_WP1,701.0
15346.63,TSL1_LowerScreen_spec.Room518a_WP2,1661.0
15346.63,TSL2_Keyboard_spec.Room518a_WP1,1485.0
15346.63,TSL2_Keyboard_spec.Room518a_WP2,3103.0
15346.63,TSL3_UpperScreen_spec.Room518a_WP1,1647.0
15346.63,TSL3_UpperScreen_spec.Room518a_WP2,2372.0
15346.63,TSL4_UpperScreen_spec.Room518a_WP1,1917.0
15346.63,TSL4_UpperScreen_spec.Room518a_WP2,6569.0
15447.82,Illuminance.Room518a_Ceiling,196.67
15447.82,TSL1_LowerScreen_spec.Room518a_WP1,701.0
15447.82,TSL1_LowerScreen_spec.Room518a_WP2,1661.0
15447.82,TSL2_Keyboard_spec.Room518a_WP1,1485.0
15447.82,TSL2_Keyboard_spec.Room518a_WP2,3103.0
15447.82,TSL3_UpperScreen_spec.Room518a_WP1,1647.0
15447.82,TSL3_UpperScreen_spec.Room518a_WP2,2372.0
15447.82,TSL4_UpperScreen_spec.Room518a_WP1,1917.0
15447.82,TSL4_UpperScreen_spec.Room518a_WP2,6569.0
15548.91,Illuminance.Room518a_Ceiling,196.67
15548.91,TSL1_LowerScreen_spec.Room518a_WP1,701.0
15548.91,TSL1_LowerScreen_spec.Room518a_WP2,1661.0
15548.91,TSL2_Keyboard_spec.Room518a_WP1,1485.0
15548.91,TSL2_Keyboard_spec.Room518a_WP2,3103.0
15548.91,TSL3_UpperScreen_spec.Room518a_WP1,1647.0
15548.91,TSL3_UpperScreen_spec.Room518a_WP2,2372.0
15548.91,TSL4_UpperScreen_spec.Room518a_WP1,1917.0
15548.91,TSL4_UpperScreen_spec.Room518a_WP2,6569.0
15649.51,Illuminance.Room518a_Ceiling,196.67
15649.51,TSL1_LowerScreen_spec.Room518a_WP1,701.0
15649.51,TSL1_LowerScreen_spec.Room518a_WP2,1661.0
15649.51,TSL2_Keyboard_spec.Room518a_WP1,1485.0
15649.51,TSL2_Keyboard_spec.Room518a_WP2,3103.0
15649.51,TSL3_UpperScreen_spec.Room518a_WP1,1647.0
15649.51,TSL3_UpperScreen_spec.Room518a_WP2,2372.0
15649.51,TSL4_UpperScreen_spec.Room518a_WP1,1917.0
15649.51,TSL4_UpperScreen_spec.Room518a_WP2,6569.0
15750.72,Illuminance.Room518a_Ceiling,196.67
15750.72,TSL1_LowerScreen_spec.Room518a_WP1,701.0
15750.72,TSL1_LowerScreen_spec.Room518a_WP2,1661.0
15750.72,TSL2_Keyboard_spec.Room518a_WP1,1485.0
15750.72,TSL2_Keyboard_spec.Room518a_WP2,3103.0
15750.72,TSL3_UpperScreen_spec.Room518a_WP1,1647.0
15750.72,TSL3_UpperScreen_spec.Room518a_WP2,2372.0
15750.72,TSL4_UpperScreen_spec.Room518a_WP1,1917.0
15750.72,TSL4_UpperScreen_spec.Room518a_WP2,6569.0
15851.85,Illuminance.Room518a_Ceiling,196.67
15851.85,TSL1_LowerScreen_spec.Room518a_WP1,701.0
15851.85,TSL1_LowerScreen_spec.Room518a_WP2,1661.0
15851.85,TSL2_Keyboard_spec.Room518a_WP1,1485.0
15851.85,TSL2_Keyboard_spec.Room518a_WP2,3103.0
15851.85,TSL3_UpperScreen_spec.Room518a_WP1,1647.0
15851.85,TSL3_UpperScreen_spec.Room518a_WP2,2372.0
15851.85,TSL4_UpperScreen_spec.Room518a_WP1,1917.0
15851.85,TSL4_UpperScreen_spec.Room518a_WP2,6569.0
15953.03,Illuminance.Room518a_Ceiling,196.67
15953.03,TSL1_LowerScreen_spec.Room518a_WP1,701.0
15953.03,TSL1_LowerScreen_spec.Room518a_WP2,1661.0
15953.03,TSL2_Keyboard_spec.Room518a_WP1,1485.0
15953.03,TSL2_Keyboard_spec.Room518a_WP2,3103.0
15953.03,TSL3_UpperScreen_spec.Room518a_WP1,1647.0
15953.03,TSL3_UpperScreen_spec.Room518a_WP2,2372.0
15953.03,TSL4_UpperScreen_spec.Room518a_WP1,1917.0
15953.03,TSL4_UpperScreen_spec.Room518a_WP2,6569.0
16054.2,Illuminance.Room518a_Ceiling,196.67
16054.2,TSL1_LowerScreen_spec.Room518a_WP1,701.0
16054.2,TSL1_LowerScreen_spec.Room518a_WP2,1661.0
16054.2,TSL2_Keyboard_spec.Room518a_WP1,1485.0
16054.2,TSL2_Keyboard_spec.Room518a_WP2,3103.0
16054.2,TSL3_UpperScreen_spec.Room518a_WP1,1647.0
16054.2,TSL3_UpperScreen_spec.Room518a_WP2,2372.0
16054.2,TSL4_UpperScreen_spec.Room518a_WP1,1917.0
16054.2,TSL4_UpperScreen_spec.Room518a_WP2,6569.0
16155.4,Illuminance.Room518a_Ceiling,196.67
16155.4,TSL1_LowerScreen_spec.Room518a_WP1,701.0
16155.4,TSL1_LowerScreen_spec.Room518a_WP2,1661.0
16155.4,TSL2_Keyboard_spec.Room518a_WP1,1485.0
16155.4,TSL2_Keyboard_spec.Room518a_WP2,3103.0
16155.4,TSL3_UpperScreen_spec.Room518a_WP1,1647.0
16155.4,TSL3_UpperScreen_spec.Room518a_WP2,2372.0
16155.4,TSL4_UpperScreen_spec.Room518a_WP1,1917.0
16155.4,TSL4_UpperScreen_spec.Room518a_WP2,6569.0
16256.88,Illuminance.Room518a_Ceiling,196.67
16256.88,TSL1_LowerScreen_spec.Room518a_WP1,701.0
16256.88,TSL1_LowerScreen_spec.Room518a_WP2,1661.0
16256.88,TSL2_Keyboard_spec.Room518a_WP1,1485.0
16256.88,TSL2_Keyboard_spec.Room518a_WP2,3103.0
16256.88,TSL3_UpperScreen_spec.Room518a_WP1,1647.0
16256.88,TSL3_UpperScreen_spec.Room518a_WP2,2372.0
16256.88,TSL4_UpperScreen_spec.Room518a_WP1,1917.0
16256.88,TSL4_UpperScreen_spec.Room518a_WP2,6569.0
16358.09,Illuminance.Room518a_Ceiling,196.67
16358.09,TSL1_LowerScreen_spec.Room518a_WP1,701.0
16358.09,TSL1_LowerScreen_spec.Room518a_WP2,1661.0
16358.09,TSL2_Keyboard_spec.Room518a_WP1,1485.0
16358.09,TSL2_Keyboard_spec.Room518a_WP2,3103.0
16358.09,TSL3_UpperScreen_spec.Room518a_WP1,1647.0
16358.09,TSL3_UpperScreen_spec.Room518a_WP2,2372.0
16358.09,TSL4_UpperScreen_spec.Room518a_WP1,1917.0
16358.09,TSL4_UpperScreen_spec.Room518a_WP2,6569.0
16458.57,Illuminance.Room518a_Ceiling,196.67
16458.57,TSL1_LowerScreen_spec.Room518a_WP1,701.0
16458.57,TSL1_LowerScreen_spec.Room518a_WP2,1661.0
16458.57,TSL2_Keyboard_spec.Room518a_WP1,1485.0
16458.57,TSL2_Keyboard_spec.Room518a_WP2,3103.0
16458.57,TSL3_UpperScreen_spec.Room518a_WP1,1647.0
16458.57,TSL3_UpperScreen_spec.Room518a_WP2,2372.0
16458.57,TSL4_UpperScreen_spec.Room518a_WP1,1917.0
16458.57,TSL4_UpperScreen_spec.Room518a_WP2,6569.0
16559.79,Illuminance.Room518a_Ceiling,196.67
16559.79,TSL1_LowerScreen_spec.Room518a_WP1,701.0
16559.79,TSL1_LowerScreen_spec.Room518a_WP2,1661.0
16559.79,TSL2_Keyboard_spec.Room518a_WP1,1485.0
16559.79,TSL2_Keyboard_spec.Room518a_WP2,3103.0
16559.79,TSL3_UpperScreen_spec.Room518a_WP1,1647.0
16559.79,TSL3_UpperScreen_spec.Room518a_WP2,2372.0
16559.79,TSL4_UpperScreen_spec.Room518a_WP1,1917.0
16559.79,TSL4_UpperScreen_spec.Room518a_WP2,6569.0
16660.99,Illuminance.Room518a_Ceiling,196.67
16660.99,TSL1_LowerScreen_spec.Room518a_WP1,701.0
16660.99,TSL1_LowerScreen_spec.Room518a_WP2,1661.0
16660.99,TSL2_Keyboard_spec.Room518a_WP1,1485.0
16660.99,TSL2_Keyboard_spec.Room518a_WP2,3103.0
16660.99,TSL3_UpperScreen_spec.Room518a_WP1,1647.0
16660.99,TSL3_UpperScreen_spec.Room518a_WP2,2372.0
16660.99,TSL4_UpperScreen_spec.Room518a_WP1,1917.0
16660.99,TSL4_UpperScreen_spec.Room518a_WP2,6569.0
16762.16,Illuminance.Room518a_Ceiling,196.67
16762.16,TSL1_LowerScreen_spec.Room518a_WP1,701.0
16762.16,TSL1_LowerScreen_spec.Room518a_WP2,1661.0
16762.16,TSL2_Keyboard_spec.Room518a_WP1,1485.0
16762.16,TSL2_Keyboard_spec.Room518a_WP2,3103.0
16762.16,TSL3_UpperScreen_spec.Room518a_WP1,1647.0
16762.16,TSL3_UpperScreen_spec.Room518a_WP2,2372.0
16762.16,TSL4_UpperScreen_spec.Room518a_WP1,1917.0
16762.16,TSL4_UpperScreen_spec.Room518a_WP2,6569.0
16862.7,Illuminance.Room518a_Ceiling,196.67
16862.7,TSL1_LowerScreen_spec.Room518a_WP1,701.0
16862.7,TSL1_LowerScreen_spec.Room518a_WP2,1661.0
16862.7,TSL2_Keyboard_spec.Room518a_WP1,1485.0
16862.7,TSL2_Keyboard_spec.Room518a_WP2,3103.0
16862.7,TSL3_UpperScreen_spec.Room518a_WP1,1647.0
16862.7,TSL3_UpperScreen_spec.Room518a_WP2,2372.0
16862.7,TSL4_UpperScreen_spec.Room518a_WP1,1917.0
16862.7,TSL4_UpperScreen_spec.Room518a_WP2,6569.0
16963.89,Illuminance.Room518a_Ceiling,196.67
16963.89,TSL1_LowerScreen_spec.Room518a_WP1,701.0
16963.89,TSL1_LowerScreen_spec.Room518a_WP2,1661.0
16963.89,TSL2_Keyboard_spec.Room518a_WP1,1485.0
16963.89,TSL2_Keyboard_spec.Room518a_WP2,3103.0
16963.89,TSL3_UpperScreen_spec.Room518a_WP1,1647.0
16963.89,TSL3_UpperScreen_spec.Room518a_WP2,2372.0
16963.89,TSL4_UpperScreen_spec.Room518a_WP1,1917.0
16963.89,TSL4_UpperScreen_spec.Room518a_WP2,6569.0
17065.05,Illuminance.Room518a_Ceiling,196.67
17065.05,TSL1_LowerScreen_spec.Room518a_WP1,701.0
17065.05,TSL1_LowerScreen_spec.Room518a_WP2,1661.0
17065.05,TSL2_Keyboard_spec.Room518a_WP1,1485.0
17065.05,TSL2_Keyboard_spec.Room518a_WP2,3103.0
17065.05,TSL3_UpperScreen_spec.Room518a_WP1,1647.0
17065.05,TSL3_UpperScreen_spec.Room518a_WP2,2372.0
17065.05,TSL4_UpperScreen_spec.Room518a_WP1,1917.0
17065.05,TSL4_UpperScreen_spec.Room518a_WP2,6569.0
17166.22,Illuminance.Room518a_Ceiling,196.67
17166.22,TSL1_LowerScreen_spec.Room518a_WP1,701.0
17166.22,TSL1_LowerScreen_spec.Room518a_WP2,1661.0
17166.22,TSL2_Keyboard_spec.Room518a_WP1,1485.0
17166.22,TSL2_Keyboard_spec.Room518a_WP2,3103.0
17166.22,TSL3_UpperScreen_spec.Room518a_WP1,1647.0
17166.22,TSL3_UpperScreen_spec.Room518a_WP2,2372.0
17166.22,TSL4_UpperScreen_spec.Room518a_WP1,1917.0
17166.22,TSL4_UpperScreen_spec.Room518a_WP2,6569.0
17267.16,Illuminance.Room518a_Ceiling,196.67
17267.16,TSL1_LowerScreen_spec.Room518a_WP1,701.0
17267.16,TSL1_LowerScreen_spec.Room518a_WP2,1661.0
17267.16,TSL2_Keyboard_spec.Room518a_WP1,1485.0
17267.16,TSL2_Keyboard_spec.Room518a_WP2,3103.0
17267.16,TSL3_UpperScreen_spec.Room518a_WP1,1647.0
17267.16,TSL3_UpperScreen_spec.Room518a_WP2,2372.0
17267.16,TSL4_UpperScreen_spec.Room518a_WP1,1917.0
17267.16,TSL4_UpperScreen_spec.Room518a_WP2,6569.0
17368.3,Illuminance.Room518a_Ceiling,196.67
17368.3,TSL1_LowerScreen_spec.Room518a_WP1,701.0
17368.3,TSL1_LowerScreen_spec.Room518a_WP2,1661.0
17368.3,TSL2_Keyboard_spec.Room518a_WP1,1485.0
17368.3,TSL2_Keyboard_spec.Room518a_WP2,3103.0
17368.3,TSL3_UpperScreen_spec.Room518a_WP1,1647.0
17368.3,TSL3_UpperScreen_spec.Room518a_WP2,2372.0
17368.3,TSL4_UpperScreen_spec.Room518a_WP1,1917.0
17368.3,TSL4_UpperScreen_spec.Room518a_WP2,6569.0
17469.39,Illuminance.Room518a_Ceiling,196.67
17469.39,TSL1_LowerScreen_spec.Room518a_WP1,701.0
17469.39,TSL1_LowerScreen_spec.Room518a_WP2,1661.0
17469.39,TSL2_Keyboard_spec.Room518a_WP1,1485.0
17469.39,TSL2_Keyboard_spec.Room518a_WP2,3103.0
17469.39,TSL3_UpperScreen_spec.Room518a_WP1,1647.0
17469.39,TSL3_UpperScreen_spec.Room518a_WP2,2372.0
17469.39,TSL4_UpperScreen_spec.Room518a_WP1,1917.0
17469.39,TSL4_UpperScreen_spec.Room518a_WP2,6569.0
17570.53,Illuminance.Room518a_Ceiling,196.67
17570.53,TSL1_LowerScreen_spec.Room518a_WP1,701.0
17570.53,TSL1_LowerScreen_spec.Room518a_WP2,1661.0
17570.53,TSL2_Keyboard_spec.Room518a_WP1,1485.0
17570.53,TSL2_Keyboard_spec.Room518a_WP2,3103.0
17570.53,TSL3_UpperScreen_spec.Room518a_WP1,1647.0
17570.53,TSL3_UpperScreen_spec.Room518a_WP2,2372.0
17570.53,TSL4_UpperScreen_spec.Room518a_WP1,1917.0
17570.53,TSL4_UpperScreen_spec.Room518a_WP2,6569.0
17671.72,Illuminance.Room518a_Ceiling,196.67
17671.72,TSL1_LowerScreen_spec.Room518a_WP1,701.0
17671.72,TSL1_LowerScreen_spec.Room518a_WP2,1661.0
17671.72,TSL2_Keyboard_spec.Room518a_WP1,1485.0
17671.72,TSL2_Keyboard_spec.Room518a_WP2,3103.0
17671.72,TSL3_UpperScreen_spec.Room518a_WP1,1647.0
17671.72,TSL3_UpperScreen_spec.Room518a_WP2,2372.0
17671.72,TSL4_UpperScreen_spec.Room518a_WP1,1917.0
17671.72,TSL4_UpperScreen_spec.Room518a_WP2,6569.0
17772.91,Illuminance.Room518a_Ceiling,196.67
17772.91,TSL1_LowerScreen_spec.Room518a_WP1,701.0
17772.91,TSL1_LowerScreen_spec.Room518a_WP2,1661.0
17772.91,TSL2_Keyboard_spec.Room518a_WP1,1485.0
17772.91,TSL2_Keyboard_spec.Room518a_WP2,3103.0
17772.91,TSL3_UpperScreen_spec.Room518a_WP1,1647.0
17772.91,TSL3_UpperScreen_spec.Room518a_WP2,2372.0
17772.91,TSL4_UpperScreen_spec.Room518a_WP1,1917.0
17772.91,TSL4_UpperScreen_spec.Room518a_WP2,6569.0
17874.11,Illuminance.Room518a_Ceiling,196.67
17874.11,TSL1_LowerScreen_spec.Room518a_WP1,701.0
17874.11,TSL1_LowerScreen_spec.Room518a_WP2,1661.0
17874.11,TSL2_Keyboard_spec.Room518a_WP1,1485.0
17874.11,TSL2_Keyboard_spec.Room518a_WP2,3103.0
17874.11,TSL3_UpperScreen_spec.Room518a_WP1,1647.0
17874.11,TSL3_UpperScreen_spec.Room518a_WP2,2372.0
17874.11,TSL4_UpperScreen_spec.Room518a_WP1,1917.0
17874.11,TSL4_UpperScreen_spec.Room518a_WP2,6569.0
17975.22,Illuminance.Room518a_Ceiling,196.67
17975.22,TSL1_LowerScreen_spec.Room518a_WP1,701.0
17975.22,TSL1_LowerScreen_spec.Room518a_WP2,1661.0
17975.22,TSL2_Keyboard_spec.Room518a_WP1,1485.0
17975.22,TSL2_Keyboard_spec.Room518a_WP2,3103.0
17975.22,TSL3_UpperScreen_spec.Room518a_WP1,1647.0
17975.22,TSL3_UpperScreen_spec.Room518a_WP2,2372.0
17975.22,TSL4_UpperScreen_spec.Room518a_WP1,1917.0
17975.22,TSL4_UpperScreen_spec.Room518a_WP2,6569.0
18076.36,Illuminance.Room518a_Ceiling,196.67
18076.36,TSL1_LowerScreen_spec.Room518a_WP1,701.0
18076.36,TSL1_LowerScreen_spec.Room518a_WP2,1661.0
18076.36,TSL2_Keyboard_spec.Room518a_WP1,1485.0
18076.36,TSL2_Keyboard_spec.Room518a_WP2,3103.0
18076.36,TSL3_UpperScreen_spec.Room518a_WP1,1647.0
18076.36,TSL3_UpperScreen_spec.Room518a_WP2,2372.0
18076.36,TSL4_UpperScreen_spec.Room518a_WP1,1917.0
18076.36,TSL4_UpperScreen_spec.Room518a_WP2,6569.0
18177.14,Illuminance.Room518a_Ceiling,196.67
18177.14,TSL1_LowerScreen_spec.Room518a_WP1,701.0
18177.14,TSL1_LowerScreen_spec.Room518a_WP2,1661.0
18177.14,TSL2_Keyboard_spec.Room518a_WP1,1485.0
18177.14,TSL2_Keyboard_spec.Room518a_WP2,3103.0
18177.14,TSL3_UpperScreen_spec.Room518a_WP1,1647.0
18177.14,TSL3_UpperScreen_spec.Room518a_WP2,2372.0
18177.14,TSL4_UpperScreen_spec.Room518a_WP1,1917.0
18177.14,TSL4_UpperScreen_spec.Room518a_WP2,6569.0
18278.34,Illuminance.Room518a_Ceiling,196.67
18278.34,TSL1_LowerScreen_spec.Room518a_WP1,701.0
18278.34,TSL1_LowerScreen_spec.Room518a_WP2,1661.0
18278.34,TSL2_Keyboard_spec.Room518a_WP1,1485.0
18278.34,TSL2_Keyboard_spec.Room518a_WP2,3103.0
18278.34,TSL3_UpperScreen_spec.Room518a_WP1,1647.0
18278.34,TSL3_UpperScreen_spec.Room518a_WP2,2372.0
18278.34,TSL4_UpperScreen_spec.Room518a_WP1,1917.0
18278.34,TSL4_UpperScreen_spec.Room518a_WP2,6569.0
18379.52,Illuminance.Room518a_Ceiling,196.67
18379.52,TSL1_LowerScreen_spec.Room518a_WP1,701.0
18379.52,TSL1_LowerScreen_spec.Room518a_WP2,1661.0
18379.52,TSL2_Keyboard_spec.Room518a_WP1,1485.0
18379.52,TSL2_Keyboard_spec.Room518a_WP2,3103.0
18379.52,TSL3_UpperScreen_spec.Room518a_WP1,1647.0
18379.52,TSL3_UpperScreen_spec.Room518a_WP2,2372.0
18379.52,TSL4_UpperScreen_spec.Room518a_WP1,1917.0
18379.52,TSL4_UpperScreen_spec.Room518a_WP2,6569.0
18480.72,Illuminance.Room518a_Ceiling,196.67
18480.72,TSL1_LowerScreen_spec.Room518a_WP1,701.0
18480.72,TSL1_LowerScreen_spec.Room518a_WP2,1661.0
18480.72,TSL2_Keyboard_spec.Room518a_WP1,1485.0
18480.72,TSL2_Keyboard_spec.Room518a_WP2,3103.0
18480.72,TSL3_UpperScreen_spec.Room518a_WP1,1647.0
18480.72,TSL3_UpperScreen_spec.Room518a_WP2,2372.0
18480.72,TSL4_UpperScreen_spec.Room518a_WP1,1917.0
18480.72,TSL4_UpperScreen_spec.Room518a_WP2,6569.0
18581.85,Illuminance.Room518a_Ceiling,196.67
18581.85,TSL1_LowerScreen_spec.Room518a_WP1,701.0
18581.85,TSL1_LowerScreen_spec.Room518a_WP2,1661.0
18581.85,TSL2_Keyboard_spec.Room518a_WP1,1485.0
18581.85,TSL2_Keyboard_spec.Room518a_WP2,3103.0
18581.85,TSL3_UpperScreen_spec.Room518a_WP1,1647.0
18581.85,TSL3_UpperScreen_spec.Room518a_WP2,2372.0
18581.85,TSL4_UpperScreen_spec.Room518a_WP1,1917.0
18581.85,TSL4_UpperScreen_spec.Room518a_WP2,6569.0
18683.03,Illuminance.Room518a_Ceiling,196.67
18683.03,TSL1_LowerScreen_spec.Room518a_WP1,701.0
18683.03,TSL1_LowerScreen_spec.Room518a_WP2,1661.0
18683.03,TSL2_Keyboard_spec.Room518a_WP1,1485.0
18683.03,TSL2_Keyboard_spec.Room518a_WP2,3103.0
18683.03,TSL3_UpperScreen_spec.Room518a_WP1,1647.0
18683.03,TSL3_UpperScreen_spec.Room518a_WP2,2372.0
18683.03,TSL4_UpperScreen_spec.Room518a_WP1,1917.0
18683.03,TSL4_UpperScreen_spec.Room518a_WP2,6569.0
18784.21,Illuminance.Room518a_Ceiling,196.67
18784.21,TSL1_LowerScreen_spec.Room518a_WP1,701.0
18784.21,TSL1_LowerScreen_spec.Room518a_WP2,1661.0
18784.21,TSL2_Keyboard_spec.Room518a_WP1,1485.0
18784.21,TSL2_Keyboard_spec.Room518a_WP2,3103.0
18784.21,TSL3_UpperScreen_spec.Room518a_WP1,1647.0
18784.21,TSL3_UpperScreen_spec.Room518a_WP2,2372.0
18784.21,TSL4_UpperScreen_spec.Room518a_WP1,1917.0
18784.21,TSL4_UpperScreen_spec.Room518a_WP2,6569.0
18884.5,Illuminance.Room518a_Ceiling,196.67
18884.5,TSL1_LowerScreen_spec.Room518a_WP1,701.0
18884.5,TSL1_LowerScreen_spec.Room518a_WP2,1661.0
18884.5,TSL2_Keyboard_spec.Room518a_WP1,1485.0
18884.5,TSL2_Keyboard_spec.Room518a_WP2,3103.0
18884.5,TSL3_UpperScreen_spec.Room518a_WP1,1647.0
18884.5,TSL3_UpperScreen_spec.Room518a_WP2,2372.0
18884.5,TSL4_UpperScreen_spec.Room518a_WP1,1917.0
18884.5,TSL4_UpperScreen_spec.Room518a_WP2,6569.0
18985.64,Illuminance.Room518a_Ceiling,321.67
18985.64,TSL1_LowerScreen_spec.Room518a_WP1,701.0
18985.64,TSL1_LowerScreen_spec.Room518a_WP2,1661.0
18985.64,TSL2_Keyboard_spec.Room518a_WP1,1485.0
18985.64,TSL2_Keyboard_spec.Room518a_WP2,3103.0
18985.64,TSL3_UpperScreen_spec.Room518a_WP1,1647.0
18985.64,TSL3_UpperScreen_spec.Room518a_WP2,2372.0
18985.64,TSL4_UpperScreen_spec.Room518a_WP1,1917.0
18985.64,TSL4_UpperScreen_spec.Room518a_WP2,6569.0
19086.8,Illuminance.Room518a_Ceiling,321.67
19086.8,TSL1_LowerScreen_spec.Room518a_WP1,701.0
19086.8,TSL1_LowerScreen_spec.Room518a_WP2,1661.0
19086.8,TSL2_Keyboard_spec.Room518a_WP1,1485.0
19086.8,TSL2_Keyboard_spec.Room518a_WP2,3103.0
19086.8,TSL3_UpperScreen_spec.Room518a_WP1,1647.0
19086.8,TSL3_UpperScreen_spec.Room518a_WP2,2372.0
19086.8,TSL4_UpperScreen_spec.Room518a_WP1,1917.0
19086.8,TSL4_UpperScreen_spec.Room518a_WP2,6569.0
19187.94,Illuminance.Room518a_Ceiling,321.67
19187.94,TSL1_LowerScreen_spec.Room518a_WP1,701.0
19187.94,TSL1_LowerScreen_spec.Room518a_WP2,1661.0
19187.94,TSL2_Keyboard_spec.Room518a_WP1,1485.0
19187.94,TSL2_Keyboard_spec.Room518a_WP2,3103.0
19187.94,TSL3_UpperScreen_spec.Room518a_WP1,1647.0
19187.94,TSL3_UpperScreen_spec.Room518a_WP2,2372.0
19187.94,TSL4_UpperScreen_spec.Room518a_WP1,1917.0
19187.94,TSL4_UpperScreen_spec.Room518a_WP2,6569.0
19289.12,Illuminance.Room518a_Ceiling,321.67
19289.12,TSL1_LowerScreen_spec.Room518a_WP1,701.0
19289.12,TSL1_LowerScreen_spec.Room518a_WP2,1661.0
19289.12,TSL2_Keyboard_spec.Room518a_WP1,1485.0
19289.12,TSL2_Keyboard_spec.Room518a_WP2,3103.0
19289.12,TSL3_UpperScreen_spec.Room518a_WP1,1647.0
19289.12,TSL3_UpperScreen_spec.Room518a_WP2,2372.0
19289.12,TSL4_UpperScreen_spec.Room518a_WP1,1917.0
19289.12,TSL4_UpperScreen_spec.Room518a_WP2,6569.0
19390.31,Illuminance.Room518a_Ceiling,321.67
19390.31,TSL1_LowerScreen_spec.Room518a_WP1,701.0
19390.31,TSL1_LowerScreen_spec.Room518a_WP2,1661.0
19390.31,TSL2_Keyboard_spec.Room518a_WP1,1485.0
19390.31,TSL2_Keyboard_spec.Room518a_WP2,3103.0
19390.31,TSL3_UpperScreen_spec.Room518a_WP1,1647.0
19390.31,TSL3_UpperScreen_spec.Room518a_WP2,2372.0
19390.31,TSL4_UpperScreen_spec.Room518a_WP1,1917.0
19390.31,TSL4_UpperScreen_spec.Room518a_WP2,6569.0
19490.47,Illuminance.Room518a_Ceiling,321.67
19490.47,TSL1_LowerScreen_spec.Room518a_WP1,701.0
19490.47,TSL1_LowerScreen_spec.Room518a_WP2,1661.0
19490.47,TSL2_Keyboard_spec.Room518a_WP1,1485.0
19490.47,TSL2_Keyboard_spec.Room518a_WP2,3103.0
19490.47,TSL3_UpperScreen_spec.Room518a_WP1,1647.0
19490.47,TSL3_UpperScreen_spec.Room518a_WP2,2372.0
19490.47,TSL4_UpperScreen_spec.Room518a_WP1,1917.0
19490.47,TSL4_UpperScreen_spec.Room518a_WP2,6569.0
19591.58,Illuminance.Room518a_Ceiling,321.67
19591.58,TSL1_LowerScreen_spec.Room518a_WP1,701.0
19591.58,TSL1_LowerScreen_spec.Room518a_WP2,1661.0
19591.58,TSL2_Keyboard_spec.Room518a_WP1,1485.0
19591.58,TSL2_Keyboard_spec.Room518a_WP2,3103.0
19591.58,TSL3_UpperScreen_spec.Room518a_WP1,1647.0
19591.58,TSL3_UpperScreen_spec.Room518a_WP2,2372.0
19591.58,TSL4_UpperScreen_spec.Room518a_WP1,1917.0
19591.58,TSL4_UpperScreen_spec.Room518a_WP2,6569.0
19692.69,Illuminance.Room518a_Ceiling,321.67
19692.69,TSL1_LowerScreen_spec.Room518a_WP1,701.0
19692.69,TSL1_LowerScreen_spec.Room518a_WP2,1661.0
19692.69,TSL2_Keyboard_spec.Room518a_WP1,1485.0
19692.69,TSL2_Keyboard_spec.Room518a_WP2,3103.0
19692.69,TSL3_UpperScreen_spec.Room518a_WP1,1647.0
19692.69,TSL3_UpperScreen_spec.Room518a_WP2,2372.0
19692.69,TSL4_UpperScreen_spec.Room518a_WP1,1917.0
19692.69,TSL4_UpperScreen_spec.Room518a_WP2,6569.0
19793.85,Illuminance.Room518a_Ceiling,321.67
19793.85,TSL1_LowerScreen_spec.Room518a_WP1,701.0
19793.85,TSL1_LowerScreen_spec.Room518a_WP2,1661.0
19793.85,TSL2_Keyboard_spec.Room518a_WP1,1485.0
19793.85,TSL2_Keyboard_spec.Room518a_WP2,3103.0
19793.85,TSL3_UpperScreen_spec.Room518a_WP1,1647.0
19793.85,TSL3_UpperScreen_spec.Room518a_WP2,2372.0
19793.85,TSL4_UpperScreen_spec.Room518a_WP1,1917.0
19793.85,TSL4_UpperScreen_spec.Room518a_WP2,6569.0
19894.99,Illuminance.Room518a_Ceiling,321.67
19894.99,TSL1_LowerScreen_spec.Room518a_WP1,701.0
19894.99,TSL1_LowerScreen_spec.Room518a_WP2,1661.0
19894.99,TSL2_Keyboard_spec.Room518a_WP1,1485.0
19894.99,TSL2_Keyboard_spec.Room518a_WP2,3103.0
19894.99,TSL3_UpperScreen_spec.Room518a_WP1,1647.0
19894.99,TSL3_UpperScreen_spec.Room518a_WP2,2372.0
19894.99,TSL4_UpperScreen_spec.Room518a_WP1,1917.0
19894.99,TSL4_UpperScreen_spec.Room518a_WP2,6569.0
19996.21,Illuminance.Room518a_Ceiling,321.67
19996.21,TSL1_LowerScreen_spec.Room518a_WP1,701.0
19996.21,TSL1_LowerScreen_spec.Room518a_WP2,1661.0
19996.21,TSL2_Keyboard_spec.Room518a_WP1,1485.0
19996.21,TSL2_Keyboard_spec.Room518a_WP2,3103.0
19996.21,TSL3_UpperScreen_spec.Room518a_WP1,1647.0
19996.21,TSL3_UpperScreen_spec.Room518a_WP2,2372.0
19996.21,TSL4_UpperScreen_spec.Room518a_WP1,1917.0
19996.21,TSL4_UpperScreen_spec.Room518a_WP2,6569.0
20097.14,Illuminance.Room518a_Ceiling,321.67
20097.14,TSL1_LowerScreen_spec.Room518a_WP1,2212.0
20097.14,TSL1_LowerScreen_spec.Room518a_WP2,1661.0
20097.14,TSL2_Keyboard_spec.Room518a_WP1,1485.0
20097.14,TSL2_Keyboard_spec.Room518a_WP2,3103.0
20097.14,TSL3_UpperScreen_spec.Room518a_WP1,1647.0
20097.14,TSL3_UpperScreen_spec.Room518a_WP2,2372.0
20097.14,TSL4_UpperScreen_spec.Room518a_WP1,1917.0
20097.14,TSL4_UpperScreen_spec.Room518a_WP2,6569.0
20198.23,Illuminance.Room518a_Ceiling,321.67
20198.23,TSL1_LowerScreen_spec.Room518a_WP1,2212.0
20198.23,TSL1_LowerScreen_spec.Room518a_WP2,2789.0
20198.23,TSL2_Keyboard_spec.Room518a_WP1,1485.0
20198.23,TSL2_Keyboard_spec.Room518a_WP2,3103.0
20198.23,TSL3_UpperScreen_spec.Room518a_WP1,1647.0
20198.23,TSL3_UpperScreen_spec.Room518a_WP2,2372.0
20198.23,TSL4_UpperScreen_spec.Room518a_WP1,1917.0
20198.23,TSL4_UpperScreen_spec.Room518a_WP2,6569.0
20299.23,Illuminance.Room518a_Ceiling,321.67
20299.23,TSL1_LowerScreen_spec.Room518a_WP1,2212.0
20299.23,TSL1_LowerScreen_spec.Room518a_WP2,2789.0
20299.23,TSL2_Keyboard_spec.Room518a_WP1,1485.0
20299.23,TSL2_Keyboard_spec.Room518a_WP2,3103.0
20299.23,TSL3_UpperScreen_spec.Room518a_WP1,1647.0
20299.23,TSL3_UpperScreen_spec.Room518a_WP2,2372.0
20299.23,TSL4_UpperScreen_spec.Room518a_WP1,1917.0
20299.23,TSL4_UpperScreen_spec.Room518a_WP2,6569.0
20400.45,Illuminance.Room518a_Ceiling,321.67
20400.45,TSL1_LowerScreen_spec.Room518a_WP1,2212.0
20400.45,TSL1_LowerScreen_spec.Room518a_WP2,2789.0
20400.45,TSL2_Keyboard_spec.Room518a_WP1,1485.0
20400.45,TSL2_Keyboard_spec.Room518a_WP2,3103.0
20400.45,TSL3_UpperScreen_spec.Room518a_WP1,1647.0
20400.45,TSL3_UpperScreen_spec.Room518a_WP2,2372.0
20400.45,TSL4_UpperScreen_spec.Room518a_WP1,1917.0
20400.45,TSL4_UpperScreen_spec.Room518a_WP2,6569.0
20501.7,Illuminance.Room518a_Ceiling,321.67
20501.7,TSL1_LowerScreen_spec.Room518a_WP1,2212.0
20501.7,TSL1_LowerScreen_spec.Room518a_WP2,2789.0
20501.7,TSL2_Keyboard_spec.Room518a_WP1,3663.0
20501.7,TSL2_Keyboard_spec.Room518a_WP2,3103.0
20501.7,TSL3_UpperScreen_spec.Room518a_WP1,1647.0
20501.7,TSL3_UpperScreen_spec.Room518a_WP2,2372.0
20501.7,TSL4_UpperScreen_spec.Room518a_WP1,1917.0
20501.7,TSL4_UpperScreen_spec.Room518a_WP2,6569.0
20602.1,Illuminance.Room518a_Ceiling,321.67
20602.1,TSL1_LowerScreen_spec.Room518a_WP1,2212.0
20602.1,TSL1_LowerScreen_spec.Room518a_WP2,2789.0
20602.1,TSL2_Keyboard_spec.Room518a_WP1,3663.0
20602.1,TSL2_Keyboard_spec.Room518a_WP2,3687.0
20602.1,TSL3_UpperScreen_spec.Room518a_WP1,1647.0
20602.1,TSL3_UpperScreen_spec.Room518a_WP2,2372.0
20602.1,TSL4_UpperScreen_spec.Room518a_WP1,1917.0
20602.1,TSL4_UpperScreen_spec.Room518a_WP2,6569.0
20703.23,Illuminance.Room518a_Ceiling,321.67
20703.23,TSL1_LowerScreen_spec.Room518a_WP1,2212.0
20703.23,TSL1_LowerScreen_spec.Room518a_WP2,2789.0
20703.23,TSL2_Keyboard_spec.Room518a_WP1,3663.0
20703.23,TSL2_Keyboard_spec.Room518a_WP2,3687.0
20703.23,TSL3_UpperScreen_spec.Room518a_WP1,1647.0
20703.23,TSL3_UpperScreen_spec.Room518a_WP2,2372.0
20703.23,TSL4_UpperScreen_spec.Room518a_WP1,1917.0
20703.23,TSL4_UpperScreen_spec.Room518a_WP2,6569.0
20804.19,Illuminance.Room518a_Ceiling,321.67
20804.19,TSL1_LowerScreen_spec.Room518a_WP1,2212.0
20804.19,TSL1_LowerScreen_spec.Room518a_WP2,2789.0
20804.19,TSL2_Keyboard_spec.Room518a_WP1,3663.0
20804.19,TSL2_Keyboard_spec.Room518a_WP2,3687.0
20804.19,TSL3_UpperScreen_spec.Room518a_WP1,1647.0
20804.19,TSL3_UpperScreen_spec.Room518a_WP2,2372.0
20804.19,TSL4_UpperScreen_spec.Room518a_WP1,1917.0
20804.19,TSL4_UpperScreen_spec.Room518a_WP2,6569.0
20905.34,Illuminance.Room518a_Ceiling,321.67
20905.34,TSL1_LowerScreen_spec.Room518a_WP1,2212.0
20905.34,TSL1_LowerScreen_spec.Room518a_WP2,2789.0
20905.34,TSL2_Keyboard_spec.Room518a_WP1,3663.0
20905.34,TSL2_Keyboard_spec.Room518a_WP2,3687.0
20905.34,TSL3_UpperScreen_spec.Room518a_WP1,2978.0
20905.34,TSL3_UpperScreen_spec.Room518a_WP2,2372.0
20905.34,TSL4_UpperScreen_spec.Room518a_WP1,1917.0
20905.34,TSL4_UpperScreen_spec.Room518a_WP2,6569.0
21006.54,Illuminance.Room518a_Ceiling,321.67
21006.54,TSL1_LowerScreen_spec.Room518a_WP1,2212.0
21006.54,TSL1_LowerScreen_spec.Room518a_WP2,2789.0
21006.54,TSL2_Keyboard_spec.Room518a_WP1,3663.0
21006.54,TSL2_Keyboard_spec.Room518a_WP2,3687.0
21006.54,TSL3_UpperScreen_spec.Room518a_WP1,2978.0
21006.54,TSL3_UpperScreen_spec.Room518a_WP2,2257.0
21006.54,TSL4_UpperScreen_spec.Room518a_WP1,1917.0
21006.54,TSL4_UpperScreen_spec.Room518a_WP2,6569.0
21107.67,Illuminance.Room518a_Ceiling,321.67
21107.67,TSL1_LowerScreen_spec.Room518a_WP1,2212.0
21107.67,TSL1_LowerScreen_spec.Room518a_WP2,2789.0
21107.67,TSL2_Keyboard_spec.Room518a_WP1,3663.0
21107.67,TSL2_Keyboard_spec.Room518a_WP2,3687.0
21107.67,TSL3_UpperScreen_spec.Room518a_WP1,2978.0
21107.67,TSL3_UpperScreen_spec.Room518a_WP2,2257.0
21107.67,TSL4_UpperScreen_spec.Room518a_WP1,1917.0
21107.67,TSL4_UpperScreen_spec.Room518a_WP2,6569.0
21208.69,Illuminance.Room518a_Ceiling,321.67
21208.69,TSL1_LowerScreen_spec.Room518a_WP1,2212.0
21208.69,TSL1_LowerScreen_spec.Room518a_WP2,2789.0
21208.69,TSL2_Keyboard_spec.Room518a_WP1,3663.0
21208.69,TSL2_Keyboard_spec.Room518a_WP2,3687.0
21208.69,TSL3_UpperScreen_spec.Room518a_WP1,2978.0
21208.69,TSL3_UpperScreen_spec.Room518a_WP2,2257.0
21208.69,TSL4_UpperScreen_spec.Room518a_WP1,1917.0
21208.69,TSL4_UpperScreen_spec.Room518a_WP2,6569.0
21309.43,Illuminance.Room518a_Ceiling,321.67
21309.43,TSL1_LowerScreen_spec.Room518a_WP1,2212.0
21309.43,TSL1_LowerScreen_spec.Room518a_WP2,2789.0
21309.43,TSL2_Keyboard_spec.Room518a_WP1,3663.0
21309.43,TSL2_Keyboard_spec.Room518a_WP2,3687.0
21309.43,TSL3_UpperScreen_spec.Room518a_WP1,2978.0
21309.43,TSL3_UpperScreen_spec.Room518a_WP2,2257.0
21309.43,TSL4_UpperScreen_spec.Room518a_WP1,6507.0
21309.43,TSL4_UpperScreen_spec.Room518a_WP2,6569.0
21410.57,Illuminance.Room518a_Ceiling,321.67
21410.57,TSL1_LowerScreen_spec.Room518a_WP1,2212.0
21410.57,TSL1_LowerScreen_spec.Room518a_WP2,2789.0
21410.57,TSL2_Keyboard_spec.Room518a_WP1,3663.0
21410.57,TSL2_Keyboard_spec.Room518a_WP2,3687.0
21410.57,TSL3_UpperScreen_spec.Room518a_WP1,2978.0
21410.57,TSL3_UpperScreen_spec.Room518a_WP2,2257.0
21410.57,TSL4_UpperScreen_spec.Room518a_WP1,6507.0
21410.57,TSL4_UpperScreen_spec.Room518a_WP2,6323.0
21511.74,Illuminance.Room518a_Ceiling,321.67
21511.74,TSL1_LowerScreen_spec.Room518a_WP1,2212.0
21511.74,TSL1_LowerScreen_spec.Room518a_WP2,2789.0
21511.74,TSL2_Keyboard_spec.Room518a_WP1,3663.0
21511.74,TSL2_Keyboard_spec.Room518a_WP2,3687.0
21511.74,TSL3_UpperScreen_spec.Room518a_WP1,2978.0
21511.74,TSL3_UpperScreen_spec.Room518a_WP2,2257.0
21511.74,TSL4_UpperScreen_spec.Room518a_WP1,6507.0
21511.74,TSL4_UpperScreen_spec.Room518a_WP2,6323.0
21612.88,Illuminance.Room518a_Ceiling,321.67
21612.88,TSL1_LowerScreen_spec.Room518a_WP1,2212.0
21612.88,TSL1_LowerScreen_spec.Room518a_WP2,2789.0
21612.88,TSL2_Keyboard_spec.Room518a_WP1,3663.0
21612.88,TSL2_Keyboard_spec.Room518a_WP2,3687.0
21612.88,TSL3_UpperScreen_spec.Room518a_WP1,2978.0
21612.88,TSL3_UpperScreen_spec.Room518a_WP2,2257.0
21612.88,TSL4_UpperScreen_spec.Room518a_WP1,6507.0
21612.88,TSL4_UpperScreen_spec.Room518a_WP2,6323.0
21713.07,Illuminance.Room518a_Ceiling,321.67
21713.07,TSL1_LowerScreen_spec.Room518a_WP1,2212.0
21713.07,TSL1_LowerScreen_spec.Room518a_WP2,2789.0
21713.07,TSL2_Keyboard_spec.Room518a_WP1,3663.0
21713.07,TSL2_Keyboard_spec.Room518a_WP2,3687.0
21713.07,TSL3_UpperScreen_spec.Room518a_WP1,2978.0
21713.07,TSL3_UpperScreen_spec.Room518a_WP2,2257.0
21713.07,TSL4_UpperScreen_spec.Room518a_WP1,6507.0
21713.07,TSL4_UpperScreen_spec.Room518a_WP2,6323.0
21814.24,Illuminance.Room518a_Ceiling,321.67
21814.24,TSL1_LowerScreen_spec.Room518a_WP1,2212.0
21814.24,TSL1_LowerScreen_spec.Room518a_WP2,2789.0
21814.24,TSL2_Keyboard_spec.Room518a_WP1,3663.0
21814.24,TSL2_Keyboard_spec.Room518a_WP2,3687.0
21814.24,TSL3_UpperScreen_spec.Room518a_WP1,2978.0
21814.24,TSL3_UpperScreen_spec.Room518a_WP2,2257.0
21814.24,TSL4_UpperScreen_spec.Room518a_WP1,6507.0
21814.24,TSL4_UpperScreen_spec.Room518a_WP2,6323.0
21915.5,Illuminance.Room518a_Ceiling,321.67
21915.5,TSL1_LowerScreen_spec.Room518a_WP1,2212.0
21915.5,TSL1_LowerScreen_spec.Room518a_WP2,2789.0
21915.5,TSL2_Keyboard_spec.Room518a_WP1,3663.0
21915.5,TSL2_Keyboard_spec.Room518a_WP2,3687.0
21915.5,TSL3_UpperScreen_spec.Room518a_WP1,2978.0
21915.5,TSL3_UpperScreen_spec.Room518a_WP2,2257.0
21915.5,TSL4_UpperScreen_spec.Room518a_WP1,6507.0
21915.5,TSL4_UpperScreen_spec.Room518a_WP2,6323.0
22016.66,Illuminance.Room518a_Ceiling,321.67
22016.66,TSL1_LowerScreen_spec.Room518a_WP1,2212.0
22016.66,TSL1_LowerScreen_spec.Room518a_WP2,2789.0
22016.66,TSL2_Keyboard_spec.Room518a_WP1,3663.0
22016.66,TSL2_Keyboard_spec.Room518a_WP2,3687.0
22016.66,TSL3_UpperScreen_spec.Room518a_WP1,2978.0
22016.66,TSL3_UpperScreen_spec.Room518a_WP2,2257.0
22016.66,TSL4_UpperScreen_spec.Room518a_WP1,6507.0
22016.66,TSL4_UpperScreen_spec.Room518a_WP2,6323.0
22117.06,Illuminance.Room518a_Ceiling,321.67
22117.06,TSL1_LowerScreen_spec.Room518a_WP1,2212.0
22117.06,TSL1_LowerScreen_spec.Room518a_WP2,2789.0
22117.06,TSL2_Keyboard_spec.Room518a_WP1,3663.0
22117.06,TSL2_Keyboard_spec.Room518a_WP2,3687.0
22117.06,TSL3_UpperScreen_spec.Room518a_WP1,2978.0
22117.06,TSL3_UpperScreen_spec.Room518a_WP2,2257.0
22117.06,TSL4_UpperScreen_spec.Room518a_WP1,6507.0
22117.06,TSL4_UpperScreen_spec.Room518a_WP2,6323.0
22218.18,Illuminance.Room518a_Ceiling,321.67
22218.18,TSL1_LowerScreen_spec.Room518a_WP1,2212.0
22218.18,TSL1_LowerScreen_spec.Room518a_WP2,2789.0
22218.18,TSL2_Keyboard_spec.Room518a_WP1,3663.0
22218.18,TSL2_Keyboard_spec.Room518a_WP2,3687.0
22218.18,TSL3_UpperScreen_spec.Room518a_WP1,2978.0
22218.18,TSL3_UpperScreen_spec.Room518a_WP2,2257.0
22218.18,TSL4_UpperScreen_spec.Room518a_WP1,6507.0
22218.18,TSL4_UpperScreen_spec.Room518a_WP2,6323.0
22319.33,Illuminance.Room518a_Ceiling,321.67
22319.33,TSL1_LowerScreen_spec.Room518a_WP1,2212.0
22319.33,TSL1_LowerScreen_spec.Room518a_WP2,2789.0
22319.33,TSL2_Keyboard_spec.Room518a_WP1,3663.0
22319.33,TSL2_Keyboard_spec.Room518a_WP2,3687.0
22319.33,TSL3_UpperScreen_spec.Room518a_WP1,2978.0
22319.33,TSL3_UpperScreen_spec.Room518a_WP2,2257.0
22319.33,TSL4_UpperScreen_spec.Room518a_WP1,6507.0
22319.33,TSL4_UpperScreen_spec.Room518a_WP2,6323.0
22420.22,Illuminance.Room518a_Ceiling,321.67
22420.22,TSL1_LowerScreen_spec.Room518a_WP1,2212.0
22420.22,TSL1_LowerScreen_spec.Room518a_WP2,2789.0
22420.22,TSL2_Keyboard_spec.Room518a_WP1,3663.0
22420.22,TSL2_Keyboard_spec.Room518a_WP2,3687.0
22420.22,TSL3_UpperScreen_spec.Room518a_WP1,2978.0
22420.22,TSL3_UpperScreen_spec.Room518a_WP2,2257.0
22420.22,TSL4_UpperScreen_spec.Room518a_WP1,6507.0
22420.22,TSL4_UpperScreen_spec.Room518a_WP2,6323.0
22521.42,Illuminance.Room518a_Ceiling,321.67
22521.42,TSL1_LowerScreen_spec.Room518a_WP1,2212.0
22521.42,TSL1_LowerScreen_spec.Room518a_WP2,2789.0
22521.42,TSL2_Keyboard_spec.Room518a_WP1,3663.0
22521.42,TSL2_Keyboard_spec.Room518a_WP2,3687.0
22521.42,TSL3_UpperScreen_spec.Room518a_WP1,2978.0
22521.42,TSL3_UpperScreen_spec.Room518a_WP2,2257.0
22521.42,TSL4_UpperScreen_spec.Room518a_WP1,6507.0
22521.42,TSL4_UpperScreen_spec.Room518a_WP2,6323.0
22622.61,Illuminance.Room518a_Ceiling,321.67
22622.61,TSL1_LowerScreen_spec.Room518a_WP1,2212.0
22622.61,TSL1_LowerScreen_spec.Room518a_WP2,2789.0
22622.61,TSL2_Keyboard_spec.Room518a_WP1,3663.0
22622.61,TSL2_Keyboard_spec.Room518a_WP2,3687.0
22622.61,TSL3_UpperScreen_spec.Room518a_WP1,2978.0
22622.61,TSL3_UpperScreen_spec.Room518a_WP2,2257.0
22622.61,TSL4_UpperScreen_spec.Room518a_WP1,6507.0
22622.61,TSL4_UpperScreen_spec.Room518a_WP2,6323.0
22723.33,Illuminance.Room518a_Ceiling,321.67
22723.33,TSL1_LowerScreen_spec.Room518a_WP1,2212.0
22723.33,TSL1_LowerScreen_spec.Room518a_WP2,2789.0
22723.33,TSL2_Keyboard_spec.Room518a_WP1,3663.0
22723.33,TSL2_Keyboard_spec.Room518a_WP2,3687.0
22723.33,TSL3_UpperScreen_spec.Room518a_WP1,2978.0
22723.33,TSL3_UpperScreen_spec.Room518a_WP2,2257.0
22723.33,TSL4_UpperScreen_spec.Room518a_WP1,6507.0
22723.33,TSL4_UpperScreen_spec.Room518a_WP2,6323.0
22824.5,Illuminance.Room518a_Ceiling,321.67
22824.5,TSL1_LowerScreen_spec.Room518a_WP1,2212.0
22824.5,TSL1_LowerScreen_spec.Room518a_WP2,2789.0
22824.5,TSL2_Keyboard_spec.Room518a_WP1,3663.0
22824.5,TSL2_Keyboard_spec.Room518a_WP2,3687.0
22824.5,TSL3_UpperScreen_spec.Room518a_WP1,2978.0
22824.5,TSL3_UpperScreen_spec.Room518a_WP2,2257.0
22824.5,TSL4_UpperScreen_spec.Room518a_WP1,6507.0
22824.5,TSL4_UpperScreen_spec.Room518a_WP2,6323.0
22925.7,Illuminance.Room518a_Ceiling,321.67
22925.7,TSL1_LowerScreen_spec.Room518a_WP1,2212.0
22925.7,TSL1_LowerScreen_spec.Room518a_WP2,2789.0
22925.7,TSL2_Keyboard_spec.Room518a_WP1,3663.0
22925.7,TSL2_Keyboard_spec.Room518a_WP2,3687.0
22925.7,TSL3_UpperScreen_spec.Room518a_WP1,2978.0
22925.7,TSL3_UpperScreen_spec.Room518a_WP2,2257.0
22925.7,TSL4_UpperScreen_spec.Room518a_WP1,6507.0
22925.7,TSL4_UpperScreen_spec.Room518a_WP2,6323.0
23026.87,Illuminance.Room518a_Ceiling,321.67
23026.87,TSL1_LowerScreen_spec.Room518a_WP1,2212.0
23026.87,TSL1_LowerScreen_spec.Room518a_WP2,2789.0
23026.87,TSL2_Keyboard_spec.Room518a_WP1,3663.0
23026.87,TSL2_Keyboard_spec.Room518a_WP2,3687.0
23026.87,TSL3_UpperScreen_spec.Room518a_WP1,2978.0
23026.87,TSL3_UpperScreen_spec.Room518a_WP2,2257.0
23026.87,TSL4_UpperScreen_spec.Room518a_WP1,6507.0
23026.87,TSL4_UpperScreen_spec.Room518a_WP2,6323.0
23128.04,Illuminance.Room518a_Ceiling,321.67
23128.04,TSL1_LowerScreen_spec.Room518a_WP1,2212.0
23128.04,TSL1_LowerScreen_spec.Room518a_WP2,2789.0
23128.04,TSL2_Keyboard_spec.Room518a_WP1,3663.0
23128.04,TSL2_Keyboard_spec.Room518a_WP2,3687.0
23128.04,TSL3_UpperScreen_spec.Room518a_WP1,2978.0
23128.04,TSL3_UpperScreen_spec.Room518a_WP2,2257.0
23128.04,TSL4_UpperScreen_spec.Room518a_WP1,6507.0
23128.04,TSL4_UpperScreen_spec.Room518a_WP2,6323.0
23229.27,Illuminance.Room518a_Ceiling,321.67
23229.27,TSL1_LowerScreen_spec.Room518a_WP1,2212.0
23229.27,TSL1_LowerScreen_spec.Room518a_WP2,2789.0
23229.27,TSL2_Keyboard_spec.Room518a_WP1,3663.0
23229.27,TSL2_Keyboard_spec.Room518a_WP2,3687.0
23229.27,TSL3_UpperScreen_spec.Room518a_WP1,2978.0
23229.27,TSL3_UpperScreen_spec.Room518a_WP2,2257.0
23229.27,TSL4_UpperScreen_spec.Room518a_WP1,6507.0
23229.27,TSL4_UpperScreen_spec.Room518a_WP2,6323.0
23329.63,Illuminance.Room518a_Ceiling,321.67
23329.63,TSL1_LowerScreen_spec.Room518a_WP1,2212.0
23329.63,TSL1_LowerScreen_spec.Room518a_WP2,2789.0
23329.63,TSL2_Keyboard_spec.Room518a_WP1,3663.0
23329.63,TSL2_Keyboard_spec.Room518a_WP2,3687.0
23329.63,TSL3_UpperScreen_spec.Room518a_WP1,2978.0
23329.63,TSL3_UpperScreen_spec.Room518a_WP2,2257.0
23329.63,TSL4_UpperScreen_spec.Room518a_WP1,6507.0
23329.63,TSL4_UpperScreen_spec.Room518a_WP2,6323.0
23430.8,Illuminance.Room518a_Ceiling,321.67
23430.8,TSL1_LowerScreen_spec.Room518a_WP1,2212.0
23430.8,TSL1_LowerScreen_spec.Room518a_WP2,2789.0
23430.8,TSL2_Keyboard_spec.Room518a_WP1,3663.0
23430.8,TSL2_Keyboard_spec.Room518a_WP2,3687.0
23430.8,TSL3_UpperScreen_spec.Room518a_WP1,2978.0
23430.8,TSL3_UpperScreen_spec.Room518a_WP2,2257.0
23430.8,TSL4_UpperScreen_spec.Room518a_WP1,6507.0
23430.8,TSL4_UpperScreen_spec.Room518a_WP2,6323.0
23531.84,Illuminance.Room518a_Ceiling,321.67
23531.84,TSL1_LowerScreen_spec.Room518a_WP1,2212.0
23531.84,TSL1_LowerScreen_spec.Room518a_WP2,2789.0
23531.84,TSL2_Keyboard_spec.Room518a_WP1,3663.0
23531.84,TSL2_Keyboard_spec.Room518a_WP2,3687.0
23531.84,TSL3_UpperScreen_spec.Room518a_WP1,2978.0
23531.84,TSL3_UpperScreen_spec.Room518a_WP2,2257.0
23531.84,TSL4_UpperScreen_spec.Room518a_WP1,6507.0
23531.84,TSL4_UpperScreen_spec.Room518a_WP2,6323.0
23632.26,Illuminance.Room518a_Ceiling,321.67
23632.26,TSL1_LowerScreen_spec.Room518a_WP1,2212.0
23632.26,TSL1_LowerScreen_spec.Room518a_WP2,2789.0
23632.26,TSL2_Keyboard_spec.Room518a_WP1,3663.0
23632.26,TSL2_Keyboard_spec.Room518a_WP2,3687.0
23632.26,TSL3_UpperScreen_spec.Room518a_WP1,2978.0
23632.26,TSL3_UpperScreen_spec.Room518a_WP2,2257.0
23632.26,TSL4_UpperScreen_spec.Room518a_WP1,6507.0
23632.26,TSL4_UpperScreen_spec.Room518a_WP2,6323.0
23733.47,Illuminance.Room518a_Ceiling,321.67
23733.47,TSL1_LowerScreen_spec.Room518a_WP1,2212.0
23733.47,TSL1_LowerScreen_spec.Room518a_WP2,2789.0
23733.47,TSL2_Keyboard_spec.Room518a_WP1,3663.0
23733.47,TSL2_Keyboard_spec.Room518a_WP2,3687.0
23733.47,TSL3_UpperScreen_spec.Room518a_WP1,2978.0
23733.47,TSL3_UpperScreen_spec.Room518a_WP2,2257.0
23733.47,TSL4_UpperScreen_spec.Room518a_WP1,6507.0
23733.47,TSL4_UpperScreen_spec.Room518a_WP2,6323.0
23833.79,Illuminance.Room518a_Ceiling,321.67
23833.79,TSL1_LowerScreen_spec.Room518a_WP1,2212.0
23833.79,TSL1_LowerScreen_spec.Room518a_WP2,2789.0
23833.79,TSL2_Keyboard_spec.Room518a_WP1,3663.0
23833.79,TSL2_Keyboard_spec.Room518a_WP2,3687.0
23833.79,TSL3_UpperScreen_spec.Room518a_WP1,2978.0
23833.79,TSL3_UpperScreen_spec.Room518a_WP2,2257.0
23833.79,TSL4_UpperScreen_spec.Room518a_WP1,6507.0
23833.79,TSL4_UpperScreen_spec.Room518a_WP2,6323.0
23934.97,Illuminance.Room518a_Ceiling,321.67
23934.97,TSL1_LowerScreen_spec.Room518a_WP1,2212.0
23934.97,TSL1_LowerScreen_spec.Room518a_WP2,2789.0
23934.97,TSL2_Keyboard_spec.Room518a_WP1,3663.0
23934.97,TSL2_Keyboard_spec.Room518a_WP2,3687.0
23934.97,TSL3_UpperScreen_spec.Room518a_WP1,2978.0
23934.97,TSL3_UpperScreen_spec.Room518a_WP2,2257.0
23934.97,TSL4_UpperScreen_spec.Room518a_WP1,6507.0
23934.97,TSL4_UpperScreen_spec.Room518a_WP2,6323.0
24036.15,Illuminance.Room518a_Ceiling,321.67
24036.15,TSL1_LowerScreen_spec.Room518a_WP1,2212.0
24036.15,TSL1_LowerScreen_spec.Room518a_WP2,2789.0
24036.15,TSL2_Keyboard_spec.Room518a_WP1,3663.0
24036.15,TSL2_Keyboard_spec.Room518a_WP2,3687.0
24036.15,TSL3_UpperScreen_spec.Room518a_WP1,2978.0
24036.15,TSL3_UpperScreen_spec.Room518a_WP2,2257.0
24036.15,TSL4_UpperScreen_spec.Room518a_WP1,6507.0
24036.15,TSL4_UpperScreen_spec.Room518a_WP2,6323.0
24137.35,Illuminance.Room518a_Ceiling,321.67
24137.35,TSL1_LowerScreen_spec.Room518a_WP1,2212.0
24137.35,TSL1_LowerScreen_spec.Room518a_WP2,2789.0
24137.35,TSL2_Keyboard_spec.Room518a_WP1,3663.0
24137.35,TSL2_Keyboard_spec.Room518a_WP2,3687.0
24137.35,TSL3_UpperScreen_spec.Room518a_WP1,2978.0
24137.35,TSL3_UpperScreen_spec.Room518a_WP2,2257.0
24137.35,TSL4_UpperScreen_spec.Room518a_WP1,6507.0
24137.35,TSL4_UpperScreen_spec.Room518a_WP2,6323.0
24238.55,Illuminance.Room518a_Ceiling,321.67
24238.55,TSL1_LowerScreen_spec.Room518a_WP1,2212.0
24238.55,TSL1_LowerScreen_spec.Room518a_WP2,2789.0
24238.55,TSL2_Keyboard_spec.Room518a_WP1,3663.0
24238.55,TSL2_Keyboard_spec.Room518a_WP2,3687.0
24238.55,TSL3_UpperScreen_spec.Room518a_WP1,2978.0
24238.55,TSL3_UpperScreen_spec.Room518a_WP2,2257.0
24238.55,TSL4_UpperScreen_spec.Room518a_WP1,6507.0
24238.55,TSL4_UpperScreen_spec.Room518a_WP2,6323.0
24339.75,Illuminance.Room518a_Ceiling,321.67
24339.75,TSL1_LowerScreen_spec.Room518a_WP1,2212.0
24339.75,TSL1_LowerScreen_spec.Room518a_WP2,2789.0
24339.75,TSL2_Keyboard_spec.Room518a_WP1,3663.0
24339.75,TSL2_Keyboard_spec.Room518a_WP2,3687.0
24339.75,TSL3_UpperScreen_spec.Room518a_WP1,2978.0
24339.75,TSL3_UpperScreen_spec.Room518a_WP2,2257.0
24339.75,TSL4_UpperScreen_spec.Room518a_WP1,6507.0
24339.75,TSL4_UpperScreen_spec.Room518a_WP2,6323.0
24440.49,Illuminance.Room518a_Ceiling,321.67
24440.49,TSL1_LowerScreen_spec.Room518a_WP1,2212.0
24440.49,TSL1_LowerScreen_spec.Room518a_WP2,2789.0
24440.49,TSL2_Keyboard_spec.Room518a_WP1,3663.0
24440.49,TSL2_Keyboard_spec.Room518a_WP2,3687.0
24440.49,TSL3_UpperScreen_spec.Room518a_WP1,2978.0
24440.49,TSL3_UpperScreen_spec.Room518a_WP2,2257.0
24440.49,TSL4_UpperScreen_spec.Room518a_WP1,6507.0
24440.49,TSL4_UpperScreen_spec.Room518a_WP2,6323.0
24541.69,Illuminance.Room518a_Ceiling,321.67
24541.69,TSL1_LowerScreen_spec.Room518a_WP1,2212.0
24541.69,TSL1_LowerScreen_spec.Room518a_WP2,2789.0
24541.69,TSL2_Keyboard_spec.Room518a_WP1,3663.0
24541.69,TSL2_Keyboard_spec.Room518a_WP2,3687.0
24541.69,TSL3_UpperScreen_spec.Room518a_WP1,2978.0
24541.69,TSL3_UpperScreen_spec.Room518a_WP2,2257.0
24541.69,TSL4_UpperScreen_spec.Room518a_WP1,6507.0
24541.69,TSL4_UpperScreen_spec.Room518a_WP2,6323.0
24642.87,Illuminance.Room518a_Ceiling,321.67
24642.87,TSL1_LowerScreen_spec.Room518a_WP1,2212.0
24642.87,TSL1_LowerScreen_spec.Room518a_WP2,2789.0
24642.87,TSL2_Keyboard_spec.Room518a_WP1,3663.0
24642.87,TSL2_Keyboard_spec.Room518a_WP2,3687.0
24642.87,TSL3_UpperScreen_spec.Room518a_WP1,2978.0
24642.87,TSL3_UpperScreen_spec.Room518a_WP2,2257.0
24642.87,TSL4_UpperScreen_spec.Room518a_WP1,6507.0
24642.87,TSL4_UpperScreen_spec.Room518a_WP2,6323.0
24744.08,Illuminance.Room518a_Ceiling,321.67
24744.08,TSL1_LowerScreen_spec.Room518a_WP1,2212.0
24744.08,TSL1_LowerScreen_spec.Room518a_WP2,2789.0
24744.08,TSL2_Keyboard_spec.Room518a_WP1,3663.0
24744.08,TSL2_Keyboard_spec.Room518a_WP2,3687.0
24744.08,TSL3_UpperScreen_spec.Room518a_WP1,2978.0
24744.08,TSL3_UpperScreen_spec.Room518a_WP2,2257.0
24744.08,TSL4_UpperScreen_spec.Room518a_WP1,6507.0
24744.08,TSL4_UpperScreen_spec.Room518a_WP2,6323.0
24844.88,Illuminance.Room518a_Ceiling,321.67
24844.88,TSL1_LowerScreen_spec.Room518a_WP1,2212.0
24844.88,TSL1_LowerScreen_spec.Room518a_WP2,2789.0
24844.88,TSL2_Keyboard_spec.Room518a_WP1,3663.0
24844.88,TSL2_Keyboard_spec.Room518a_WP2,3687.0
24844.88,TSL3_UpperScreen_spec.Room518a_WP1,2978.0
24844.88,TSL3_UpperScreen_spec.Room518a_WP2,2257.0
24844.88,TSL4_UpperScreen_spec.Room518a_WP1,6507.0
24844.88,TSL4_UpperScreen_spec.Room518a_WP2,6323.0
24946.08,Illuminance.Room518a_Ceiling,321.67
24946.08,TSL1_LowerScreen_spec.Room518a_WP1,2212.0
24946.08,TSL1_LowerScreen_spec.Room518a_WP2,2789.0
24946.08,TSL2_Keyboard_spec.Room518a_WP1,3663.0
24946.08,TSL2_Keyboard_spec.Room518a_WP2,3687.0
24946.08,TSL3_UpperScreen_spec.Room518a_WP1,2978.0
24946.08,TSL3_UpperScreen_spec.Room518a_WP2,2257.0
24946.08,TSL4_UpperScreen_spec.Room518a_WP1,6507.0
24946.08,TSL4_UpperScreen_spec.Room518a_WP2,6323.0
25047.06,Illuminance.Room518a_Ceiling,321.67
25047.06,TSL1_LowerScreen_spec.Room518a_WP1,2212.0
25047.06,TSL1_LowerScreen_spec.Room518a_WP2,2789.0
25047.06,TSL2_Keyboard_spec.Room518a_WP1,3663.0
25047.06,TSL2_Keyboard_spec.Room518a_WP2,3687.0
25047.06,TSL3_UpperScreen_spec.Room518a_WP1,2978.0
25047.06,TSL3_UpperScreen_spec.Room518a_WP2,2257.0
25047.06,TSL4_UpperScreen_spec.Room518a_WP1,6507.0
25047.06,TSL4_UpperScreen_spec.Room518a_WP2,6323.0
25148.29,Illuminance.Room518a_Ceiling,321.67
25148.29,TSL1_LowerScreen_spec.Room518a_WP1,2212.0
25148.29,TSL1_LowerScreen_spec.Room518a_WP2,2789.0
25148.29,TSL2_Keyboard_spec.Room518a_WP1,3663.0
25148.29,TSL2_Keyboard_spec.Room518a_WP2,3687.0
25148.29,TSL3_UpperScreen_spec.Room518a_WP1,2978.0
25148.29,TSL3_UpperScreen_spec.Room518a_WP2,2257.0
25148.29,TSL4_UpperScreen_spec.Room518a_WP1,6507.0
25148.29,TSL4_UpperScreen_spec.Room518a_WP2,6323.0
25248.88,Illuminance.Room518a_Ceiling,321.67
25248.88,TSL1_LowerScreen_spec.Room518a_WP1,2212.0
25248.88,TSL1_LowerScreen_spec.Room518a_WP2,2789.0
25248.88,TSL2_Keyboard_spec.Room518a_WP1,3663.0
25248.88,TSL2_Keyboard_spec.Room518a_WP2,3687.0
25248.88,TSL3_UpperScreen_spec.Room518a_WP1,2978.0
25248.88,TSL3_UpperScreen_spec.Room518a_WP2,2257.0
25248.88,TSL4_UpperScreen_spec.Room518a_WP1,6507.0
25248.88,TSL4_UpperScreen_spec.Room518a_WP2,6323.0
25350.09,Illuminance.Room518a_Ceiling,321.67
25350.09,TSL1_LowerScreen_spec.Room518a_WP1,2212.0
25350.09,TSL1_LowerScreen_spec.Room518a_WP2,2789.0
25350.09,TSL2_Keyboard_spec.Room518a_WP1,3663.0
25350.09,TSL2_Keyboard_spec.Room518a_WP2,3687.0
25350.09,TSL3_UpperScreen_spec.Room518a_WP1,2978.0
25350.09,TSL3_UpperScreen_spec.Room518a_WP2,2257.0
25350.09,TSL4_UpperScreen_spec.Room518a_WP1,6507.0
25350.09,TSL4_UpperScreen_spec.Room518a_WP2,6323.0
25450.79,Illuminance.Room518a_Ceiling,321.67
25450.79,TSL1_LowerScreen_spec.Room518a_WP1,2212.0
25450.79,TSL1_LowerScreen_spec.Room518a_WP2,2789.0
25450.79,TSL2_Keyboard_spec.Room518a_WP1,3663.0
25450.79,TSL2_Keyboard_spec.Room518a_WP2,3687.0
25450.79,TSL3_UpperScreen_spec.Room518a_WP1,2978.0
25450.79,TSL3_UpperScreen_spec.Room518a_WP2,2257.0
25450.79,TSL4_UpperScreen_spec.Room518a_WP1,6507.0
25450.79,TSL4_UpperScreen_spec.Room518a_WP2,6323.0
25552.0,Illuminance.Room518a_Ceiling,321.67
25552.0,TSL1_LowerScreen_spec.Room518a_WP1,2212.0
25552.0,TSL1_LowerScreen_spec.Room518a_WP2,2789.0
25552.0,TSL2_Keyboard_spec.Room518a_WP1,3663.0
25552.0,TSL2_Keyboard_spec.Room518a_WP2,3687.0
25552.0,TSL3_UpperScreen_spec.Room518a_WP1,2978.0
25552.0,TSL3_UpperScreen_spec.Room518a_WP2,2257.0
25552.0,TSL4_UpperScreen_spec.Room518a_WP1,6507.0
25552.0,TSL4_UpperScreen_spec.Room518a_WP2,6323.0
25653.18,Illuminance.Room518a_Ceiling,321.67
25653.18,TSL1_LowerScreen_spec.Room518a_WP1,2212.0
25653.18,TSL1_LowerScreen_spec.Room518a_WP2,2789.0
25653.18,TSL2_Keyboard_spec.Room518a_WP1,3663.0
25653.18,TSL2_Keyboard_spec.Room518a_WP2,3687.0
25653.18,TSL3_UpperScreen_spec.Room518a_WP1,2978.0
25653.18,TSL3_UpperScreen_spec.Room518a_WP2,2257.0
25653.18,TSL4_UpperScreen_spec.Room518a_WP1,6507.0
25653.18,TSL4_UpperScreen_spec.Room518a_WP2,6323.0
25754.24,Illuminance.Room518a_Ceiling,321.67
25754.24,TSL1_LowerScreen_spec.Room518a_WP1,2212.0
25754.24,TSL1_LowerScreen_spec.Room518a_WP2,2789.0
25754.24,TSL2_Keyboard_spec.Room518a_WP1,3663.0
25754.24,TSL2_Keyboard_spec.Room518a_WP2,3687.0
25754.24,TSL3_UpperScreen_spec.Room518a_WP1,2978.0
25754.24,TSL3_UpperScreen_spec.Room518a_WP2,2257.0
25754.24,TSL4_UpperScreen_spec.Room518a_WP1,6507.0
25754.24,TSL4_UpperScreen_spec.Room518a_WP2,6323.0
25855.41,Illuminance.Room518a_Ceiling,321.67
25855.41,TSL1_LowerScreen_spec.Room518a_WP1,2212.0
25855.41,TSL1_LowerScreen_spec.Room518a_WP2,2789.0
25855.41,TSL2_Keyboard_spec.Room518a_WP1,3663.0
25855.41,TSL2_Keyboard_spec.Room518a_WP2,3687.0
25855.41,TSL3_UpperScreen_spec.Room518a_WP1,2978.0
25855.41,TSL3_UpperScreen_spec.Room518a_WP2,2257.0
25855.41,TSL4_UpperScreen_spec.Room518a_WP1,6507.0
25855.41,TSL4_UpperScreen_spec.Room518a_WP2,6323.0
25956.58,Illuminance.Room518a_Ceiling,321.67
25956.58,TSL1_LowerScreen_spec.Room518a_WP1,2212.0
25956.58,TSL1_LowerScreen_spec.Room518a_WP2,2789.0
25956.58,TSL2_Keyboard_spec.Room518a_WP1,3663.0
25956.58,TSL2_Keyboard_spec.Room518a_WP2,3687.0
25956.58,TSL3_UpperScreen_spec.Room518a_WP1,2978.0
25956.58,TSL3_UpperScreen_spec.Room518a_WP2,2257.0
25956.58,TSL4_UpperScreen_spec.Room518a_WP1,6507.0
25956.58,TSL4_UpperScreen_spec.Room518a_WP2,6323.0
26057.75,Illuminance.Room518a_Ceiling,321.67
26057.75,TSL1_LowerScreen_spec.Room518a_WP1,2212.0
26057.75,TSL1_LowerScreen_spec.Room518a_WP2,2789.0
26057.75,TSL2_Keyboard_spec.Room518a_WP1,3663.0
26057.75,TSL2_Keyboard_spec.Room518a_WP2,3687.0
26057.75,TSL3_UpperScreen_spec.Room518a_WP1,2978.0
26057.75,TSL3_UpperScreen_spec.Room518a_WP2,2257.0
26057.75,TSL4_UpperScreen_spec.Room518a_WP1,6507.0
26057.75,TSL4_UpperScreen_spec.Room518a_WP2,6323.0
26158.82,Illuminance.Room518a_Ceiling,321.67
26158.82,TSL1_LowerScreen_spec.Room518a_WP1,2212.0
26158.82,TSL1_LowerScreen_spec.Room518a_WP2,2789.0
26158.82,TSL2_Keyboard_spec.Room518a_WP1,3663.0
26158.82,TSL2_Keyboard_spec.Room518a_WP2,3687.0
26158.82,TSL3_UpperScreen_spec.Room518a_WP1,2978.0
26158.82,TSL3_UpperScreen_spec.Room518a_WP2,2257.0
26158.82,TSL4_UpperScreen_spec.Room518a_WP1,6507.0
26158.82,TSL4_UpperScreen_spec.Room518a_WP2,6323.0
26259.96,Illuminance.Room518a_Ceiling,321.67
26259.96,TSL1_LowerScreen_spec.Room518a_WP1,2212.0
26259.96,TSL1_LowerScreen_spec.Room518a_WP2,2789.0
26259.96,TSL2_Keyboard_spec.Room518a_WP1,3663.0
26259.96,TSL2_Keyboard_spec.Room518a_WP2,3687.0
26259.96,TSL3_UpperScreen_spec.Room518a_WP1,2978.0
26259.96,TSL3_UpperScreen_spec.Room518a_WP2,2257.0
26259.96,TSL4_UpperScreen_spec.Room518a_WP1,6507.0
26259.96,TSL4_UpperScreen_spec.Room518a_WP2,6323.0
26361.14,Illuminance.Room518a_Ceiling,321.67
26361.14,TSL1_LowerScreen_spec.Room518a_WP1,2212.0
26361.14,TSL1_LowerScreen_spec.Room518a_WP2,2789.0
26361.14,TSL2_Keyboard_spec.Room518a_WP1,3663.0
26361.14,TSL2_Keyboard_spec.Room518a_WP2,3687.0
26361.14,TSL3_UpperScreen_spec.Room518a_WP1,2978.0
26361.14,TSL3_UpperScreen_spec.Room518a_WP2,2257.0
26361.14,TSL4_UpperScreen_spec.Room518a_WP1,6507.0
26361.14,TSL4_UpperScreen_spec.Room518a_WP2,6323.0
26462.31,Illuminance.Room518a_Ceiling,321.67
26462.31,TSL1_LowerScreen_spec.Room518a_WP1,2212.0
26462.31,TSL1_LowerScreen_spec.Room518a_WP2,2789.0
26462.31,TSL2_Keyboard_spec.Room518a_WP1,3663.0
26462.31,TSL2_Keyboard_spec.Room518a_WP2,3687.0
26462.31,TSL3_UpperScreen_spec.Room518a_WP1,2978.0
26462.31,TSL3_UpperScreen_spec.Room518a_WP2,2257.0
26462.31,TSL4_UpperScreen_spec.Room518a_WP1,6507.0
26462.31,TSL4_UpperScreen_spec.Room518a_WP2,6323.0
26563.47,Illuminance.Room518a_Ceiling,321.67
26563.47,TSL1_LowerScreen_spec.Room518a_WP1,2212.0
26563.47,TSL1_LowerScreen_spec.Room518a_WP2,2789.0
26563.47,TSL2_Keyboard_spec.Room518a_WP1,3663.0
26563.47,TSL2_Keyboard_spec.Room518a_WP2,3687.0
26563.47,TSL3_UpperScreen_spec.Room518a_WP1,2978.0
26563.47,TSL3_UpperScreen_spec.Room518a_WP2,2257.0
26563.47,TSL4_UpperScreen_spec.Room518a_WP1,6507.0
26563.47,TSL4_UpperScreen_spec.Room518a_WP2,6323.0
26664.4,Illuminance.Room518a_Ceiling,321.67
26664.4,TSL1_LowerScreen_spec.Room518a_WP1,2212.0
26664.4,TSL1_LowerScreen_spec.Room518a_WP2,2789.0
26664.4,TSL2_Keyboard_spec.Room518a_WP1,3663.0
26664.4,TSL2_Keyboard_spec.Room518a_WP2,3687.0
26664.4,TSL3_UpperScreen_spec.Room518a_WP1,2978.0
26664.4,TSL3_UpperScreen_spec.Room518a_WP2,2257.0
26664.4,TSL4_UpperScreen_spec.Room518a_WP1,6507.0
26664.4,TSL4_UpperScreen_spec.Room518a_WP2,6323.0
26765.61,Illuminance.Room518a_Ceiling,321.67
26765.61,TSL1_LowerScreen_spec.Room518a_WP1,2212.0
26765.61,TSL1_LowerScreen_spec.Room518a_WP2,2789.0
26765.61,TSL2_Keyboard_spec.Room518a_WP1,3663.0
26765.61,TSL2_Keyboard_spec.Room518a_WP2,3687.0
26765.61,TSL3_UpperScreen_spec.Room518a_WP1,2978.0
26765.61,TSL3_UpperScreen_spec.Room518a_WP2,2257.0
26765.61,TSL4_UpperScreen_spec.Room518a_WP1,6507.0
26765.61,TSL4_UpperScreen_spec.Room518a_WP2,6323.0
26866.77,Illuminance.Room518a_Ceiling,321.67
26866.77,TSL1_LowerScreen_spec.Room518a_WP1,2212.0
26866.77,TSL1_LowerScreen_spec.Room518a_WP2,2789.0
26866.77,TSL2_Keyboard_spec.Room518a_WP1,3663.0
26866.77,TSL2_Keyboard_spec.Room518a_WP2,3687.0
26866.77,TSL3_UpperScreen_spec.Room518a_WP1,2978.0
26866.77,TSL3_UpperScreen_spec.Room518a_WP2,2257.0
26866.77,TSL4_UpperScreen_spec.Room518a_WP1,6507.0
26866.77,TSL4_UpperScreen_spec.Room518a_WP2,6323.0
26967.91,Illuminance.Room518a_Ceiling,321.67
26967.91,TSL1_LowerScreen_spec.Room518a_WP1,2212.0
26967.91,TSL1_LowerScreen_spec.Room518a_WP2,2789.0
26967.91,TSL2_Keyboard_spec.Room518a_WP1,3663.0
26967.91,TSL2_Keyboard_spec.Room518a_WP2,3687.0
26967.91,TSL3_UpperScreen_spec.Room518a_WP1,2978.0
26967.91,TSL3_UpperScreen_spec.Room518a_WP2,2257.0
26967.91,TSL4_UpperScreen_spec.Room518a_WP1,6507.0
26967.91,TSL4_UpperScreen_spec.Room518a_WP2,6323.0
27068.99,Illuminance.Room518a_Ceiling,321.67
27068.99,TSL1_LowerScreen_spec.Room518a_WP1,2212.0
27068.99,TSL1_LowerScreen_spec.Room518a_WP2,2789.0
27068.99,TSL2_Keyboard_spec.Room518a_WP1,3663.0
27068.99,TSL2_Keyboard_spec.Room518a_WP2,3687.0
27068.99,TSL3_UpperScreen_spec.Room518a_WP1,2978.0
27068.99,TSL3_UpperScreen_spec.Room518a_WP2,2257.0
27068.99,TSL4_UpperScreen_spec.Room518a_WP1,6507.0
27068.99,TSL4_UpperScreen_spec.Room518a_WP2,6323.0
27170.05,Illuminance.Room518a_Ceiling,321.67
27170.05,TSL1_LowerScreen_spec.Room518a_WP1,2212.0
27170.05,TSL1_LowerScreen_spec.Room518a_WP2,2789.0
27170.05,TSL2_Keyboard_spec.Room518a_WP1,3663.0
27170.05,TSL2_Keyboard_spec.Room518a_WP2,3687.0
27170.05,TSL3_UpperScreen_spec.Room518a_WP1,2978.0
27170.05,TSL3_UpperScreen_spec.Room518a_WP2,2257.0
27170.05,TSL4_UpperScreen_spec.Room518a_WP1,6507.0
27170.05,TSL4_UpperScreen_spec.Room518a_WP2,6323.0
27271.11,Illuminance.Room518a_Ceiling,321.67
27271.11,TSL1_LowerScreen_spec.Room518a_WP1,2212.0
27271.11,TSL1_LowerScreen_spec.Room518a_WP2,2789.0
27271.11,TSL2_Keyboard_spec.Room518a_WP1,3663.0
27271.11,TSL2_Keyboard_spec.Room518a_WP2,3687.0
27271.11,TSL3_UpperScreen_spec.Room518a_WP1,2978.0
27271.11,TSL3_UpperScreen_spec.Room518a_WP2,2257.0
27271.11,TSL4_UpperScreen_spec.Room518a_WP1,6507.0
27271.11,TSL4_UpperScreen_spec.Room518a_WP2,6323.0
27372.18,Illuminance.Room518a_Ceiling,321.67
27372.18,TSL1_LowerScreen_spec.Room518a_WP1,2212.0
27372.18,TSL1_LowerScreen_spec.Room518a_WP2,2789.0
27372.18,TSL2_Keyboard_spec.Room518a_WP1,3663.0
27372.18,TSL2_Keyboard_spec.Room518a_WP2,3687.0
27372.18,TSL3_UpperScreen_spec.Room518a_WP1,2978.0
27372.18,TSL3_UpperScreen_spec.Room518a_WP2,2257.0
27372.18,TSL4_UpperScreen_spec.Room518a_WP1,6507.0
27372.18,TSL4_UpperScreen_spec.Room518a_WP2,6323.0
27473.31,Illuminance.Room518a_Ceiling,321.67
27473.31,TSL1_LowerScreen_spec.Room518a_WP1,2212.0
27473.31,TSL1_LowerScreen_spec.Room518a_WP2,2789.0
27473.31,TSL2_Keyboard_spec.Room518a_WP1,3663.0
27473.31,TSL2_Keyboard_spec.Room518a_WP2,3687.0
27473.31,TSL3_UpperScreen_spec.Room518a_WP1,2978.0
27473.31,TSL3_UpperScreen_spec.Room518a_WP2,2257.0
27473.31,TSL4_UpperScreen_spec.Room518a_WP1,6507.0
27473.31,TSL4_UpperScreen_spec.Room518a_WP2,6323.0
27574.33,Illuminance.Room518a_Ceiling,321.67
27574.33,TSL1_LowerScreen_spec.Room518a_WP1,2212.0
27574.33,TSL1_LowerScreen_spec.Room518a_WP2,2789.0
27574.33,TSL2_Keyboard_spec.Room518a_WP1,3663.0
27574.33,TSL2_Keyboard_spec.Room518a_WP2,3687.0
27574.33,TSL3_UpperScreen_spec.Room518a_WP1,2978.0
27574.33,TSL3_UpperScreen_spec.Room518a_WP2,2257.0
27574.33,TSL4_UpperScreen_spec.Room518a_WP1,6507.0
27574.33,TSL4_UpperScreen_spec.Room518a_WP2,6323.0
27675.47,Illuminance.Room518a_Ceiling,321.67
27675.47,TSL1_LowerScreen_spec.Room518a_WP1,2212.0
27675.47,TSL1_LowerScreen_spec.Room518a_WP2,2789.0
27675.47,TSL2_Keyboard_spec.Room518a_WP1,3663.0
27675.47,TSL2_Keyboard_spec.Room518a_WP2,3687.0
27675.47,TSL3_UpperScreen_spec.Room518a_WP1,2978.0
27675.47,TSL3_UpperScreen_spec.Room518a_WP2,2257.0
27675.47,TSL4_UpperScreen_spec.Room518a_WP1,6507.0
27675.47,TSL4_UpperScreen_spec.Room518a_WP2,6323.0
27776.66,Illuminance.Room518a_Ceiling,321.67
27776.66,TSL1_LowerScreen_spec.Room518a_WP1,2212.0
27776.66,TSL1_LowerScreen_spec.Room518a_WP2,2789.0
27776.66,TSL2_Keyboard_spec.Room518a_WP1,3663.0
27776.66,TSL2_Keyboard_spec.Room518a_WP2,3687.0
27776.66,TSL3_UpperScreen_spec.Room518a_WP1,2978.0
27776.66,TSL3_UpperScreen_spec.Room518a_WP2,2257.0
27776.66,TSL4_UpperScreen_spec.Room518a_WP1,6507.0
27776.66,TSL4_UpperScreen_spec.Room518a_WP2,6323.0
27877.85,Illuminance.Room518a_Ceiling,321.67
27877.85,TSL1_LowerScreen_spec.Room518a_WP1,2212.0
27877.85,TSL1_LowerScreen_spec.Room518a_WP2,2789.0
27877.85,TSL2_Keyboard_spec.Room518a_WP1,3663.0
27877.85,TSL2_Keyboard_spec.Room518a_WP2,3687.0
27877.85,TSL3_UpperScreen_spec.Room518a_WP1,2978.0
27877.85,TSL3_UpperScreen_spec.Room518a_WP2,2257.0
27877.85,TSL4_UpperScreen_spec.Room518a_WP1,6507.0
27877.85,TSL4_UpperScreen_spec.Room518a_WP2,6323.0
27978.98,Illuminance.Room518a_Ceiling,321.67
27978.98,TSL1_LowerScreen_spec.Room518a_WP1,2212.0
27978.98,TSL1_LowerScreen_spec.Room518a_WP2,2789.0
27978.98,TSL2_Keyboard_spec.Room518a_WP1,3663.0
27978.98,TSL2_Keyboard_spec.Room518a_WP2,3687.0
27978.98,TSL3_UpperScreen_spec.Room518a_WP1,2978.0
27978.98,TSL3_UpperScreen_spec.Room518a_WP2,2257.0
27978.98,TSL4_UpperScreen_spec.Room518a_WP1,6507.0
27978.98,TSL4_UpperScreen_spec.Room518a_WP2,6323.0
28080.17,Illuminance.Room518a_Ceiling,321.67
28080.17,TSL1_LowerScreen_spec.Room518a_WP1,2212.0
28080.17,TSL1_LowerScreen_spec.Room518a_WP2,2789.0
28080.17,TSL2_Keyboard_spec.Room518a_WP1,3663.0
28080.17,TSL2_Keyboard_spec.Room518a_WP2,3687.0
28080.17,TSL3_UpperScreen_spec.Room518a_WP1,2978.0
28080.17,TSL3_UpperScreen_spec.Room518a_WP2,2257.0
28080.17,TSL4_UpperScreen_spec.Room518a_WP1,6507.0
28080.17,TSL4_UpperScreen_spec.Room518a_WP2,6323.0
28181.38,Illuminance.Room518a_Ceiling,321.67
28181.38,TSL1_LowerScreen_spec.Room518a_WP1,2212.0
28181.38,TSL1_LowerScreen_spec.Room518a_WP2,2789.0
28181.38,TSL2_Keyboard_spec.Room518a_WP1,3663.0
28181.38,TSL2_Keyboard_spec.Room518a_WP2,3687.0
28181.38,TSL3_UpperScreen_spec.Room518a_WP1,2978.0
28181.38,TSL3_UpperScreen_spec.Room518a_WP2,2257.0
28181.38,TSL4_UpperScreen_spec.Room518a_WP1,6507.0
28181.38,TSL4_UpperScreen_spec.Room518a_WP2,6323.0
28282.31,Illuminance.Room518a_Ceiling,321.67
28282.31,TSL1_LowerScreen_spec.Room518a_WP1,2212.0
28282.31,TSL1_LowerScreen_spec.Room518a_WP2,2789.0
28282.31,TSL2_Keyboard_spec.Room518a_WP1,3663.0
28282.31,TSL2_Keyboard_spec.Room518a_WP2,3687.0
28282.31,TSL3_UpperScreen_spec.Room518a_WP1,2978.0
28282.31,TSL3_UpperScreen_spec.Room518a_WP2,2257.0
28282.31,TSL4_UpperScreen_spec.Room518a_WP1,6507.0
28282.31,TSL4_UpperScreen_spec.Room518a_WP2,6323.0
28382.79,Illuminance.Room518a_Ceiling,321.67
28382.79,TSL1_LowerScreen_spec.Room518a_WP1,2212.0
28382.79,TSL1_LowerScreen_spec.Room518a_WP2,2789.0
28382.79,TSL2_Keyboard_spec.Room518a_WP1,3663.0
28382.79,TSL2_Keyboard_spec.Room518a_WP2,3687.0
28382.79,TSL3_UpperScreen_spec.Room518a_WP1,2978.0
28382.79,TSL3_UpperScreen_spec.Room518a_WP2,2257.0
28382.79,TSL4_UpperScreen_spec.Room518a_WP1,6507.0
28382.79,TSL4_UpperScreen_spec.Room518a_WP2,6323.0
28483.98,Illuminance.Room518a_Ceiling,321.67
28483.98,TSL1_LowerScreen_spec.Room518a_WP1,2212.0
28483.98,TSL1_LowerScreen_spec.Room518a_WP2,2789.0
28483.98,TSL2_Keyboard_spec.Room518a_WP1,3663.0
28483.98,TSL2_Keyboard_spec.Room518a_WP2,3687.0
28483.98,TSL3_UpperScreen_spec.Room518a_WP1,2978.0
28483.98,TSL3_UpperScreen_spec.Room518a_WP2,2257.0
28483.98,TSL4_UpperScreen_spec.Room518a_WP1,6507.0
28483.98,TSL4_UpperScreen_spec.Room518a_WP2,6323.0
28585.18,Illuminance.Room518a_Ceiling,321.67
28585.18,TSL1_LowerScreen_spec.Room518a_WP1,2212.0
28585.18,TSL1_LowerScreen_spec.Room518a_WP2,2789.0
28585.18,TSL2_Keyboard_spec.Room518a_WP1,3663.0
28585.18,TSL2_Keyboard_spec.Room518a_WP2,3687.0
28585.18,TSL3_UpperScreen_spec.Room518a_WP1,2978.0
28585.18,TSL3_UpperScreen_spec.Room518a_WP2,2257.0
28585.18,TSL4_UpperScreen_spec.Room518a_WP1,6507.0
28585.18,TSL4_UpperScreen_spec.Room518a_WP2,6323.0
28686.35,Illuminance.Room518a_Ceiling,321.67
28686.35,TSL1_LowerScreen_spec.Room518a_WP1,2212.0
28686.35,TSL1_LowerScreen_spec.Room518a_WP2,2789.0
28686.35,TSL2_Keyboard_spec.Room518a_WP1,3663.0
28686.35,TSL2_Keyboard_spec.Room518a_WP2,3687.0
28686.35,TSL3_UpperScreen_spec.Room518a_WP1,2978.0
28686.35,TSL3_UpperScreen_spec.Room518a_WP2,2257.0
28686.35,TSL4_UpperScreen_spec.Room518a_WP1,6507.0
28686.35,TSL4_UpperScreen_spec.Room518a_WP2,6323.0
28787.35,Illuminance.Room518a_Ceiling,321.67
28787.35,TSL1_LowerScreen_spec.Room518a_WP1,2212.0
28787.35,TSL1_LowerScreen_spec.Room518a_WP2,2789.0
28787.35,TSL2_Keyboard_spec.Room518a_WP1,3663.0
28787.35,TSL2_Keyboard_spec.Room518a_WP2,3687.0
28787.35,TSL3_UpperScreen_spec.Room518a_WP1,2978.0
28787.35,TSL3_UpperScreen_spec.Room518a_WP2,2257.0
28787.35,TSL4_UpperScreen_spec.Room518a_WP1,6507.0
28787.35,TSL4_UpperScreen_spec.Room518a_WP2,6323.0
28888.23,Illuminance.Room518a_Ceiling,321.67
28888.23,TSL1_LowerScreen_spec.Room518a_WP1,2212.0
28888.23,TSL1_LowerScreen_spec.Room518a_WP2,2789.0
28888.23,TSL2_Keyboard_spec.Room518a_WP1,3663.0
28888.23,TSL2_Keyboard_spec.Room518a_WP2,3687.0
28888.23,TSL3_UpperScreen_spec.Room518a_WP1,2978.0
28888.23,TSL3_UpperScreen_spec.Room518a_WP2,2257.0
28888.23,TSL4_UpperScreen_spec.Room518a_WP1,6507.0
28888.23,TSL4_UpperScreen_spec.Room518a_WP2,6323.0
28989.41,Illuminance.Room518a_Ceiling,321.67
28989.41,TSL1_LowerScreen_spec.Room518a_WP1,2212.0
28989.41,TSL1_LowerScreen_spec.Room518a_WP2,2789.0
28989.41,TSL2_Keyboard_spec.Room518a_WP1,3663.0
28989.41,TSL2_Keyboard_spec.Room518a_WP2,3687.0
28989.41,TSL3_UpperScreen_spec.Room518a_WP1,2978.0
28989.41,TSL3_UpperScreen_spec.Room518a_WP2,2257.0
28989.41,TSL4_UpperScreen_spec.Room518a_WP1,6507.0
28989.41,TSL4_UpperScreen_spec.Room518a_WP2,6323.0
29090.56,Illuminance.Room518a_Ceiling,324.17
29090.56,TSL1_LowerScreen_spec.Room518a_WP1,2212.0
29090.56,TSL1_LowerScreen_spec.Room518a_WP2,2789.0
29090.56,TSL2_Keyboard_spec.Room518a_WP1,3663.0
29090.56,TSL2_Keyboard_spec.Room518a_WP2,3687.0
29090.56,TSL3_UpperScreen_spec.Room518a_WP1,2978.0
29090.56,TSL3_UpperScreen_spec.Room518a_WP2,2257.0
29090.56,TSL4_UpperScreen_spec.Room518a_WP1,6507.0
29090.56,TSL4_UpperScreen_spec.Room518a_WP2,6323.0
29190.86,Illuminance.Room518a_Ceiling,324.17
29190.86,TSL1_LowerScreen_spec.Room518a_WP1,2212.0
29190.86,TSL1_LowerScreen_spec.Room518a_WP2,2789.0
29190.86,TSL2_Keyboard_spec.Room518a_WP1,3663.0
29190.86,TSL2_Keyboard_spec.Room518a_WP2,3687.0
29190.86,TSL3_UpperScreen_spec.Room518a_WP1,2978.0
29190.86,TSL3_UpperScreen_spec.Room518a_WP2,2257.0
29190.86,TSL4_UpperScreen_spec.Room518a_WP1,6507.0
29190.86,TSL4_UpperScreen_spec.Room518a_WP2,6323.0
29291.98,Illuminance.Room518a_Ceiling,324.17
29291.98,TSL1_LowerScreen_spec.Room518a_WP1,2212.0
29291.98,TSL1_LowerScreen_spec.Room518a_WP2,2789.0
29291.98,TSL2_Keyboard_spec.Room518a_WP1,3663.0
29291.98,TSL2_Keyboard_spec.Room518a_WP2,3687.0
29291.98,TSL3_UpperScreen_spec.Room518a_WP1,2978.0
29291.98,TSL3_UpperScreen_spec.Room518a_WP2,2257.0
29291.98,TSL4_UpperScreen_spec.Room518a_WP1,6507.0
29291.98,TSL4_UpperScreen_spec.Room518a_WP2,6323.0
29392.66,Illuminance.Room518a_Ceiling,324.17
29392.66,TSL1_LowerScreen_spec.Room518a_WP1,2212.0
29392.66,TSL1_LowerScreen_spec.Room518a_WP2,2789.0
29392.66,TSL2_Keyboard_spec.Room518a_WP1,3663.0
29392.66,TSL2_Keyboard_spec.Room518a_WP2,3687.0
29392.66,TSL3_UpperScreen_spec.Room518a_WP1,2978.0
29392.66,TSL3_UpperScreen_spec.Room518a_WP2,2257.0
29392.66,TSL4_UpperScreen_spec.Room518a_WP1,6507.0
29392.66,TSL4_UpperScreen_spec.Room518a_WP2,6323.0
29493.74,Illuminance.Room518a_Ceiling,324.17
29493.74,TSL1_LowerScreen_spec.Room518a_WP1,2212.0
29493.74,TSL1_LowerScreen_spec.Room518a_WP2,2789.0
29493.74,TSL2_Keyboard_spec.Room518a_WP1,3663.0
29493.74,TSL2_Keyboard_spec.Room518a_WP2,3687.0
29493.74,TSL3_UpperScreen_spec.Room518a_WP1,2978.0
29493.74,TSL3_UpperScreen_spec.Room518a_WP2,2257.0
29493.74,TSL4_UpperScreen_spec.Room518a_WP1,6507.0
29493.74,TSL4_UpperScreen_spec.Room518a_WP2,6323.0
29594.78,Illuminance.Room518a_Ceiling,324.17
29594.78,TSL1_LowerScreen_spec.Room518a_WP1,2212.0
29594.78,TSL1_LowerScreen_spec.Room518a_WP2,2789.0
29594.78,TSL2_Keyboard_spec.Room518a_WP1,3663.0
29594.78,TSL2_Keyboard_spec.Room518a_WP2,3687.0
29594.78,TSL3_UpperScreen_spec.Room518a_WP1,2978.0
29594.78,TSL3_UpperScreen_spec.Room518a_WP2,2257.0
29594.78,TSL4_UpperScreen_spec.Room518a_WP1,6507.0
29594.78,TSL4_UpperScreen_spec.Room518a_WP2,6323.0
29695.96,Illuminance.Room518a_Ceiling,324.17
29695.96,TSL1_LowerScreen_spec.Room518a_WP1,2212.0
29695.96,TSL1_LowerScreen_spec.Room518a_WP2,2789.0
29695.96,TSL2_Keyboard_spec.Room518a_WP1,3663.0
29695.96,TSL2_Keyboard_spec.Room518a_WP2,3687.0
29695.96,TSL3_UpperScreen_spec.Room518a_WP1,2978.0
29695.96,TSL3_UpperScreen_spec.Room518a_WP2,2257.0
29695.96,TSL4_UpperScreen_spec.Room518a_WP1,6507.0
29695.96,TSL4_UpperScreen_spec.Room518a_WP2,6323.0
29797.1,Illuminance.Room518a_Ceiling,324.17
29797.1,TSL1_LowerScreen_spec.Room518a_WP1,2212.0
29797.1,TSL1_LowerScreen_spec.Room518a_WP2,2789.0
29797.1,TSL2_Keyboard_spec.Room518a_WP1,3663.0
29797.1,TSL2_Keyboard_spec.Room518a_WP2,3687.0
29797.1,TSL3_UpperScreen_spec.Room518a_WP1,2978.0
29797.1,TSL3_UpperScreen_spec.Room518a_WP2,2257.0
29797.1,TSL4_UpperScreen_spec.Room518a_WP1,6507.0
29797.1,TSL4_UpperScreen_spec.Room518a_WP2,6323.0
29897.33,Illuminance.Room518a_Ceiling,324.17
29897.33,TSL1_LowerScreen_spec.Room518a_WP1,2212.0
29897.33,TSL1_LowerScreen_spec.Room518a_WP2,2789.0
29897.33,TSL2_Keyboard_spec.Room518a_WP1,3663.0
29897.33,TSL2_Keyboard_spec.Room518a_WP2,3687.0
29897.33,TSL3_UpperScreen_spec.Room518a_WP1,2978.0
29897.33,TSL3_UpperScreen_spec.Room518a_WP2,2257.0
29897.33,TSL4_UpperScreen_spec.Room518a_WP1,6507.0
29897.33,TSL4_UpperScreen_spec.Room518a_WP2,6323.0
29998.41,Illuminance.Room518a_Ceiling,324.17
29998.41,TSL1_LowerScreen_spec.Room518a_WP1,2212.0
29998.41,TSL1_LowerScreen_spec.Room518a_WP2,2789.0
29998.41,TSL2_Keyboard_spec.Room518a_WP1,3663.0
29998.41,TSL2_Keyboard_spec.Room518a_WP2,3687.0
29998.41,TSL3_UpperScreen_spec.Room518a_WP1,2978.0
29998.41,TSL3_UpperScreen_spec.Room518a_WP2,2257.0
29998.41,TSL4_UpperScreen_spec.Room518a_WP1,6507.0
29998.41,TSL4_UpperScreen_spec.Room518a_WP2,6323.0
