rel_time_ms,sensor,value
0.0,Illuminance.Room518a_Ceiling,1153.33
0.0,TSL1_LowerScreen_spec.Room518a_WP1,7962.0
0.0,TSL1_LowerScreen_spec.Room518a_WP2,8474.0
0.0,TSL2_Keyboard_spec.Room518a_WP1,16121.0
0.0,TSL2_Keyboard_spec.Room518a_WP2,5975.0
0.0,TSL3_UpperScreen_spec.Room518a_WP1,11807.0
0.0,TSL3_UpperScreen_spec.Room518a_WP2,6598.0
0.0,TSL4_UpperScreen_spec.Room518a_WP1,11290.0
0.0,TSL4_UpperScreen_spec.Room518a_WP2,10902.0
100.0,Illuminance.Room518a_Ceiling,1153.33
100.0,TSL1_LowerScreen_spec.Room518a_WP1,7962.0
100.0,TSL1_LowerScreen_spec.Room518a_WP2,8474.0
100.0,TSL2_Keyboard_spec.Room518a_WP1,16121.0
100.0,TSL2_Keyboard_spec.Room518a_WP2,5975.0
100.0,TSL3_UpperScreen_spec.Room518a_WP1,11807.0
100.0,TSL3_UpperScreen_spec.Room518a_WP2,6598.0
100.0,TSL4_UpperScreen_spec.Room518a_WP1,11290.0
100.0,TSL4_UpperScreen_spec.Room518a_WP2,10902.0
200.0,Illuminance.Room518a_Ceiling,1153.33
200.0,TSL1_LowerScreen_spec.Room518a_WP1,7962.0
200.0,TSL1_LowerScreen_spec.Room518a_WP2,8474.0
200.0,TSL2_Keyboard_spec.Room518a_WP1,16121.0
200.0,TSL2_Keyboard_spec.Room518a_WP2,5975.0
200.0,TSL3_UpperScreen_spec.Room518a_WP1,11807.0
200.0,TSL3_UpperScreen_spec.Room518a_WP2,6598.0
200.0,TSL4_UpperScreen_spec.Room518a_WP1,11290.0
200.0,TSL4_UpperScreen_spec.Room518a_WP2,10902.0
300.0,Illuminance.Room518a_Ceiling,1153.33
300.0,TSL1_LowerScreen_spec.Room518a_WP1,7962.0
300.0,TSL1_LowerScreen_spec.Room518a_WP2,8474.0
300.0,TSL2_Keyboard_spec.Room518a_WP1,16121.0
300.0,TSL2_Keyboard_spec.Room518a_WP2,5975.0
300.0,TSL3_UpperScreen_spec.Room518a_WP1,11807.0
300.0,TSL3_UpperScreen_spec.Room518a_WP2,6598.0
300.0,TSL4_UpperScreen_spec.Room518a_WP1,11290.0
300.0,TSL4_UpperScreen_spec.Room518a_WP2,10902.0
400.0,Illuminance.Room518a_Ceiling,1153.33
400.0,TSL1_LowerScreen_spec.Room518a_WP1,7962.0
400.0,TSL1_LowerScreen_spec.Room518a_WP2,8474.0
400.0,TSL2_Keyboard_spec.Room518a_WP1,16121.0
400.0,TSL2_Keyboard_spec.Room518a_WP2,5975.0
400.0,TSL3_UpperScreen_spec.Room518a_WP1,11807.0
400.0,TSL3_UpperScreen_spec.Room518a_WP2,6598.0
400.0,TSL4_UpperScreen_spec.Room518a_WP1,11290.0
400.0,TSL4_UpperScreen_spec.Room518a_WP2,10902.0
500.0,Illuminance.Room518a_Ceiling,1153.33
500.0,TSL1_LowerScreen_spec.Room518a_WP1,7962.0
500.0,TSL1_LowerScreen_spec.Room518a_WP2,8474.0
500.0,TSL2_Keyboard_spec.Room518a_WP1,16121.0
500.0,TSL2_Keyboard_spec.Room518a_WP2,5975.0
500.0,TSL3_UpperScreen_spec.Room518a_WP1,11807.0
500.0,TSL3_UpperScreen_spec.Room518a_WP2,6598.0
500.0,TSL4_UpperScreen_spec.Room518a_WP1,11290.0
500.0,TSL4_UpperScreen_spec.Room518a_WP2,10902.0
600.0,Illuminance.Room518a_Ceiling,1153.33
600.0,TSL1_LowerScreen_spec.Room518a_WP1,7962.0
600.0,TSL1_LowerScreen_spec.Room518a_WP2,8474.0
600.0,TSL2_Keyboard_spec.Room518a_WP1,16121.0
600.0,TSL2_Keyboard_spec.Room518a_WP2,5975.0
600.0,TSL3_UpperScreen_spec.Room518a_WP1,11807.0
600.0,TSL3_UpperScreen_spec.Room518a_WP2,6598.0
600.0,TSL4_UpperScreen_spec.Room518a_WP1,11290.0
600.0,TSL4_UpperScreen_spec.Room518a_WP2,10902.0
700.0,Illuminance.Room518a_Ceiling,1153.33
700.0,TSL1_LowerScreen_spec.Room518a_WP1,7962.0
700.0,TSL1_LowerScreen_spec.Room518a_WP2,8474.0
700.0,TSL2_Keyboard_spec.Room518a_WP1,16121.0
700.0,TSL2_Keyboard_spec.Room518a_WP2,5975.0
700.0,TSL3_UpperScreen_spec.Room518a_WP1,11807.0
700.0,TSL3_UpperScreen_spec.Room518a_WP2,6598.0
700.0,TSL4_UpperScreen_spec.Room518a_WP1,11290.0
700.0,TSL4_UpperScreen_spec.Room518a_WP2,10902.0
800.0,Illuminance.Room518a_Ceiling,1153.33
800.0,TSL1_LowerScreen_spec.Room518a_WP1,7962.0
800.0,TSL1_LowerScreen_spec.Room518a_WP2,8474.0
800.0,TSL2_Keyboard_spec.Room518a_WP1,16121.0
800.0,TSL2_Keyboard_spec.Room518a_WP2,5975.0
800.0,TSL3_UpperScreen_spec.Room518a_WP1,11807.0
800.0,TSL3_UpperScreen_spec.Room518a_WP2,6598.0
800.0,TSL4_UpperScreen_spec.Room518a_WP1,11290.0
800.0,TSL4_UpperScreen_spec.Room518a_WP2,10902.0
900.0,Illuminance.Room518a_Ceiling,1153.33
900.0,TSL1_LowerScreen_spec.Room518a_WP1,7962.0
900.0,TSL1_LowerScreen_spec.Room518a_WP2,8474.0
900.0,TSL2_Keyboard_spec.Room518a_WP1,16121.0
900.0,TSL2_Keyboard_spec.Room518a_WP2,5975.0
900.0,TSL3_UpperScreen_spec.Room518a_WP1,11807.0
900.0,TSL3_UpperScreen_spec.Room518a_WP2,6598.0
900.0,TSL4_UpperScreen_spec.Room518a_WP1,11290.0
900.0,TSL4_UpperScreen_spec.Room518a_WP2,10902.0
1000.0,Illuminance.Room518a_Ceiling,1153.33
1000.0,TSL1_LowerScreen_spec.Room518a_WP1,7962.0
1000.0,TSL1_LowerScreen_spec.Room518a_WP2,8474.0
1000.0,TSL2_Keyboard_spec.Room518a_WP1,16121.0
1000.0,TSL2_Keyboard_spec.Room518a_WP2,5975.0
1000.0,TSL3_UpperScreen_spec.Room518a_WP1,11807.0
1000.0,TSL3_UpperScreen_spec.Room518a_WP2,6598.0
1000.0,TSL4_UpperScreen_spec.Room518a_WP1,11290.0
1000.0,TSL4_UpperScreen_spec.Room518a_WP2,10902.0
1100.0,Illuminance.Room518a_Ceiling,1153.33
1100.0,TSL1_LowerScreen_spec.Room518a_WP1,7962.0
1100.0,TSL1_LowerScreen_spec.Room518a_WP2,8474.0
1100.0,TSL2_Keyboard_spec.Room518a_WP1,16121.0
1100.0,TSL2_Keyboard_spec.Room518a_WP2,5975.0
1100.0,TSL3_UpperScreen_spec.Room518a_WP1,11807.0
1100.0,TSL3_UpperScreen_spec.Room518a_WP2,6598.0
1100.0,TSL4_UpperScreen_spec.Room518a_WP1,11290.0
1100.0,TSL4_UpperScreen_spec.Room518a_WP2,10902.0
1200.0,Illuminance.Room518a_Ceiling,1153.33
1200.0,TSL1_LowerScreen_spec.Room518a_WP1,7962.0
1200.0,TSL1_LowerScreen_spec.Room518a_WP2,8474.0
1200.0,TSL2_Keyboard_spec.Room518a_WP1,16121.0
1200.0,TSL2_Keyboard_spec.Room518a_WP2,5975.0
1200.0,TSL3_UpperScreen_spec.Room518a_WP1,11807.0
1200.0,TSL3_UpperScreen_spec.Room518a_WP2,6598.0
1200.0,TSL4_UpperScreen_spec.Room518a_WP1,11290.0
1200.0,TSL4_UpperScreen_spec.Room518a_WP2,10902.0
1300.0,Illuminance.Room518a_Ceiling,1153.33
1300.0,TSL1_LowerScreen_spec.Room518a_WP1,7962.0
1300.0,TSL1_LowerScreen_spec.Room518a_WP2,8474.0
1300.0,TSL2_Keyboard_spec.Room518a_WP1,16121.0
1300.0,TSL2_Keyboard_spec.Room518a_WP2,5975.0
1300.0,TSL3_UpperScreen_spec.Room518a_WP1,11807.0
1300.0,TSL3_UpperScreen_spec.Room518a_WP2,6598.0
1300.0,TSL4_UpperScreen_spec.Room518a_WP1,11290.0
1300.0,TSL4_UpperScreen_spec.Room518a_WP2,10902.0
1400.0,Illuminance.Room518a_Ceiling,1153.33
1400.0,TSL1_LowerScreen_spec.Room518a_WP1,7962.0
1400.0,TSL1_LowerScreen_spec.Room518a_WP2,8474.0
1400.0,TSL2_Keyboard_spec.Room518a_WP1,16121.0
1400.0,TSL2_Keyboard_spec.Room518a_WP2,5975.0
1400.0,TSL3_UpperScreen_spec.Room518a_WP1,11807.0
1400.0,TSL3_UpperScreen_spec.Room518a_WP2,6598.0
1400.0,TSL4_UpperScreen_spec.Room518a_WP1,11290.0
1400.0,TSL4_UpperScreen_spec.Room518a_WP2,10902.0
1500.0,Illuminance.Room518a_Ceiling,1153.33
1500.0,TSL1_LowerScreen_spec.Room518a_WP1,7962.0
1500.0,TSL1_LowerScreen_spec.Room518a_WP2,8474.0
1500.0,TSL2_Keyboard_spec.Room518a_WP1,16121.0
1500.0,TSL2_Keyboard_spec.Room518a_WP2,5975.0
1500.0,TSL3_UpperScreen_spec.Room518a_WP1,11807.0
1500.0,TSL3_UpperScreen_spec.Room518a_WP2,6598.0
1500.0,TSL4_UpperScreen_spec.Room518a_WP1,11290.0
1500.0,TSL4_UpperScreen_spec.Room518a_WP2,10902.0
1600.0,Illuminance.Room518a_Ceiling,1153.33
1600.0,TSL1_LowerScreen_spec.Room518a_WP1,7962.0
1600.0,TSL1_LowerScreen_spec.Room518a_WP2,8474.0
1600.0,TSL2_Keyboard_spec.Room518a_WP1,16121.0
1600.0,TSL2_Keyboard_spec.Room518a_WP2,5975.0
1600.0,TSL3_UpperScreen_spec.Room518a_WP1,11807.0
1600.0,TSL3_UpperScreen_spec.Room518a_WP2,6598.0
1600.0,TSL4_UpperScreen_spec.Room518a_WP1,11290.0
1600.0,TSL4_UpperScreen_spec.Room518a_WP2,10902.0
1700.0,Illuminance.Room518a_Ceiling,1153.33
1700.0,TSL1_LowerScreen_spec.Room518a_WP1,7962.0
1700.0,TSL1_LowerScreen_spec.Room518a_WP2,8474.0
1700.0,TSL2_Keyboard_spec.Room518a_WP1,16121.0
1700.0,TSL2_Keyboard_spec.Room518a_WP2,5975.0
1700.0,TSL3_UpperScreen_spec.Room518a_WP1,11807.0
1700.0,TSL3_UpperScreen_spec.Room518a_WP2,6598.0
1700.0,TSL4_UpperScreen_spec.Room518a_WP1,11290.0
1700.0,TSL4_UpperScreen_spec.Room518a_WP2,10902.0
1800.0,Illuminance.Room518a_Ceiling,1153.33
1800.0,TSL1_LowerScreen_spec.Room518a_WP1,7962.0
1800.0,TSL1_LowerScreen_spec.Room518a_WP2,8474.0
1800.0,TSL2_Keyboard_spec.Room518a_WP1,16121.0
1800.0,TSL2_Keyboard_spec.Room518a_WP2,5975.0
1800.0,TSL3_UpperScreen_spec.Room518a_WP1,11807.0
1800.0,TSL3_UpperScreen_spec.Room518a_WP2,6598.0
1800.0,TSL4_UpperScreen_spec.Room518a_WP1,11290.0
1800.0,TSL4_UpperScreen_spec.Room518a_WP2,10902.0
1900.0,Illuminance.Room518a_Ceiling,1153.33
1900.0,TSL1_LowerScreen_spec.Room518a_WP1,7962.0
1900.0,TSL1_LowerScreen_spec.Room518a_WP2,8474.0
1900.0,TSL2_Keyboard_spec.Room518a_WP1,16121.0
1900.0,TSL2_Keyboard_spec.Room518a_WP2,5975.0
1900.0,TSL3_UpperScreen_spec.Room518a_WP1,11807.0
1900.0,TSL3_UpperScreen_spec.Room518a_WP2,6598.0
1900.0,TSL4_UpperScreen_spec.Room518a_WP1,11290.0
1900.0,TSL4_UpperScreen_spec.Room518a_WP2,10902.0
2000.0,Illuminance.Room518a_Ceiling,1153.33
2000.0,TSL1_LowerScreen_spec.Room518a_WP1,7962.0
2000.0,TSL1_LowerScreen_spec.Room518a_WP2,8474.0
2000.0,TSL2_Keyboard_spec.Room518a_WP1,16121.0
2000.0,TSL2_Keyboard_spec.Room518a_WP2,5975.0
2000.0,TSL3_UpperScreen_spec.Room518a_WP1,11807.0
2000.0,TSL3_UpperScreen_spec.Room518a_WP2,6598.0
2000.0,TSL4_UpperScreen_spec.Room518a_WP1,11290.0
2000.0,TSL4_UpperScreen_spec.Room518a_WP2,10902.0
2100.0,Illuminance.Room518a_Ceiling,1153.33
2100.0,TSL1_LowerScreen_spec.Room518a_WP1,7962.0
2100.0,TSL1_LowerScreen_spec.Room518a_WP2,8474.0
2100.0,TSL2_Keyboard_spec.Room518a_WP1,16121.0
2100.0,TSL2_Keyboard_spec.Room518a_WP2,5975.0
2100.0,TSL3_UpperScreen_spec.Room518a_WP1,11807.0
2100.0,TSL3_UpperScreen_spec.Room518a_WP2,6598.0
2100.0,TSL4_UpperScreen_spec.Room518a_WP1,11290.0
2100.0,TSL4_UpperScreen_spec.Room518a_WP2,10902.0
2200.0,Illuminance.Room518a_Ceiling,1153.33
2200.0,TSL1_LowerScreen_spec.Room518a_WP1,7962.0
2200.0,TSL1_LowerScreen_spec.Room518a_WP2,8474.0
2200.0,TSL2_Keyboard_spec.Room518a_WP1,16121.0
2200.0,TSL2_Keyboard_spec.Room518a_WP2,5975.0
2200.0,TSL3_UpperScreen_spec.Room518a_WP1,11807.0
2200.0,TSL3_UpperScreen_spec.Room518a_WP2,6598.0
2200.0,TSL4_UpperScreen_spec.Room518a_WP1,11290.0
2200.0,TSL4_UpperScreen_spec.Room518a_WP2,10902.0
2300.0,Illuminance.Room518a_Ceiling,1153.33
2300.0,TSL1_LowerScreen_spec.Room518a_WP1,7962.0
2300.0,TSL1_LowerScreen_spec.Room518a_WP2,8474.0
2300.0,TSL2_Keyboard_spec.Room518a_WP1,16121.0
2300.0,TSL2_Keyboard_spec.Room518a_WP2,5975.0
2300.0,TSL3_UpperScreen_spec.Room518a_WP1,11807.0
2300.0,TSL3_UpperScreen_spec.Room518a_WP2,6598.0
2300.0,TSL4_UpperScreen_spec.Room518a_WP1,11290.0
2300.0,TSL4_UpperScreen_spec.Room518a_WP2,10902.0
2400.0,Illuminance.Room518a_Ceiling,1153.33
2400.0,TSL1_LowerScreen_spec.Room518a_WP1,7962.0
2400.0,TSL1_LowerScreen_spec.Room518a_WP2,8474.0
2400.0,TSL2_Keyboard_spec.Room518a_WP1,16121.0
2400.0,TSL2_Keyboard_spec.Room518a_WP2,5975.0
2400.0,TSL3_UpperScreen_spec.Room518a_WP1,11807.0
2400.0,TSL3_UpperScreen_spec.Room518a_WP2,6598.0
2400.0,TSL4_UpperScreen_spec.Room518a_WP1,11290.0
2400.0,TSL4_UpperScreen_spec.Room518a_WP2,10902.0
2500.0,Illuminance.Room518a_Ceiling,1153.33
2500.0,TSL1_LowerScreen_spec.Room518a_WP1,7962.0
2500.0,TSL1_LowerScreen_spec.Room518a_WP2,8474.0
2500.0,TSL2_Keyboard_spec.Room518a_WP1,16121.0
2500.0,TSL2_Keyboard_spec.Room518a_WP2,5975.0
2500.0,TSL3_UpperScreen_spec.Room518a_WP1,11807.0
2500.0,TSL3_UpperScreen_spec.Room518a_WP2,6598.0
2500.0,TSL4_UpperScreen_spec.Room518a_WP1,11290.0
2500.0,TSL4_UpperScreen_spec.Room518a_WP2,10902.0
2600.0,Illuminance.Room518a_Ceiling,1153.33
2600.0,TSL1_LowerScreen_spec.Room518a_WP1,7962.0
2600.0,TSL1_LowerScreen_spec.Room518a_WP2,8474.0
2600.0,TSL2_Keyboard_spec.Room518a_WP1,16121.0
2600.0,TSL2_Keyboard_spec.Room518a_WP2,5975.0
2600.0,TSL3_UpperScreen_spec.Room518a_WP1,11807.0
2600.0,TSL3_UpperScreen_spec.Room518a_WP2,6598.0
2600.0,TSL4_UpperScreen_spec.Room518a_WP1,11290.0
2600.0,TSL4_UpperScreen_spec.Room518a_WP2,10902.0
2700.0,Illuminance.Room518a_Ceiling,1153.33
2700.0,TSL1_LowerScreen_spec.Room518a_WP1,7962.0
2700.0,TSL1_LowerScreen_spec.Room518a_WP2,8474.0
2700.0,TSL2_Keyboard_spec.Room518a_WP1,16121.0
2700.0,TSL2_Keyboard_spec.Room518a_WP2,5975.0
2700.0,TSL3_UpperScreen_spec.Room518a_WP1,11807.0
2700.0,TSL3_UpperScreen_spec.Room518a_WP2,6598.0
2700.0,TSL4_UpperScreen_spec.Room518a_WP1,11290.0
2700.0,TSL4_UpperScreen_spec.Room518a_WP2,10902.0
2800.0,Illuminance.Room518a_Ceiling,1153.33
2800.0,TSL1_LowerScreen_spec.Room518a_WP1,7962.0
2800.0,TSL1_LowerScreen_spec.Room518a_WP2,8474.0
2800.0,TSL2_Keyboard_spec.Room518a_WP1,16121.0
2800.0,TSL2_Keyboard_spec.Room518a_WP2,5975.0
2800.0,TSL3_UpperScreen_spec.Room518a_WP1,11807.0
2800.0,TSL3_UpperScreen_spec.Room518a_WP2,6598.0
2800.0,TSL4_UpperScreen_spec.Room518a_WP1,11290.0
2800.0,TSL4_UpperScreen_spec.Room518a_WP2,10902.0
2900.0,Illuminance.Room518a_Ceiling,1153.33
2900.0,TSL1_LowerScreen_spec.Room518a_WP1,7962.0
2900.0,TSL1_LowerScreen_spec.Room518a_WP2,8474.0
2900.0,TSL2_Keyboard_spec.Room518a_WP1,16121.0
2900.0,TSL2_Keyboard_spec.Room518a_WP2,5975.0
2900.0,TSL3_UpperScreen_spec.Room518a_WP1,11807.0
2900.0,TSL3_UpperScreen_spec.Room518a_WP2,6598.0
2900.0,TSL4_UpperScreen_spec.Room518a_WP1,11290.0
2900.0,TSL4_UpperScreen_spec.Room518a_WP2,10902.0
3000.0,Illuminance.Room518a_Ceiling,1153.33
3000.0,TSL1_LowerScreen_spec.Room518a_WP1,7962.0
3000.0,TSL1_LowerScreen_spec.Room518a_WP2,8474.0
3000.0,TSL2_Keyboard_spec.Room518a_WP1,16121.0
3000.0,TSL2_Keyboard_spec.Room518a_WP2,5975.0
3000.0,TSL3_UpperScreen_spec.Room518a_WP1,11807.0
3000.0,TSL3_UpperScreen_spec.Room518a_WP2,6598.0
3000.0,TSL4_UpperScreen_spec.Room518a_WP1,11290.0
3000.0,TSL4_UpperScreen_spec.Room518a_WP2,10902.0
3100.0,Illuminance.Room518a_Ceiling,1153.33
3100.0,TSL1_LowerScreen_spec.Room518a_WP1,7962.0
3100.0,TSL1_LowerScreen_spec.Room518a_WP2,8474.0
3100.0,TSL2_Keyboard_spec.Room518a_WP1,16121.0
3100.0,TSL2_Keyboard_spec.Room518a_WP2,5975.0
3100.0,TSL3_UpperScreen_spec.Room518a_WP1,11807.0
3100.0,TSL3_UpperScreen_spec.Room518a_WP2,6598.0
3100.0,TSL4_UpperScreen_spec.Room518a_WP1,11290.0
3100.0,TSL4_UpperScreen_spec.Room518a_WP2,10902.0
3200.0,Illuminance.Room518a_Ceiling,1153.33
3200.0,TSL1_LowerScreen_spec.Room518a_WP1,7962.0
3200.0,TSL1_LowerScreen_spec.Room518a_WP2,8474.0
3200.0,TSL2_Keyboard_spec.Room518a_WP1,16121.0
3200.0,TSL2_Keyboard_spec.Room518a_WP2,5975.0
3200.0,TSL3_UpperScreen_spec.Room518a_WP1,11807.0
3200.0,TSL3_UpperScreen_spec.Room518a_WP2,6598.0
3200.0,TSL4_UpperScreen_spec.Room518a_WP1,11290.0
3200.0,TSL4_UpperScreen_spec.Room518a_WP2,10902.0
3300.0,Illuminance.Room518a_Ceiling,1153.33
3300.0,TSL1_LowerScreen_spec.Room518a_WP1,7962.0
3300.0,TSL1_LowerScreen_spec.Room518a_WP2,8474.0
3300.0,TSL2_Keyboard_spec.Room518a_WP1,16121.0
3300.0,TSL2_Keyboard_spec.Room518a_WP2,5975.0
3300.0,TSL3_UpperScreen_spec.Room518a_WP1,11807.0
3300.0,TSL3_UpperScreen_spec.Room518a_WP2,6598.0
3300.0,TSL4_UpperScreen_spec.Room518a_WP1,11290.0
3300.0,TSL4_UpperScreen_spec.Room518a_WP2,10902.0
3400.0,Illuminance.Room518a_Ceiling,1153.33
3400.0,TSL1_LowerScreen_spec.Room518a_WP1,7962.0
3400.0,TSL1_LowerScreen_spec.Room518a_WP2,8474.0
3400.0,TSL2_Keyboard_spec.Room518a_WP1,16121.0
3400.0,TSL2_Keyboard_spec.Room518a_WP2,5975.0
3400.0,TSL3_UpperScreen_spec.Room518a_WP1,11807.0
3400.0,TSL3_UpperScreen_spec.Room518a_WP2,6598.0
3400.0,TSL4_UpperScreen_spec.Room518a_WP1,11290.0
3400.0,TSL4_UpperScreen_spec.Room518a_WP2,10902.0
3500.0,Illuminance.Room518a_Ceiling,1153.33
3500.0,TSL1_LowerScreen_spec.Room518a_WP1,7962.0
3500.0,TSL1_LowerScreen_spec.Room518a_WP2,8474.0
3500.0,TSL2_Keyboard_spec.Room518a_WP1,16121.0
3500.0,TSL2_Keyboard_spec.Room518a_WP2,5975.0
3500.0,TSL3_UpperScreen_spec.Room518a_WP1,11807.0
3500.0,TSL3_UpperScreen_spec.Room518a_WP2,6598.0
3500.0,TSL4_UpperScreen_spec.Room518a_WP1,11290.0
3500.0,TSL4_UpperScreen_spec.Room518a_WP2,10902.0
3600.0,Illuminance.Room518a_Ceiling,1153.33
3600.0,TSL1_LowerScreen_spec.Room518a_WP1,7962.0
3600.0,TSL1_LowerScreen_spec.Room518a_WP2,8474.0
3600.0,TSL2_Keyboard_spec.Room518a_WP1,16121.0
3600.0,TSL2_Keyboard_spec.Room518a_WP2,5975.0
3600.0,TSL3_UpperScreen_spec.Room518a_WP1,11807.0
3600.0,TSL3_UpperScreen_spec.Room518a_WP2,6598.0
3600.0,TSL4_UpperScreen_spec.Room518a_WP1,11290.0
3600.0,TSL4_UpperScreen_spec.Room518a_WP2,10902.0
3700.0,Illuminance.Room518a_Ceiling,1153.33
3700.0,TSL1_LowerScreen_spec.Room518a_WP1,7962.0
3700.0,TSL1_LowerScreen_spec.Room518a_WP2,8474.0
3700.0,TSL2_Keyboard_spec.Room518a_WP1,16121.0
3700.0,TSL2_Keyboard_spec.Room518a_WP2,5975.0
3700.0,TSL3_UpperScreen_spec.Room518a_WP1,11807.0
3700.0,TSL3_UpperScreen_spec.Room518a_WP2,6598.0
3700.0,TSL4_UpperScreen_spec.Room518a_WP1,11290.0
3700.0,TSL4_UpperScreen_spec.Room518a_WP2,10902.0
3800.0,Illuminance.Room518a_Ceiling,1153.33
3800.0,TSL1_LowerScreen_spec.Room518a_WP1,7962.0
3800.0,TSL1_LowerScreen_spec.Room518a_WP2,8474.0
3800.0,TSL2_Keyboard_spec.Room518a_WP1,16121.0
3800.0,TSL2_Keyboard_spec.Room518a_WP2,5975.0
3800.0,TSL3_UpperScreen_spec.Room518a_WP1,11807.0
3800.0,TSL3_UpperScreen_spec.Room518a_WP2,6598.0
3800.0,TSL4_UpperScreen_spec.Room518a_WP1,11290.0
3800.0,TSL4_UpperScreen_spec.Room518a_WP2,10902.0
3900.0,Illuminance.Room518a_Ceiling,1153.33
3900.0,TSL1_LowerScreen_spec.Room518a_WP1,7962.0
3900.0,TSL1_LowerScreen_spec.Room518a_WP2,8474.0
3900.0,TSL2_Keyboard_spec.Room518a_WP1,16121.0
3900.0,TSL2_Keyboard_spec.Room518a_WP2,5975.0
3900.0,TSL3_UpperScreen_spec.Room518a_WP1,11807.0
3900.0,TSL3_UpperScreen_spec.Room518a_WP2,6598.0
3900.0,TSL4_UpperScreen_spec.Room518a_WP1,11290.0
3900.0,TSL4_UpperScreen_spec.Room518a_WP2,10902.0
4000.0,Illuminance.Room518a_Ceiling,1153.33
4000.0,TSL1_LowerScreen_spec.Room518a_WP1,7962.0
4000.0,TSL1_LowerScreen_spec.Room518a_WP2,8474.0
4000.0,TSL2_Keyboard_spec.Room518a_WP1,16121.0
4000.0,TSL2_Keyboard_spec.Room518a_WP2,5975.0
4000.0,TSL3_UpperScreen_spec.Room518a_WP1,11807.0
4000.0,TSL3_UpperScreen_spec.Room518a_WP2,6598.0
4000.0,TSL4_UpperScreen_spec.Room518a_WP1,11290.0
4000.0,TSL4_UpperScreen_spec.Room518a_WP2,10902.0
4100.0,Illuminance.Room518a_Ceiling,1153.33
4100.0,TSL1_LowerScreen_spec.Room518a_WP1,7962.0
4100.0,TSL1_LowerScreen_spec.Room518a_WP2,8474.0
4100.0,TSL2_Keyboard_spec.Room518a_WP1,16121.0
4100.0,TSL2_Keyboard_spec.Room518a_WP2,5975.0
4100.0,TSL3_UpperScreen_spec.Room518a_WP1,11807.0
4100.0,TSL3_UpperScreen_spec.Room518a_WP2,6598.0
4100.0,TSL4_UpperScreen_spec.Room518a_WP1,11290.0
4100.0,TSL4_UpperScreen_spec.Room518a_WP2,10902.0
4200.0,Illuminance.Room518a_Ceiling,1153.33
4200.0,TSL1_LowerScreen_spec.Room518a_WP1,7962.0
4200.0,TSL1_LowerScreen_spec.Room518a_WP2,8474.0
4200.0,TSL2_Keyboard_spec.Room518a_WP1,16121.0
4200.0,TSL2_Keyboard_spec.Room518a_WP2,5975.0
4200.0,TSL3_UpperScreen_spec.Room518a_WP1,11807.0
4200.0,TSL3_UpperScreen_spec.Room518a_WP2,6598.0
4200.0,TSL4_UpperScreen_spec.Room518a_WP1,11290.0
4200.0,TSL4_UpperScreen_spec.Room518a_WP2,10902.0
4300.0,Illuminance.Room518a_Ceiling,1153.33
4300.0,TSL1_LowerScreen_spec.Room518a_WP1,7962.0
4300.0,TSL1_LowerScreen_spec.Room518a_WP2,8474.0
4300.0,TSL2_Keyboard_spec.Room518a_WP1,16121.0
4300.0,TSL2_Keyboard_spec.Room518a_WP2,5975.0
4300.0,TSL3_UpperScreen_spec.Room518a_WP1,11807.0
4300.0,TSL3_UpperScreen_spec.Room518a_WP2,6598.0
4300.0,TSL4_UpperScreen_spec.Room518a_WP1,11290.0
4300.0,TSL4_UpperScreen_spec.Room518a_WP2,10902.0
4400.0,Illuminance.Room518a_Ceiling,1153.33
4400.0,TSL1_LowerScreen_spec.Room518a_WP1,7962.0
4400.0,TSL1_LowerScreen_spec.Room518a_WP2,8474.0
4400.0,TSL2_Keyboard_spec.Room518a_WP1,16121.0
4400.0,TSL2_Keyboard_spec.Room518a_WP2,5975.0
4400.0,TSL3_UpperScreen_spec.Room518a_WP1,11807.0
4400.0,TSL3_UpperScreen_spec.Room518a_WP2,6598.0
4400.0,TSL4_UpperScreen_spec.Room518a_WP1,11290.0
4400.0,TSL4_UpperScreen_spec.Room518a_WP2,10902.0
4500.0,Illuminance.Room518a_Ceiling,1153.33
4500.0,TSL1_LowerScreen_spec.Room518a_WP1,7962.0
4500.0,TSL1_LowerScreen_spec.Room518a_WP2,8474.0
4500.0,TSL2_Keyboard_spec.Room518a_WP1,16121.0
4500.0,TSL2_Keyboard_spec.Room518a_WP2,5975.0
4500.0,TSL3_UpperScreen_spec.Room518a_WP1,11807.0
4500.0,TSL3_UpperScreen_spec.Room518a_WP2,6598.0
4500.0,TSL4_UpperScreen_spec.Room518a_WP1,11290.0
4500.0,TSL4_UpperScreen_spec.Room518a_WP2,10902.0
4600.0,Illuminance.Room518a_Ceiling,1153.33
4600.0,TSL1_LowerScreen_spec.Room518a_WP1,7962.0
4600.0,TSL1_LowerScreen_spec.Room518a_WP2,8474.0
4600.0,TSL2_Keyboard_spec.Room518a_WP1,16121.0
4600.0,TSL2_Keyboard_spec.Room518a_WP2,5975.0
4600.0,TSL3_UpperScreen_spec.Room518a_WP1,11807.0
4600.0,TSL3_UpperScreen_spec.Room518a_WP2,6598.0
4600.0,TSL4_UpperScreen_spec.Room518a_WP1,11290.0
4600.0,TSL4_UpperScreen_spec.Room518a_WP2,10902.0
4700.0,Illuminance.Room518a_Ceiling,1153.33
4700.0,TSL1_LowerScreen_spec.Room518a_WP1,7962.0
4700.0,TSL1_LowerScreen_spec.Room518a_WP2,8474.0
4700.0,TSL2_Keyboard_spec.Room518a_WP1,16121.0
4700.0,TSL2_Keyboard_spec.Room518a_WP2,5975.0
4700.0,TSL3_UpperScreen_spec.Room518a_WP1,11807.0
4700.0,TSL3_UpperScreen_spec.Room518a_WP2,6598.0
4700.0,TSL4_UpperScreen_spec.Room518a_WP1,11290.0
4700.0,TSL4_UpperScreen_spec.Room518a_WP2,10902.0
4800.0,Illuminance.Room518a_Ceiling,1153.33
4800.0,TSL1_LowerScreen_spec.Room518a_WP1,7962.0
4800.0,TSL1_LowerScreen_spec.Room518a_WP2,8474.0
4800.0,TSL2_Keyboard_spec.Room518a_WP1,16121.0
4800.0,TSL2_Keyboard_spec.Room518a_WP2,5975.0
4800.0,TSL3_UpperScreen_spec.Room518a_WP1,11807.0
4800.0,TSL3_UpperScreen_spec.Room518a_WP2,6598.0
4800.0,TSL4_UpperScreen_spec.Room518a_WP1,11290.0
4800.0,TSL4_UpperScreen_spec.Room518a_WP2,10902.0
4900.0,Illuminance.Room518a_Ceiling,1153.33
4900.0,TSL1_LowerScreen_spec.Room518a_WP1,7962.0
4900.0,TSL1_LowerScreen_spec.Room518a_WP2,8474.0
4900.0,TSL2_Keyboard_spec.Room518a_WP1,16121.0
4900.0,TSL2_Keyboard_spec.Room518a_WP2,5975.0
4900.0,TSL3_UpperScreen_spec.Room518a_WP1,11807.0
4900.0,TSL3_UpperScreen_spec.Room518a_WP2,6598.0
4900.0,TSL4_UpperScreen_spec.Room518a_WP1,11290.0
4900.0,TSL4_UpperScreen_spec.Room518a_WP2,10902.0
5000.0,Illuminance.Room518a_Ceiling,1153.33
5000.0,TSL1_LowerScreen_spec.Room518a_WP1,7962.0
5000.0,TSL1_LowerScreen_spec.Room518a_WP2,8474.0
5000.0,TSL2_Keyboard_spec.Room518a_WP1,16121.0
5000.0,TSL2_Keyboard_spec.Room518a_WP2,5975.0
5000.0,TSL3_UpperScreen_spec.Room518a_WP1,11807.0
5000.0,TSL3_UpperScreen_spec.Room518a_WP2,6598.0
5000.0,TSL4_UpperScreen_spec.Room518a_WP1,11290.0
5000.0,TSL4_UpperScreen_spec.Room518a_WP2,10902.0
5100.0,Illuminance.Room518a_Ceiling,1153.33
5100.0,TSL1_LowerScreen_spec.Room518a_WP1,7962.0
5100.0,TSL1_LowerScreen_spec.Room518a_WP2,8474.0
5100.0,TSL2_Keyboard_spec.Room518a_WP1,16121.0
5100.0,TSL2_Keyboard_spec.Room518a_WP2,5975.0
5100.0,TSL3_UpperScreen_spec.Room518a_WP1,11807.0
5100.0,TSL3_UpperScreen_spec.Room518a_WP2,6598.0
5100.0,TSL4_UpperScreen_spec.Room518a_WP1,11290.0
5100.0,TSL4_UpperScreen_spec.Room518a_WP2,10902.0
5200.0,Illuminance.Room518a_Ceiling,1153.33
5200.0,TSL1_LowerScreen_spec.Room518a_WP1,7962.0
5200.0,TSL1_LowerScreen_spec.Room518a_WP2,8474.0
5200.0,TSL2_Keyboard_spec.Room518a_WP1,16121.0
5200.0,TSL2_Keyboard_spec.Room518a_WP2,5975.0
5200.0,TSL3_UpperScreen_spec.Room518a_WP1,11807.0
5200.0,TSL3_UpperScreen_spec.Room518a_WP2,6598.0
5200.0,TSL4_UpperScreen_spec.Room518a_WP1,11290.0
5200.0,TSL4_UpperScreen_spec.Room518a_WP2,10902.0
5300.0,Illuminance.Room518a_Ceiling,1153.33
5300.0,TSL1_LowerScreen_spec.Room518a_WP1,7962.0
5300.0,TSL1_LowerScreen_spec.Room518a_WP2,8474.0
5300.0,TSL2_Keyboard_spec.Room518a_WP1,16121.0
5300.0,TSL2_Keyboard_spec.Room518a_WP2,5975.0
5300.0,TSL3_UpperScreen_spec.Room518a_WP1,11807.0
5300.0,TSL3_UpperScreen_spec.Room518a_WP2,6598.0
5300.0,TSL4_UpperScreen_spec.Room518a_WP1,11290.0
5300.0,TSL4_UpperScreen_spec.Room518a_WP2,10902.0
5400.0,Illuminance.Room518a_Ceiling,1153.33
5400.0,TSL1_LowerScreen_spec.Room518a_WP1,7962.0
5400.0,TSL1_LowerScreen_spec.Room518a_WP2,8474.0
5400.0,TSL2_Keyboard_spec.Room518a_WP1,16121.0
5400.0,TSL2_Keyboard_spec.Room518a_WP2,5975.0
5400.0,TSL3_UpperScreen_spec.Room518a_WP1,11807.0
5400.0,TSL3_UpperScreen_spec.Room518a_WP2,6598.0
5400.0,TSL4_UpperScreen_spec.Room518a_WP1,11290.0
5400.0,TSL4_UpperScreen_spec.Room518a_WP2,10902.0
5500.0,Illuminance.Room518a_Ceiling,1153.33
5500.0,TSL1_LowerScreen_spec.Room518a_WP1,7962.0
5500.0,TSL1_LowerScreen_spec.Room518a_WP2,8474.0
5500.0,TSL2_Keyboard_spec.Room518a_WP1,16121.0
5500.0,TSL2_Keyboard_spec.Room518a_WP2,5975.0
5500.0,TSL3_UpperScreen_spec.Room518a_WP1,11807.0
5500.0,TSL3_UpperScreen_spec.Room518a_WP2,6598.0
5500.0,TSL4_UpperScreen_spec.Room518a_WP1,11290.0
5500.0,TSL4_UpperScreen_spec.Room518a_WP2,10902.0
5600.0,Illuminance.Room518a_Ceiling,1153.33
5600.0,TSL1_LowerScreen_spec.Room518a_WP1,7962.0
5600.0,TSL1_LowerScreen_spec.Room518a_WP2,8474.0
5600.0,TSL2_Keyboard_spec.Room518a_WP1,16121.0
5600.0,TSL2_Keyboard_spec.Room518a_WP2,5975.0
5600.0,TSL3_UpperScreen_spec.Room518a_WP1,11807.0
5600.0,TSL3_UpperScreen_spec.Room518a_WP2,6598.0
5600.0,TSL4_UpperScreen_spec.Room518a_WP1,11290.0
5600.0,TSL4_UpperScreen_spec.Room518a_WP2,10902.0
5700.0,Illuminance.Room518a_Ceiling,1153.33
5700.0,TSL1_LowerScreen_spec.Room518a_WP1,7962.0
5700.0,TSL1_LowerScreen_spec.Room518a_WP2,8474.0
5700.0,TSL2_Keyboard_spec.Room518a_WP1,16121.0
5700.0,TSL2_Keyboard_spec.Room518a_WP2,5975.0
5700.0,TSL3_UpperScreen_spec.Room518a_WP1,11807.0
5700.0,TSL3_UpperScreen_spec.Room518a_WP2,6598.0
5700.0,TSL4_UpperScreen_spec.Room518a_WP1,11290.0
5700.0,TSL4_UpperScreen_spec.Room518a_WP2,10902.0
5800.0,Illuminance.Room518a_Ceiling,1153.33
5800.0,TSL1_LowerScreen_spec.Room518a_WP1,7962.0
5800.0,TSL1_LowerScreen_spec.Room518a_WP2,8474.0
5800.0,TSL2_Keyboard_spec.Room518a_WP1,16121.0
5800.0,TSL2_Keyboard_spec.Room518a_WP2,5975.0
5800.0,TSL3_UpperScreen_spec.Room518a_WP1,11807.0
5800.0,TSL3_UpperScreen_spec.Room518a_WP2,6598.0
5800.0,TSL4_UpperScreen_spec.Room518a_WP1,11290.0
5800.0,TSL4_UpperScreen_spec.Room518a_WP2,10902.0
5900.0,Illuminance.Room518a_Ceiling,1153.33
5900.0,TSL1_LowerScreen_spec.Room518a_WP1,7962.0
5900.0,TSL1_LowerScreen_spec.Room518a_WP2,8474.0
5900.0,TSL2_Keyboard_spec.Room518a_WP1,16121.0
5900.0,TSL2_Keyboard_spec.Room518a_WP2,5975.0
5900.0,TSL3_UpperScreen_spec.Room518a_WP1,11807.0
5900.0,TSL3_UpperScreen_spec.Room518a_WP2,6598.0
5900.0,TSL4_UpperScreen_spec.Room518a_WP1,11290.0
5900.0,TSL4_UpperScreen_spec.Room518a_WP2,10902.0
6000.0,Illuminance.Room518a_Ceiling,1153.33
6000.0,TSL1_LowerScreen_spec.Room518a_WP1,7962.0
6000.0,TSL1_LowerScreen_spec.Room518a_WP2,8474.0
6000.0,TSL2_Keyboard_spec.Room518a_WP1,16121.0
6000.0,TSL2_Keyboard_spec.Room518a_WP2,5975.0
6000.0,TSL3_UpperScreen_spec.Room518a_WP1,11807.0
6000.0,TSL3_UpperScreen_spec.Room518a_WP2,6598.0
6000.0,TSL4_UpperScreen_spec.Room518a_WP1,11290.0
6000.0,TSL4_UpperScreen_spec.Room518a_WP2,10902.0
6100.0,Illuminance.Room518a_Ceiling,1153.33
6100.0,TSL1_LowerScreen_spec.Room518a_WP1,7962.0
6100.0,TSL1_LowerScreen_spec.Room518a_WP2,8474.0
6100.0,TSL2_Keyboard_spec.Room518a_WP1,16121.0
6100.0,TSL2_Keyboard_spec.Room518a_WP2,5975.0
6100.0,TSL3_UpperScreen_spec.Room518a_WP1,11807.0
6100.0,TSL3_UpperScreen_spec.Room518a_WP2,6598.0
6100.0,TSL4_UpperScreen_spec.Room518a_WP1,11290.0
6100.0,TSL4_UpperScreen_spec.Room518a_WP2,10902.0
6200.0,Illuminance.Room518a_Ceiling,1153.33
6200.0,TSL1_LowerScreen_spec.Room518a_WP1,7962.0
6200.0,TSL1_LowerScreen_spec.Room518a_WP2,8474.0
6200.0,TSL2_Keyboard_spec.Room518a_WP1,16121.0
6200.0,TSL2_Keyboard_spec.Room518a_WP2,5975.0
6200.0,TSL3_UpperScreen_spec.Room518a_WP1,11807.0
6200.0,TSL3_UpperScreen_spec.Room518a_WP2,6598.0
6200.0,TSL4_UpperScreen_spec.Room518a_WP1,11290.0
6200.0,TSL4_UpperScreen_spec.Room518a_WP2,10902.0
6300.0,Illuminance.Room518a_Ceiling,1153.33
6300.0,TSL1_LowerScreen_spec.Room518a_WP1,7962.0
6300.0,TSL1_LowerScreen_spec.Room518a_WP2,8474.0
6300.0,TSL2_Keyboard_spec.Room518a_WP1,16121.0
6300.0,TSL2_Keyboard_spec.Room518a_WP2,5975.0
6300.0,TSL3_UpperScreen_spec.Room518a_WP1,11807.0
6300.0,TSL3_UpperScreen_spec.Room518a_WP2,6598.0
6300.0,TSL4_UpperScreen_spec.Room518a_WP1,11290.0
6300.0,TSL4_UpperScreen_spec.Room518a_WP2,10902.0
6400.0,Illuminance.Room518a_Ceiling,1305.0
6400.0,TSL1_LowerScreen_spec.Room518a_WP1,7962.0
6400.0,TSL1_LowerScreen_spec.Room518a_WP2,8474.0
6400.0,TSL2_Keyboard_spec.Room518a_WP1,16121.0
6400.0,TSL2_Keyboard_spec.Room518a_WP2,5975.0
6400.0,TSL3_UpperScreen_spec.Room518a_WP1,11807.0
6400.0,TSL3_UpperScreen_spec.Room518a_WP2,6598.0
6400.0,TSL4_UpperScreen_spec.Room518a_WP1,11290.0
6400.0,TSL4_UpperScreen_spec.Room518a_WP2,10902.0
6500.0,Illuminance.Room518a_Ceiling,1305.0
6500.0,TSL1_LowerScreen_spec.Room518a_WP1,7962.0
6500.0,TSL1_LowerScreen_spec.Room518a_WP2,8474.0
6500.0,TSL2_Keyboard_spec.Room518a_WP1,16121.0
6500.0,TSL2_Keyboard_spec.Room518a_WP2,5975.0
6500.0,TSL3_UpperScreen_spec.Room518a_WP1,11807.0
6500.0,TSL3_UpperScreen_spec.Room518a_WP2,6598.0
6500.0,TSL4_UpperScreen_spec.Room518a_WP1,11290.0
6500.0,TSL4_UpperScreen_spec.Room518a_WP2,10902.0
6600.0,Illuminance.Room518a_Ceiling,1305.0
6600.0,TSL1_LowerScreen_spec.Room518a_WP1,7962.0
6600.0,TSL1_LowerScreen_spec.Room518a_WP2,8474.0
6600.0,TSL2_Keyboard_spec.Room518a_WP1,16121.0
6600.0,TSL2_Keyboard_spec.Room518a_WP2,5975.0
6600.0,TSL3_UpperScreen_spec.Room518a_WP1,11807.0
6600.0,TSL3_UpperScreen_spec.Room518a_WP2,6598.0
6600.0,TSL4_UpperScreen_spec.Room518a_WP1,11290.0
6600.0,TSL4_UpperScreen_spec.Room518a_WP2,10902.0
6700.0,Illuminance.Room518a_Ceiling,1305.0
6700.0,TSL1_LowerScreen_spec.Room518a_WP1,7962.0
6700.0,TSL1_LowerScreen_spec.Room518a_WP2,8474.0
6700.0,TSL2_Keyboard_spec.Room518a_WP1,16121.0
6700.0,TSL2_Keyboard_spec.Room518a_WP2,5975.0
6700.0,TSL3_UpperScreen_spec.Room518a_WP1,11807.0
6700.0,TSL3_UpperScreen_spec.Room518a_WP2,6598.0
6700.0,TSL4_UpperScreen_spec.Room518a_WP1,11290.0
6700.0,TSL4_UpperScreen_spec.Room518a_WP2,10902.0
6800.0,Illuminance.Room518a_Ceiling,1305.0
6800.0,TSL1_LowerScreen_spec.Room518a_WP1,7962.0
6800.0,TSL1_LowerScreen_spec.Room518a_WP2,8474.0
6800.0,TSL2_Keyboard_spec.Room518a_WP1,16121.0
6800.0,TSL2_Keyboard_spec.Room518a_WP2,5975.0
6800.0,TSL3_UpperScreen_spec.Room518a_WP1,11807.0
6800.0,TSL3_UpperScreen_spec.Room518a_WP2,6598.0
6800.0,TSL4_UpperScreen_spec.Room518a_WP1,11290.0
6800.0,TSL4_UpperScreen_spec.Room518a_WP2,10902.0
6900.0,Illuminance.Room518a_Ceiling,1305.0
6900.0,TSL1_LowerScreen_spec.Room518a_WP1,7962.0
6900.0,TSL1_LowerScreen_spec.Room518a_WP2,8474.0
6900.0,TSL2_Keyboard_spec.Room518a_WP1,16121.0
6900.0,TSL2_Keyboard_spec.Room518a_WP2,5975.0
6900.0,TSL3_UpperScreen_spec.Room518a_WP1,11807.0
6900.0,TSL3_UpperScreen_spec.Room518a_WP2,6598.0
6900.0,TSL4_UpperScreen_spec.Room518a_WP1,11290.0
6900.0,TSL4_UpperScreen_spec.Room518a_WP2,10902.0
7000.0,Illuminance.Room518a_Ceiling,1305.0
7000.0,TSL1_LowerScreen_spec.Room518a_WP1,7962.0
7000.0,TSL1_LowerScreen_spec.Room518a_WP2,8474.0
7000.0,TSL2_Keyboard_spec.Room518a_WP1,16121.0
7000.0,TSL2_Keyboard_spec.Room518a_WP2,5975.0
7000.0,TSL3_UpperScreen_spec.Room518a_WP1,11807.0
7000.0,TSL3_UpperScreen_spec.Room518a_WP2,6598.0
7000.0,TSL4_UpperScreen_spec.Room518a_WP1,11290.0
7000.0,TSL4_UpperScreen_spec.Room518a_WP2,10902.0
7100.0,Illuminance.Room518a_Ceiling,1305.0
7100.0,TSL1_LowerScreen_spec.Room518a_WP1,7962.0
7100.0,TSL1_LowerScreen_spec.Room518a_WP2,8474.0
7100.0,TSL2_Keyboard_spec.Room518a_WP1,16121.0
7100.0,TSL2_Keyboard_spec.Room518a_WP2,5975.0
7100.0,TSL3_UpperScreen_spec.Room518a_WP1,11807.0
7100.0,TSL3_UpperScreen_spec.Room518a_WP2,6598.0
7100.0,TSL4_UpperScreen_spec.Room518a_WP1,11290.0
7100.0,TSL4_UpperScreen_spec.Room518a_WP2,10902.0
7200.0,Illuminance.Room518a_Ceiling,1305.0
7200.0,TSL1_LowerScreen_spec.Room518a_WP1,7962.0
7200.0,TSL1_LowerScreen_spec.Room518a_WP2,8474.0
7200.0,TSL2_Keyboard_spec.Room518a_WP1,16121.0
7200.0,TSL2_Keyboard_spec.Room518a_WP2,5975.0
7200.0,TSL3_UpperScreen_spec.Room518a_WP1,11807.0
7200.0,TSL3_UpperScreen_spec.Room518a_WP2,6598.0
7200.0,TSL4_UpperScreen_spec.Room518a_WP1,11290.0
7200.0,TSL4_UpperScreen_spec.Room518a_WP2,10902.0
7300.0,Illuminance.Room518a_Ceiling,1305.0
7300.0,TSL1_LowerScreen_spec.Room518a_WP1,7962.0
7300.0,TSL1_LowerScreen_spec.Room518a_WP2,8474.0
7300.0,TSL2_Keyboard_spec.Room518a_WP1,16121.0
7300.0,TSL2_Keyboard_spec.Room518a_WP2,5975.0
7300.0,TSL3_UpperScreen_spec.Room518a_WP1,11807.0
7300.0,TSL3_UpperScreen_spec.Room518a_WP2,6598.0
7300.0,TSL4_UpperScreen_spec.Room518a_WP1,11290.0
7300.0,TSL4_UpperScreen_spec.Room518a_WP2,10902.0
7400.0,Illuminance.Room518a_Ceiling,1305.0
7400.0,TSL1_LowerScreen_spec.Room518a_WP1,7962.0
7400.0,TSL1_LowerScreen_spec.Room518a_WP2,8474.0
7400.0,TSL2_Keyboard_spec.Room518a_WP1,16121.0
7400.0,TSL2_Keyboard_spec.Room518a_WP2,5975.0
7400.0,TSL3_UpperScreen_spec.Room518a_WP1,11807.0
7400.0,TSL3_UpperScreen_spec.Room518a_WP2,6598.0
7400.0,TSL4_UpperScreen_spec.Room518a_WP1,11290.0
7400.0,TSL4_UpperScreen_spec.Room518a_WP2,10902.0
7500.0,Illuminance.Room518a_Ceiling,1305.0
7500.0,TSL1_LowerScreen_spec.Room518a_WP1,7962.0
7500.0,TSL1_LowerScreen_spec.Room518a_WP2,8474.0
7500.0,TSL2_Keyboard_spec.Room518a_WP1,16121.0
7500.0,TSL2_Keyboard_spec.Room518a_WP2,5975.0
7500.0,TSL3_UpperScreen_spec.Room518a_WP1,11807.0
7500.0,TSL3_UpperScreen_spec.Room518a_WP2,6598.0
7500.0,TSL4_UpperScreen_spec.Room518a_WP1,11290.0
7500.0,TSL4_UpperScreen_spec.Room518a_WP2,10902.0
7600.0,Illuminance.Room518a_Ceiling,1305.0
7600.0,TSL1_LowerScreen_spec.Room518a_WP1,7962.0
7600.0,TSL1_LowerScreen_spec.Room518a_WP2,8474.0
7600.0,TSL2_Keyboard_spec.Room518a_WP1,16121.0
7600.0,TSL2_Keyboard_spec.Room518a_WP2,5975.0
7600.0,TSL3_UpperScreen_spec.Room518a_WP1,11807.0
7600.0,TSL3_UpperScreen_spec.Room518a_WP2,6598.0
7600.0,TSL4_UpperScreen_spec.Room518a_WP1,11290.0
7600.0,TSL4_UpperScreen_spec.Room518a_WP2,10902.0
7700.0,Illuminance.Room518a_Ceiling,1305.0
7700.0,TSL1_LowerScreen_spec.Room518a_WP1,7962.0
7700.0,TSL1_LowerScreen_spec.Room518a_WP2,8474.0
7700.0,TSL2_Keyboard_spec.Room518a_WP1,16121.0
7700.0,TSL2_Keyboard_spec.Room518a_WP2,5975.0
7700.0,TSL3_UpperScreen_spec.Room518a_WP1,11807.0
7700.0,TSL3_UpperScreen_spec.Room518a_WP2,6598.0
7700.0,TSL4_UpperScreen_spec.Room518a_WP1,11290.0
7700.0,TSL4_UpperScreen_spec.Room518a_WP2,10902.0
7800.0,Illuminance.Room518a_Ceiling,1305.0
7800.0,TSL1_LowerScreen_spec.Room518a_WP1,7962.0
7800.0,TSL1_LowerScreen_spec.Room518a_WP2,8474.0
7800.0,TSL2_Keyboard_spec.Room518a_WP1,16121.0
7800.0,TSL2_Keyboard_spec.Room518a_WP2,5975.0
7800.0,TSL3_UpperScreen_spec.Room518a_WP1,11807.0
7800.0,TSL3_UpperScreen_spec.Room518a_WP2,6598.0
7800.0,TSL4_UpperScreen_spec.Room518a_WP1,11290.0
7800.0,TSL4_UpperScreen_spec.Room518a_WP2,10902.0
7900.0,Illuminance.Room518a_Ceiling,1305.0
7900.0,TSL1_LowerScreen_spec.Room518a_WP1,7962.0
7900.0,TSL1_LowerScreen_spec.Room518a_WP2,8474.0
7900.0,TSL2_Keyboard_spec.Room518a_WP1,16121.0
7900.0,TSL2_Keyboard_spec.Room518a_WP2,5975.0
7900.0,TSL3_UpperScreen_spec.Room518a_WP1,11807.0
7900.0,TSL3_UpperScreen_spec.Room518a_WP2,6598.0
7900.0,TSL4_UpperScreen_spec.Room518a_WP1,11290.0
7900.0,TSL4_UpperScreen_spec.Room518a_WP2,10902.0
8000.0,Illuminance.Room518a_Ceiling,1305.0
8000.0,TSL1_LowerScreen_spec.Room518a_WP1,7962.0
8000.0,TSL1_LowerScreen_spec.Room518a_WP2,8474.0
8000.0,TSL2_Keyboard_spec.Room518a_WP1,16121.0
8000.0,TSL2_Keyboard_spec.Room518a_WP2,5975.0
8000.0,TSL3_UpperScreen_spec.Room518a_WP1,11807.0
8000.0,TSL3_UpperScreen_spec.Room518a_WP2,6598.0
8000.0,TSL4_UpperScreen_spec.Room518a_WP1,11290.0
8000.0,TSL4_UpperScreen_spec.Room518a_WP2,10902.0
8100.0,Illuminance.Room518a_Ceiling,1305.0
8100.0,TSL1_LowerScreen_spec.Room518a_WP1,7962.0
8100.0,TSL1_LowerScreen_spec.Room518a_WP2,8474.0
8100.0,TSL2_Keyboard_spec.Room518a_WP1,16121.0
8100.0,TSL2_Keyboard_spec.Room518a_WP2,5975.0
8100.0,TSL3_UpperScreen_spec.Room518a_WP1,11807.0
8100.0,TSL3_UpperScreen_spec.Room518a_WP2,6598.0
8100.0,TSL4_UpperScreen_spec.Room518a_WP1,11290.0
8100.0,TSL4_UpperScreen_spec.Room518a_WP2,10902.0
8200.0,Illuminance.Room518a_Ceiling,1305.0
8200.0,TSL1_LowerScreen_spec.Room518a_WP1,7962.0
8200.0,TSL1_LowerScreen_spec.Room518a_WP2,8474.0
8200.0,TSL2_Keyboard_spec.Room518a_WP1,16121.0
8200.0,TSL2_Keyboard_spec.Room518a_WP2,5975.0
8200.0,TSL3_UpperScreen_spec.Room518a_WP1,11807.0
8200.0,TSL3_UpperScreen_spec.Room518a_WP2,6598.0
8200.0,TSL4_UpperScreen_spec.Room518a_WP1,11290.0
8200.0,TSL4_UpperScreen_spec.Room518a_WP2,10902.0
8300.0,Illuminance.Room518a_Ceiling,1305.0
8300.0,TSL1_LowerScreen_spec.Room518a_WP1,7962.0
8300.0,TSL1_LowerScreen_spec.Room518a_WP2,8474.0
8300.0,TSL2_Keyboard_spec.Room518a_WP1,16121.0
8300.0,TSL2_Keyboard_spec.Room518a_WP2,5975.0
8300.0,TSL3_UpperScreen_spec.Room518a_WP1,11807.0
8300.0,TSL3_UpperScreen_spec.Room518a_WP2,6598.0
8300.0,TSL4_UpperScreen_spec.Room518a_WP1,11290.0
8300.0,TSL4_UpperScreen_spec.Room518a_WP2,10902.0
8400.0,Illuminance.Room518a_Ceiling,1305.0
8400.0,TSL1_LowerScreen_spec.Room518a_WP1,7962.0
8400.0,TSL1_LowerScreen_spec.Room518a_WP2,8474.0
8400.0,TSL2_Keyboard_spec.Room518a_WP1,16121.0
8400.0,TSL2_Keyboard_spec.Room518a_WP2,5975.0
8400.0,TSL3_UpperScreen_spec.Room518a_WP1,11807.0
8400.0,TSL3_UpperScreen_spec.Room518a_WP2,6598.0
8400.0,TSL4_UpperScreen_spec.Room518a_WP1,11290.0
8400.0,TSL4_UpperScreen_spec.Room518a_WP2,10902.0
8500.0,Illuminance.Room518a_Ceiling,1305.0
8500.0,TSL1_LowerScreen_spec.Room518a_WP1,7962.0
8500.0,TSL1_LowerScreen_spec.Room518a_WP2,8474.0
8500.0,TSL2_Keyboard_spec.Room518a_WP1,16121.0
8500.0,TSL2_Keyboard_spec.Room518a_WP2,5975.0
8500.0,TSL3_UpperScreen_spec.Room518a_WP1,11807.0
8500.0,TSL3_UpperScreen_spec.Room518a_WP2,6598.0
8500.0,TSL4_UpperScreen_spec.Room518a_WP1,11290.0
8500.0,TSL4_UpperScreen_spec.Room518a_WP2,10902.0
8600.0,Illuminance.Room518a_Ceiling,1305.0
8600.0,TSL1_LowerScreen_spec.Room518a_WP1,7962.0
8600.0,TSL1_LowerScreen_spec.Room518a_WP2,8474.0
8600.0,TSL2_Keyboard_spec.Room518a_WP1,16121.0
8600.0,TSL2_Keyboard_spec.Room518a_WP2,5975.0
8600.0,TSL3_UpperScreen_spec.Room518a_WP1,11807.0
8600.0,TSL3_UpperScreen_spec.Room518a_WP2,6598.0
8600.0,TSL4_UpperScreen_spec.Room518a_WP1,11290.0
8600.0,TSL4_UpperScreen_spec.Room518a_WP2,10902.0
8700.0,Illuminance.Room518a_Ceiling,1305.0
8700.0,TSL1_LowerScreen_spec.Room518a_WP1,7962.0
8700.0,TSL1_LowerScreen_spec.Room518a_WP2,8474.0
8700.0,TSL2_Keyboard_spec.Room518a_WP1,16121.0
8700.0,TSL2_Keyboard_spec.Room518a_WP2,5975.0
8700.0,TSL3_UpperScreen_spec.Room518a_WP1,11807.0
8700.0,TSL3_UpperScreen_spec.Room518a_WP2,6598.0
8700.0,TSL4_UpperScreen_spec.Room518a_WP1,11290.0
8700.0,TSL4_UpperScreen_spec.Room518a_WP2,10902.0
8800.0,Illuminance.Room518a_Ceiling,1305.0
8800.0,TSL1_LowerScreen_spec.Room518a_WP1,7962.0
8800.0,TSL1_LowerScreen_spec.Room518a_WP2,8474.0
8800.0,TSL2_Keyboard_spec.Room518a_WP1,16121.0
8800.0,TSL2_Keyboard_spec.Room518a_WP2,5975.0
8800.0,TSL3_UpperScreen_spec.Room518a_WP1,11807.0
8800.0,TSL3_UpperScreen_spec.Room518a_WP2,6598.0
8800.0,TSL4_UpperScreen_spec.Room518a_WP1,11290.0
8800.0,TSL4_UpperScreen_spec.Room518a_WP2,10902.0
8900.0,Illuminance.Room518a_Ceiling,1305.0
8900.0,TSL1_LowerScreen_spec.Room518a_WP1,7962.0
8900.0,TSL1_LowerScreen_spec.Room518a_WP2,8474.0
8900.0,TSL2_Keyboard_spec.Room518a_WP1,16121.0
8900.0,TSL2_Keyboard_spec.Room518a_WP2,5975.0
8900.0,TSL3_UpperScreen_spec.Room518a_WP1,11807.0
8900.0,TSL3_UpperScreen_spec.Room518a_WP2,6598.0
8900.0,TSL4_UpperScreen_spec.Room518a_WP1,11290.0
8900.0,TSL4_UpperScreen_spec.Room518a_WP2,10902.0
9000.0,Illuminance.Room518a_Ceiling,1305.0
9000.0,TSL1_LowerScreen_spec.Room518a_WP1,7962.0
9000.0,TSL1_LowerScreen_spec.Room518a_WP2,8474.0
9000.0,TSL2_Keyboard_spec.Room518a_WP1,16121.0
9000.0,TSL2_Keyboard_spec.Room518a_WP2,5975.0
9000.0,TSL3_UpperScreen_spec.Room518a_WP1,11807.0
9000.0,TSL3_UpperScreen_spec.Room518a_WP2,6598.0
9000.0,TSL4_UpperScreen_spec.Room518a_WP1,11290.0
9000.0,TSL4_UpperScreen_spec.Room518a_WP2,10902.0
9100.0,Illuminance.Room518a_Ceiling,1305.0
9100.0,TSL1_LowerScreen_spec.Room518a_WP1,7962.0
9100.0,TSL1_LowerScreen_spec.Room518a_WP2,8474.0
9100.0,TSL2_Keyboard_spec.Room518a_WP1,16121.0
9100.0,TSL2_Keyboard_spec.Room518a_WP2,5975.0
9100.0,TSL3_UpperScreen_spec.Room518a_WP1,11807.0
9100.0,TSL3_UpperScreen_spec.Room518a_WP2,6598.0
9100.0,TSL4_UpperScreen_spec.Room518a_WP1,11290.0
9100.0,TSL4_UpperScreen_spec.Room518a_WP2,10902.0
9200.0,Illuminance.Room518a_Ceiling,1305.0
9200.0,TSL1_LowerScreen_spec.Room518a_WP1,7962.0
9200.0,TSL1_LowerScreen_spec.Room518a_WP2,8474.0
9200.0,TSL2_Keyboard_spec.Room518a_WP1,16121.0
9200.0,TSL2_Keyboard_spec.Room518a_WP2,5975.0
9200.0,TSL3_UpperScreen_spec.Room518a_WP1,11807.0
9200.0,TSL3_UpperScreen_spec.Room518a_WP2,6598.0
9200.0,TSL4_UpperScreen_spec.Room518a_WP1,11290.0
9200.0,TSL4_UpperScreen_spec.Room518a_WP2,10902.0
9300.0,Illuminance.Room518a_Ceiling,1305.0
9300.0,TSL1_LowerScreen_spec.Room518a_WP1,7962.0
9300.0,TSL1_LowerScreen_spec.Room518a_WP2,8474.0
9300.0,TSL2_Keyboard_spec.Room518a_WP1,16121.0
9300.0,TSL2_Keyboard_spec.Room518a_WP2,5975.0
9300.0,TSL3_UpperScreen_spec.Room518a_WP1,11807.0
9300.0,TSL3_UpperScreen_spec.Room518a_WP2,6598.0
9300.0,TSL4_UpperScreen_spec.Room518a_WP1,11290.0
9300.0,TSL4_UpperScreen_spec.Room518a_WP2,10902.0
9400.0,Illuminance.Room518a_Ceiling,1305.0
9400.0,TSL1_LowerScreen_spec.Room518a_WP1,7962.0
9400.0,TSL1_LowerScreen_spec.Room518a_WP2,8474.0
9400.0,TSL2_Keyboard_spec.Room518a_WP1,16121.0
9400.0,TSL2_Keyboard_spec.Room518a_WP2,5975.0
9400.0,TSL3_UpperScreen_spec.Room518a_WP1,11807.0
9400.0,TSL3_UpperScreen_spec.Room518a_WP2,6598.0
9400.0,TSL4_UpperScreen_spec.Room518a_WP1,11290.0
9400.0,TSL4_UpperScreen_spec.Room518a_WP2,10902.0
9500.0,Illuminance.Room518a_Ceiling,1305.0
9500.0,TSL1_LowerScreen_spec.Room518a_WP1,9545.0
9500.0,TSL1_LowerScreen_spec.Room518a_WP2,8474.0
9500.0,TSL2_Keyboard_spec.Room518a_WP1,16121.0
9500.0,TSL2_Keyboard_spec.Room518a_WP2,5975.0
9500.0,TSL3_UpperScreen_spec.Room518a_WP1,11807.0
9500.0,TSL3_UpperScreen_spec.Room518a_WP2,6598.0
9500.0,TSL4_UpperScreen_spec.Room518a_WP1,11290.0
9500.0,TSL4_UpperScreen_spec.Room518a_WP2,10902.0
9600.0,Illuminance.Room518a_Ceiling,1305.0
9600.0,TSL1_LowerScreen_spec.Room518a_WP1,9545.0
9600.0,TSL1_LowerScreen_spec.Room518a_WP2,10774.0
9600.0,TSL2_Keyboard_spec.Room518a_WP1,16121.0
9600.0,TSL2_Keyboard_spec.Room518a_WP2,5975.0
9600.0,TSL3_UpperScreen_spec.Room518a_WP1,11807.0
9600.0,TSL3_UpperScreen_spec.Room518a_WP2,6598.0
9600.0,TSL4_UpperScreen_spec.Room518a_WP1,11290.0
9600.0,TSL4_UpperScreen_spec.Room518a_WP2,10902.0
9700.0,Illuminance.Room518a_Ceiling,1305.0
9700.0,TSL1_LowerScreen_spec.Room518a_WP1,9545.0
9700.0,TSL1_LowerScreen_spec.Room518a_WP2,10774.0
9700.0,TSL2_Keyboard_spec.Room518a_WP1,16121.0
9700.0,TSL2_Keyboard_spec.Room518a_WP2,5975.0
9700.0,TSL3_UpperScreen_spec.Room518a_WP1,11807.0
9700.0,TSL3_UpperScreen_spec.Room518a_WP2,6598.0
9700.0,TSL4_UpperScreen_spec.Room518a_WP1,11290.0
9700.0,TSL4_UpperScreen_spec.Room518a_WP2,10902.0
9800.0,Illuminance.Room518a_Ceiling,1305.0
9800.0,TSL1_LowerScreen_spec.Room518a_WP1,9545.0
9800.0,TSL1_LowerScreen_spec.Room518a_WP2,10774.0
9800.0,TSL2_Keyboard_spec.Room518a_WP1,18683.0
9800.0,TSL2_Keyboard_spec.Room518a_WP2,5975.0
9800.0,TSL3_UpperScreen_spec.Room518a_WP1,11807.0
9800.0,TSL3_UpperScreen_spec.Room518a_WP2,6598.0
9800.0,TSL4_UpperScreen_spec.Room518a_WP1,11290.0
9800.0,TSL4_UpperScreen_spec.Room518a_WP2,10902.0
9900.0,Illuminance.Room518a_Ceiling,1305.0
9900.0,TSL1_LowerScreen_spec.Room518a_WP1,9545.0
9900.0,TSL1_LowerScreen_spec.Room518a_WP2,10774.0
9900.0,TSL2_Keyboard_spec.Room518a_WP1,18683.0
9900.0,TSL2_Keyboard_spec.Room518a_WP2,8899.0
9900.0,TSL3_UpperScreen_spec.Room518a_WP1,11807.0
9900.0,TSL3_UpperScreen_spec.Room518a_WP2,6598.0
9900.0,TSL4_UpperScreen_spec.Room518a_WP1,11290.0
9900.0,TSL4_UpperScreen_spec.Room518a_WP2,10902.0
10000.0,Illuminance.Room518a_Ceiling,1305.0
10000.0,TSL1_LowerScreen_spec.Room518a_WP1,9545.0
10000.0,TSL1_LowerScreen_spec.Room518a_WP2,10774.0
10000.0,TSL2_Keyboard_spec.Room518a_WP1,18683.0
10000.0,TSL2_Keyboard_spec.Room518a_WP2,8899.0
10000.0,TSL3_UpperScreen_spec.Room518a_WP1,11807.0
10000.0,TSL3_UpperScreen_spec.Room518a_WP2,6598.0
10000.0,TSL4_UpperScreen_spec.Room518a_WP1,11290.0
10000.0,TSL4_UpperScreen_spec.Room518a_WP2,10902.0
10100.0,Illuminance.Room518a_Ceiling,1305.0
10100.0,TSL1_LowerScreen_spec.Room518a_WP1,9545.0
10100.0,TSL1_LowerScreen_spec.Room518a_WP2,10774.0
10100.0,TSL2_Keyboard_spec.Room518a_WP1,18683.0
10100.0,TSL2_Keyboard_spec.Room518a_WP2,8899.0
10100.0,TSL3_UpperScreen_spec.Room518a_WP1,11807.0
10100.0,TSL3_UpperScreen_spec.Room518a_WP2,6598.0
10100.0,TSL4_UpperScreen_spec.Room518a_WP1,11290.0
10100.0,TSL4_UpperScreen_spec.Room518a_WP2,10902.0
10200.0,Illuminance.Room518a_Ceiling,1305.0
10200.0,TSL1_LowerScreen_spec.Room518a_WP1,9545.0
10200.0,TSL1_LowerScreen_spec.Room518a_WP2,10774.0
10200.0,TSL2_Keyboard_spec.Room518a_WP1,18683.0
10200.0,TSL2_Keyboard_spec.Room518a_WP2,8899.0
10200.0,TSL3_UpperScreen_spec.Room518a_WP1,13284.0
10200.0,TSL3_UpperScreen_spec.Room518a_WP2,8480.0
10200.0,TSL4_UpperScreen_spec.Room518a_WP1,11290.0
10200.0,TSL4_UpperScreen_spec.Room518a_WP2,10902.0
10300.0,Illuminance.Room518a_Ceiling,1305.0
10300.0,TSL1_LowerScreen_spec.Room518a_WP1,9545.0
10300.0,TSL1_LowerScreen_spec.Room518a_WP2,10774.0
10300.0,TSL2_Keyboard_spec.Room518a_WP1,18683.0
10300.0,TSL2_Keyboard_spec.Room518a_WP2,8899.0
10300.0,TSL3_UpperScreen_spec.Room518a_WP1,13284.0
10300.0,TSL3_UpperScreen_spec.Room518a_WP2,8480.0
10300.0,TSL4_UpperScreen_spec.Room518a_WP1,11290.0
10300.0,TSL4_UpperScreen_spec.Room518a_WP2,10902.0
10400.0,Illuminance.Room518a_Ceiling,1305.0
10400.0,TSL1_LowerScreen_spec.Room518a_WP1,9545.0
10400.0,TSL1_LowerScreen_spec.Room518a_WP2,10774.0
10400.0,TSL2_Keyboard_spec.Room518a_WP1,18683.0
10400.0,TSL2_Keyboard_spec.Room518a_WP2,8899.0
10400.0,TSL3_UpperScreen_spec.Room518a_WP1,13284.0
10400.0,TSL3_UpperScreen_spec.Room518a_WP2,8480.0
10400.0,TSL4_UpperScreen_spec.Room518a_WP1,16597.0
10400.0,TSL4_UpperScreen_spec.Room518a_WP2,10902.0
10500.0,Illuminance.Room518a_Ceiling,1305.0
10500.0,TSL1_LowerScreen_spec.Room518a_WP1,9545.0
10500.0,TSL1_LowerScreen_spec.Room518a_WP2,10774.0
10500.0,TSL2_Keyboard_spec.Room518a_WP1,18683.0
10500.0,TSL2_Keyboard_spec.Room518a_WP2,8899.0
10500.0,TSL3_UpperScreen_spec.Room518a_WP1,13284.0
10500.0,TSL3_UpperScreen_spec.Room518a_WP2,8480.0
10500.0,TSL4_UpperScreen_spec.Room518a_WP1,16597.0
10500.0,TSL4_UpperScreen_spec.Room518a_WP2,16135.0
10600.0,Illuminance.Room518a_Ceiling,1305.0
10600.0,TSL1_LowerScreen_spec.Room518a_WP1,9545.0
10600.0,TSL1_LowerScreen_spec.Room518a_WP2,10774.0
10600.0,TSL2_Keyboard_spec.Room518a_WP1,18683.0
10600.0,TSL2_Keyboard_spec.Room518a_WP2,8899.0
10600.0,TSL3_UpperScreen_spec.Room518a_WP1,13284.0
10600.0,TSL3_UpperScreen_spec.Room518a_WP2,8480.0
10600.0,TSL4_UpperScreen_spec.Room518a_WP1,16597.0
10600.0,TSL4_UpperScreen_spec.Room518a_WP2,16135.0
10700.0,Illuminance.Room518a_Ceiling,1305.0
10700.0,TSL1_LowerScreen_spec.Room518a_WP1,9545.0
10700.0,TSL1_LowerScreen_spec.Room518a_WP2,10774.0
10700.0,TSL2_Keyboard_spec.Room518a_WP1,18683.0
10700.0,TSL2_Keyboard_spec.Room518a_WP2,8899.0
10700.0,TSL3_UpperScreen_spec.Room518a_WP1,13284.0
10700.0,TSL3_UpperScreen_spec.Room518a_WP2,8480.0
10700.0,TSL4_UpperScreen_spec.Room518a_WP1,16597.0
10700.0,TSL4_UpperScreen_spec.Room518a_WP2,16135.0
10800.0,Illuminance.Room518a_Ceiling,1305.0
10800.0,TSL1_LowerScreen_spec.Room518a_WP1,9545.0
10800.0,TSL1_LowerScreen_spec.Room518a_WP2,10774.0
10800.0,TSL2_Keyboard_spec.Room518a_WP1,18683.0
10800.0,TSL2_Keyboard_spec.Room518a_WP2,8899.0
10800.0,TSL3_UpperScreen_spec.Room518a_WP1,13284.0
10800.0,TSL3_UpperScreen_spec.Room518a_WP2,8480.0
10800.0,TSL4_UpperScreen_spec.Room518a_WP1,16597.0
10800.0,TSL4_UpperScreen_spec.Room518a_WP2,16135.0
10900.0,Illuminance.Room518a_Ceiling,1305.0
10900.0,TSL1_LowerScreen_spec.Room518a_WP1,9545.0
10900.0,TSL1_LowerScreen_spec.Room518a_WP2,10774.0
10900.0,TSL2_Keyboard_spec.Room518a_WP1,18683.0
10900.0,TSL2_Keyboard_spec.Room518a_WP2,8899.0
10900.0,TSL3_UpperScreen_spec.Room518a_WP1,13284.0
10900.0,TSL3_UpperScreen_spec.Room518a_WP2,8480.0
10900.0,TSL4_UpperScreen_spec.Room518a_WP1,16597.0
10900.0,TSL4_UpperScreen_spec.Room518a_WP2,16135.0
11000.0,Illuminance.Room518a_Ceiling,1305.0
11000.0,TSL1_LowerScreen_spec.Room518a_WP1,9545.0
11000.0,TSL1_LowerScreen_spec.Room518a_WP2,10774.0
11000.0,TSL2_Keyboard_spec.Room518a_WP1,18683.0
11000.0,TSL2_Keyboard_spec.Room518a_WP2,8899.0
11000.0,TSL3_UpperScreen_spec.Room518a_WP1,13284.0
11000.0,TSL3_UpperScreen_spec.Room518a_WP2,8480.0
11000.0,TSL4_UpperScreen_spec.Room518a_WP1,16597.0
11000.0,TSL4_UpperScreen_spec.Room518a_WP2,16135.0
11100.0,Illuminance.Room518a_Ceiling,1305.0
11100.0,TSL1_LowerScreen_spec.Room518a_WP1,9545.0
11100.0,TSL1_LowerScreen_spec.Room518a_WP2,10774.0
11100.0,TSL2_Keyboard_spec.Room518a_WP1,18683.0
11100.0,TSL2_Keyboard_spec.Room518a_WP2,8899.0
11100.0,TSL3_UpperScreen_spec.Room518a_WP1,13284.0
11100.0,TSL3_UpperScreen_spec.Room518a_WP2,8480.0
11100.0,TSL4_UpperScreen_spec.Room518a_WP1,16597.0
11100.0,TSL4_UpperScreen_spec.Room518a_WP2,16135.0
11200.0,Illuminance.Room518a_Ceiling,1305.0
11200.0,TSL1_LowerScreen_spec.Room518a_WP1,9545.0
11200.0,TSL1_LowerScreen_spec.Room518a_WP2,10774.0
11200.0,TSL2_Keyboard_spec.Room518a_WP1,18683.0
11200.0,TSL2_Keyboard_spec.Room518a_WP2,8899.0
11200.0,TSL3_UpperScreen_spec.Room518a_WP1,13284.0
11200.0,TSL3_UpperScreen_spec.Room518a_WP2,8480.0
11200.0,TSL4_UpperScreen_spec.Room518a_WP1,16597.0
11200.0,TSL4_UpperScreen_spec.Room518a_WP2,16135.0
11300.0,Illuminance.Room518a_Ceiling,1305.0
11300.0,TSL1_LowerScreen_spec.Room518a_WP1,9545.0
11300.0,TSL1_LowerScreen_spec.Room518a_WP2,10774.0
11300.0,TSL2_Keyboard_spec.Room518a_WP1,18683.0
11300.0,TSL2_Keyboard_spec.Room518a_WP2,8899.0
11300.0,TSL3_UpperScreen_spec.Room518a_WP1,13284.0
11300.0,TSL3_UpperScreen_spec.Room518a_WP2,8480.0
11300.0,TSL4_UpperScreen_spec.Room518a_WP1,16597.0
11300.0,TSL4_UpperScreen_spec.Room518a_WP2,16135.0
11400.0,Illuminance.Room518a_Ceiling,1305.0
11400.0,TSL1_LowerScreen_spec.Room518a_WP1,9545.0
11400.0,TSL1_LowerScreen_spec.Room518a_WP2,10774.0
11400.0,TSL2_Keyboard_spec.Room518a_WP1,18683.0
11400.0,TSL2_Keyboard_spec.Room518a_WP2,8899.0
11400.0,TSL3_UpperScreen_spec.Room518a_WP1,13284.0
11400.0,TSL3_UpperScreen_spec.Room518a_WP2,8480.0
11400.0,TSL4_UpperScreen_spec.Room518a_WP1,16597.0
11400.0,TSL4_UpperScreen_spec.Room518a_WP2,16135.0
11500.0,Illuminance.Room518a_Ceiling,1305.0
11500.0,TSL1_LowerScreen_spec.Room518a_WP1,9545.0
11500.0,TSL1_LowerScreen_spec.Room518a_WP2,10774.0
11500.0,TSL2_Keyboard_spec.Room518a_WP1,18683.0
11500.0,TSL2_Keyboard_spec.Room518a_WP2,8899.0
11500.0,TSL3_UpperScreen_spec.Room518a_WP1,13284.0
11500.0,TSL3_UpperScreen_spec.Room518a_WP2,8480.0
11500.0,TSL4_UpperScreen_spec.Room518a_WP1,16597.0
11500.0,TSL4_UpperScreen_spec.Room518a_WP2,16135.0
11600.0,Illuminance.Room518a_Ceiling,1305.0
11600.0,TSL1_LowerScreen_spec.Room518a_WP1,9545.0
11600.0,TSL1_LowerScreen_spec.Room518a_WP2,10774.0
11600.0,TSL2_Keyboard_spec.Room518a_WP1,18683.0
11600.0,TSL2_Keyboard_spec.Room518a_WP2,8899.0
11600.0,TSL3_UpperScreen_spec.Room518a_WP1,13284.0
11600.0,TSL3_UpperScreen_spec.Room518a_WP2,8480.0
11600.0,TSL4_UpperScreen_spec.Room518a_WP1,16597.0
11600.0,TSL4_UpperScreen_spec.Room518a_WP2,16135.0
11700.0,Illuminance.Room518a_Ceiling,1305.0
11700.0,TSL1_LowerScreen_spec.Room518a_WP1,9545.0
11700.0,TSL1_LowerScreen_spec.Room518a_WP2,10774.0
11700.0,TSL2_Keyboard_spec.Room518a_WP1,18683.0
11700.0,TSL2_Keyboard_spec.Room518a_WP2,8899.0
11700.0,TSL3_UpperScreen_spec.Room518a_WP1,13284.0
11700.0,TSL3_UpperScreen_spec.Room518a_WP2,8480.0
11700.0,TSL4_UpperScreen_spec.Room518a_WP1,16597.0
11700.0,TSL4_UpperScreen_spec.Room518a_WP2,16135.0
11800.0,Illuminance.Room518a_Ceiling,1305.0
11800.0,TSL1_LowerScreen_spec.Room518a_WP1,9545.0
11800.0,TSL1_LowerScreen_spec.Room518a_WP2,10774.0
11800.0,TSL2_Keyboard_spec.Room518a_WP1,18683.0
11800.0,TSL2_Keyboard_spec.Room518a_WP2,8899.0
11800.0,TSL3_UpperScreen_spec.Room518a_WP1,13284.0
11800.0,TSL3_UpperScreen_spec.Room518a_WP2,8480.0
11800.0,TSL4_UpperScreen_spec.Room518a_WP1,16597.0
11800.0,TSL4_UpperScreen_spec.Room518a_WP2,16135.0
11900.0,Illuminance.Room518a_Ceiling,1305.0
11900.0,TSL1_LowerScreen_spec.Room518a_WP1,9545.0
11900.0,TSL1_LowerScreen_spec.Room518a_WP2,10774.0
11900.0,TSL2_Keyboard_spec.Room518a_WP1,18683.0
11900.0,TSL2_Keyboard_spec.Room518a_WP2,8899.0
11900.0,TSL3_UpperScreen_spec.Room518a_WP1,13284.0
11900.0,TSL3_UpperScreen_spec.Room518a_WP2,8480.0
11900.0,TSL4_UpperScreen_spec.Room518a_WP1,16597.0
11900.0,TSL4_UpperScreen_spec.Room518a_WP2,16135.0
12000.0,Illuminance.Room518a_Ceiling,1305.0
12000.0,TSL1_LowerScreen_spec.Room518a_WP1,9545.0
12000.0,TSL1_LowerScreen_spec.Room518a_WP2,10774.0
12000.0,TSL2_Keyboard_spec.Room518a_WP1,18683.0
12000.0,TSL2_Keyboard_spec.Room518a_WP2,8899.0
12000.0,TSL3_UpperScreen_spec.Room518a_WP1,13284.0
12000.0,TSL3_UpperScreen_spec.Room518a_WP2,8480.0
12000.0,TSL4_UpperScreen_spec.Room518a_WP1,16597.0
12000.0,TSL4_UpperScreen_spec.Room518a_WP2,16135.0
12100.0,Illuminance.Room518a_Ceiling,1305.0
12100.0,TSL1_LowerScreen_spec.Room518a_WP1,9545.0
12100.0,TSL1_LowerScreen_spec.Room518a_WP2,10774.0
12100.0,TSL2_Keyboard_spec.Room518a_WP1,18683.0
12100.0,TSL2_Keyboard_spec.Room518a_WP2,8899.0
12100.0,TSL3_UpperScreen_spec.Room518a_WP1,13284.0
12100.0,TSL3_UpperScreen_spec.Room518a_WP2,8480.0
12100.0,TSL4_UpperScreen_spec.Room518a_WP1,16597.0
12100.0,TSL4_UpperScreen_spec.Room518a_WP2,16135.0
12200.0,Illuminance.Room518a_Ceiling,1305.0
12200.0,TSL1_LowerScreen_spec.Room518a_WP1,9545.0
12200.0,TSL1_LowerScreen_spec.Room518a_WP2,10774.0
12200.0,TSL2_Keyboard_spec.Room518a_WP1,18683.0
12200.0,TSL2_Keyboard_spec.Room518a_WP2,8899.0
12200.0,TSL3_UpperScreen_spec.Room518a_WP1,13284.0
12200.0,TSL3_UpperScreen_spec.Room518a_WP2,8480.0
12200.0,TSL4_UpperScreen_spec.Room518a_WP1,16597.0
12200.0,TSL4_UpperScreen_spec.Room518a_WP2,16135.0
12300.0,Illuminance.Room518a_Ceiling,1305.0
12300.0,TSL1_LowerScreen_spec.Room518a_WP1,9545.0
12300.0,TSL1_LowerScreen_spec.Room518a_WP2,10774.0
12300.0,TSL2_Keyboard_spec.Room518a_WP1,18683.0
12300.0,TSL2_Keyboard_spec.Room518a_WP2,8899.0
12300.0,TSL3_UpperScreen_spec.Room518a_WP1,13284.0
12300.0,TSL3_UpperScreen_spec.Room518a_WP2,8480.0
12300.0,TSL4_UpperScreen_spec.Room518a_WP1,16597.0
12300.0,TSL4_UpperScreen_spec.Room518a_WP2,16135.0
12400.0,Illuminance.Room518a_Ceiling,1305.0
12400.0,TSL1_LowerScreen_spec.Room518a_WP1,9545.0
12400.0,TSL1_LowerScreen_spec.Room518a_WP2,10774.0
12400.0,TSL2_Keyboard_spec.Room518a_WP1,18683.0
12400.0,TSL2_Keyboard_spec.Room518a_WP2,8899.0
12400.0,TSL3_UpperScreen_spec.Room518a_WP1,13284.0
12400.0,TSL3_UpperScreen_spec.Room518a_WP2,8480.0
12400.0,TSL4_UpperScreen_spec.Room518a_WP1,16597.0
12400.0,TSL4_UpperScreen_spec.Room518a_WP2,16135.0
12500.0,Illuminance.Room518a_Ceiling,1305.0
12500.0,TSL1_LowerScreen_spec.Room518a_WP1,9545.0
12500.0,TSL1_LowerScreen_spec.Room518a_WP2,10774.0
12500.0,TSL2_Keyboard_spec.Room518a_WP1,18683.0
12500.0,TSL2_Keyboard_spec.Room518a_WP2,8899.0
12500.0,TSL3_UpperScreen_spec.Room518a_WP1,13284.0
12500.0,TSL3_UpperScreen_spec.Room518a_WP2,8480.0
12500.0,TSL4_UpperScreen_spec.Room518a_WP1,16597.0
12500.0,TSL4_UpperScreen_spec.Room518a_WP2,16135.0
12600.0,Illuminance.Room518a_Ceiling,1305.0
12600.0,TSL1_LowerScreen_spec.Room518a_WP1,9545.0
12600.0,TSL1_LowerScreen_spec.Room518a_WP2,10774.0
12600.0,TSL2_Keyboard_spec.Room518a_WP1,18683.0
12600.0,TSL2_Keyboard_spec.Room518a_WP2,8899.0
12600.0,TSL3_UpperScreen_spec.Room518a_WP1,13284.0
12600.0,TSL3_UpperScreen_spec.Room518a_WP2,8480.0
12600.0,TSL4_UpperScreen_spec.Room518a_WP1,16597.0
12600.0,TSL4_UpperScreen_spec.Room518a_WP2,16135.0
12700.0,Illuminance.Room518a_Ceiling,1305.0
12700.0,TSL1_LowerScreen_spec.Room518a_WP1,9545.0
12700.0,TSL1_LowerScreen_spec.Room518a_WP2,10774.0
12700.0,TSL2_Keyboard_spec.Room518a_WP1,18683.0
12700.0,TSL2_Keyboard_spec.Room518a_WP2,8899.0
12700.0,TSL3_UpperScreen_spec.Room518a_WP1,13284.0
12700.0,TSL3_UpperScreen_spec.Room518a_WP2,8480.0
12700.0,TSL4_UpperScreen_spec.Room518a_WP1,16597.0
12700.0,TSL4_UpperScreen_spec.Room518a_WP2,16135.0
12800.0,Illuminance.Room518a_Ceiling,1305.0
12800.0,TSL1_LowerScreen_spec.Room518a_WP1,9545.0
12800.0,TSL1_LowerScreen_spec.Room518a_WP2,10774.0
12800.0,TSL2_Keyboard_spec.Room518a_WP1,18683.0
12800.0,TSL2_Keyboard_spec.Room518a_WP2,8899.0
12800.0,TSL3_UpperScreen_spec.Room518a_WP1,13284.0
12800.0,TSL3_UpperScreen_spec.Room518a_WP2,8480.0
12800.0,TSL4_UpperScreen_spec.Room518a_WP1,16597.0
12800.0,TSL4_UpperScreen_spec.Room518a_WP2,16135.0
12900.0,Illuminance.Room518a_Ceiling,1305.0
12900.0,TSL1_LowerScreen_spec.Room518a_WP1,9545.0
12900.0,TSL1_LowerScreen_spec.Room518a_WP2,10774.0
12900.0,TSL2_Keyboard_spec.Room518a_WP1,18683.0
12900.0,TSL2_Keyboard_spec.Room518a_WP2,8899.0
12900.0,TSL3_UpperScreen_spec.Room518a_WP1,13284.0
12900.0,TSL3_UpperScreen_spec.Room518a_WP2,8480.0
12900.0,TSL4_UpperScreen_spec.Room518a_WP1,16597.0
12900.0,TSL4_UpperScreen_spec.Room518a_WP2,16135.0
13000.0,Illuminance.Room518a_Ceiling,1305.0
13000.0,TSL1_LowerScreen_spec.Room518a_WP1,9545.0
13000.0,TSL1_LowerScreen_spec.Room518a_WP2,10774.0
13000.0,TSL2_Keyboard_spec.Room518a_WP1,18683.0
13000.0,TSL2_Keyboard_spec.Room518a_WP2,8899.0
13000.0,TSL3_UpperScreen_spec.Room518a_WP1,13284.0
13000.0,TSL3_UpperScreen_spec.Room518a_WP2,8480.0
13000.0,TSL4_UpperScreen_spec.Room518a_WP1,16597.0
13000.0,TSL4_UpperScreen_spec.Room518a_WP2,16135.0
13100.0,Illuminance.Room518a_Ceiling,1305.0
13100.0,TSL1_LowerScreen_spec.Room518a_WP1,9545.0
13100.0,TSL1_LowerScreen_spec.Room518a_WP2,10774.0
13100.0,TSL2_Keyboard_spec.Room518a_WP1,18683.0
13100.0,TSL2_Keyboard_spec.Room518a_WP2,8899.0
13100.0,TSL3_UpperScreen_spec.Room518a_WP1,13284.0
13100.0,TSL3_UpperScreen_spec.Room518a_WP2,8480.0
13100.0,TSL4_UpperScreen_spec.Room518a_WP1,16597.0
13100.0,TSL4_UpperScreen_spec.Room518a_WP2,16135.0
13200.0,Illuminance.Room518a_Ceiling,1305.0
13200.0,TSL1_LowerScreen_spec.Room518a_WP1,9545.0
13200.0,TSL1_LowerScreen_spec.Room518a_WP2,10774.0
13200.0,TSL2_Keyboard_spec.Room518a_WP1,18683.0
13200.0,TSL2_Keyboard_spec.Room518a_WP2,8899.0
13200.0,TSL3_UpperScreen_spec.Room518a_WP1,13284.0
13200.0,TSL3_UpperScreen_spec.Room518a_WP2,8480.0
13200.0,TSL4_UpperScreen_spec.Room518a_WP1,16597.0
13200.0,TSL4_UpperScreen_spec.Room518a_WP2,16135.0
13300.0,Illuminance.Room518a_Ceiling,1305.0
13300.0,TSL1_LowerScreen_spec.Room518a_WP1,9545.0
13300.0,TSL1_LowerScreen_spec.Room518a_WP2,10774.0
13300.0,TSL2_Keyboard_spec.Room518a_WP1,18683.0
13300.0,TSL2_Keyboard_spec.Room518a_WP2,8899.0
13300.0,TSL3_UpperScreen_spec.Room518a_WP1,13284.0
13300.0,TSL3_UpperScreen_spec.Room518a_WP2,8480.0
13300.0,TSL4_UpperScreen_spec.Room518a_WP1,16597.0
13300.0,TSL4_UpperScreen_spec.Room518a_WP2,16135.0
13400.0,Illuminance.Room518a_Ceiling,1305.0
13400.0,TSL1_LowerScreen_spec.Room518a_WP1,9545.0
13400.0,TSL1_LowerScreen_spec.Room518a_WP2,10774.0
13400.0,TSL2_Keyboard_spec.Room518a_WP1,18683.0
13400.0,TSL2_Keyboard_spec.Room518a_WP2,8899.0
13400.0,TSL3_UpperScreen_spec.Room518a_WP1,13284.0
13400.0,TSL3_UpperScreen_spec.Room518a_WP2,8480.0
13400.0,TSL4_UpperScreen_spec.Room518a_WP1,16597.0
13400.0,TSL4_UpperScreen_spec.Room518a_WP2,16135.0
13500.0,Illuminance.Room518a_Ceiling,1305.0
13500.0,TSL1_LowerScreen_spec.Room518a_WP1,9545.0
13500.0,TSL1_LowerScreen_spec.Room518a_WP2,10774.0
13500.0,TSL2_Keyboard_spec.Room518a_WP1,18683.0
13500.0,TSL2_Keyboard_spec.Room518a_WP2,8899.0
13500.0,TSL3_UpperScreen_spec.Room518a_WP1,13284.0
13500.0,TSL3_UpperScreen_spec.Room518a_WP2,8480.0
13500.0,TSL4_UpperScreen_spec.Room518a_WP1,16597.0
13500.0,TSL4_UpperScreen_spec.Room518a_WP2,16135.0
13600.0,Illuminance.Room518a_Ceiling,1305.0
13600.0,TSL1_LowerScreen_spec.Room518a_WP1,9545.0
13600.0,TSL1_LowerScreen_spec.Room518a_WP2,10774.0
13600.0,TSL2_Keyboard_spec.Room518a_WP1,18683.0
13600.0,TSL2_Keyboard_spec.Room518a_WP2,8899.0
13600.0,TSL3_UpperScreen_spec.Room518a_WP1,13284.0
13600.0,TSL3_UpperScreen_spec.Room518a_WP2,8480.0
13600.0,TSL4_UpperScreen_spec.Room518a_WP1,16597.0
13600.0,TSL4_UpperScreen_spec.Room518a_WP2,16135.0
13700.0,Illuminance.Room518a_Ceiling,1305.0
13700.0,TSL1_LowerScreen_spec.Room518a_WP1,9545.0
13700.0,TSL1_LowerScreen_spec.Room518a_WP2,10774.0
13700.0,TSL2_Keyboard_spec.Room518a_WP1,18683.0
13700.0,TSL2_Keyboard_spec.Room518a_WP2,8899.0
13700.0,TSL3_UpperScreen_spec.Room518a_WP1,13284.0
13700.0,TSL3_UpperScreen_spec.Room518a_WP2,8480.0
13700.0,TSL4_UpperScreen_spec.Room518a_WP1,16597.0
13700.0,TSL4_UpperScreen_spec.Room518a_WP2,16135.0
13800.0,Illuminance.Room518a_Ceiling,1305.0
13800.0,TSL1_LowerScreen_spec.Room518a_WP1,9545.0
13800.0,TSL1_LowerScreen_spec.Room518a_WP2,10774.0
13800.0,TSL2_Keyboard_spec.Room518a_WP1,18683.0
13800.0,TSL2_Keyboard_spec.Room518a_WP2,8899.0
13800.0,TSL3_UpperScreen_spec.Room518a_WP1,13284.0
13800.0,TSL3_UpperScreen_spec.Room518a_WP2,8480.0
13800.0,TSL4_UpperScreen_spec.Room518a_WP1,16597.0
13800.0,TSL4_UpperScreen_spec.Room518a_WP2,16135.0
13900.0,Illuminance.Room518a_Ceiling,1305.0
13900.0,TSL1_LowerScreen_spec.Room518a_WP1,9545.0
13900.0,TSL1_LowerScreen_spec.Room518a_WP2,10774.0
13900.0,TSL2_Keyboard_spec.Room518a_WP1,18683.0
13900.0,TSL2_Keyboard_spec.Room518a_WP2,8899.0
13900.0,TSL3_UpperScreen_spec.Room518a_WP1,13284.0
13900.0,TSL3_UpperScreen_spec.Room518a_WP2,8480.0
13900.0,TSL4_UpperScreen_spec.Room518a_WP1,16597.0
13900.0,TSL4_UpperScreen_spec.Room518a_WP2,16135.0
14000.0,Illuminance.Room518a_Ceiling,1305.0
14000.0,TSL1_LowerScreen_spec.Room518a_WP1,9545.0
14000.0,TSL1_LowerScreen_spec.Room518a_WP2,10774.0
14000.0,TSL2_Keyboard_spec.Room518a_WP1,18683.0
14000.0,TSL2_Keyboard_spec.Room518a_WP2,8899.0
14000.0,TSL3_UpperScreen_spec.Room518a_WP1,13284.0
14000.0,TSL3_UpperScreen_spec.Room518a_WP2,8480.0
14000.0,TSL4_UpperScreen_spec.Room518a_WP1,16597.0
14000.0,TSL4_UpperScreen_spec.Room518a_WP2,16135.0
14100.0,Illuminance.Room518a_Ceiling,1305.0
14100.0,TSL1_LowerScreen_spec.Room518a_WP1,9545.0
14100.0,TSL1_LowerScreen_spec.Room518a_WP2,10774.0
14100.0,TSL2_Keyboard_spec.Room518a_WP1,18683.0
14100.0,TSL2_Keyboard_spec.Room518a_WP2,8899.0
14100.0,TSL3_UpperScreen_spec.Room518a_WP1,13284.0
14100.0,TSL3_UpperScreen_spec.Room518a_WP2,8480.0
14100.0,TSL4_UpperScreen_spec.Room518a_WP1,16597.0
14100.0,TSL4_UpperScreen_spec.Room518a_WP2,16135.0
14200.0,Illuminance.Room518a_Ceiling,1305.0
14200.0,TSL1_LowerScreen_spec.Room518a_WP1,9545.0
14200.0,TSL1_LowerScreen_spec.Room518a_WP2,10774.0
14200.0,TSL2_Keyboard_spec.Room518a_WP1,18683.0
14200.0,TSL2_Keyboard_spec.Room518a_WP2,8899.0
14200.0,TSL3_UpperScreen_spec.Room518a_WP1,13284.0
14200.0,TSL3_UpperScreen_spec.Room518a_WP2,8480.0
14200.0,TSL4_UpperScreen_spec.Room518a_WP1,16597.0
14200.0,TSL4_UpperScreen_spec.Room518a_WP2,16135.0
14300.0,Illuminance.Room518a_Ceiling,1305.0
14300.0,TSL1_LowerScreen_spec.Room518a_WP1,9545.0
14300.0,TSL1_LowerScreen_spec.Room518a_WP2,10774.0
14300.0,TSL2_Keyboard_spec.Room518a_WP1,18683.0
14300.0,TSL2_Keyboard_spec.Room518a_WP2,8899.0
14300.0,TSL3_UpperScreen_spec.Room518a_WP1,13284.0
14300.0,TSL3_UpperScreen_spec.Room518a_WP2,8480.0
14300.0,TSL4_UpperScreen_spec.Room518a_WP1,16597.0
14300.0,TSL4_UpperScreen_spec.Room518a_WP2,16135.0
14400.0,Illuminance.Room518a_Ceiling,1305.0
14400.0,TSL1_LowerScreen_spec.Room518a_WP1,9545.0
14400.0,TSL1_LowerScreen_spec.Room518a_WP2,10774.0
14400.0,TSL2_Keyboard_spec.Room518a_WP1,18683.0
14400.0,TSL2_Keyboard_spec.Room518a_WP2,8899.0
14400.0,TSL3_UpperScreen_spec.Room518a_WP1,13284.0
14400.0,TSL3_UpperScreen_spec.Room518a_WP2,8480.0
14400.0,TSL4_UpperScreen_spec.Room518a_WP1,16597.0
14400.0,TSL4_UpperScreen_spec.Room518a_WP2,16135.0
14500.0,Illuminance.Room518a_Ceiling,1305.0
14500.0,TSL1_LowerScreen_spec.Room518a_WP1,9545.0
14500.0,TSL1_LowerScreen_spec.Room518a_WP2,10774.0
14500.0,TSL2_Keyboard_spec.Room518a_WP1,18683.0
14500.0,TSL2_Keyboard_spec.Room518a_WP2,8899.0
14500.0,TSL3_UpperScreen_spec.Room518a_WP1,13284.0
14500.0,TSL3_UpperScreen_spec.Room518a_WP2,8480.0
14500.0,TSL4_UpperScreen_spec.Room518a_WP1,16597.0
14500.0,TSL4_UpperScreen_spec.Room518a_WP2,16135.0
14600.0,Illuminance.Room518a_Ceiling,1305.0
14600.0,TSL1_LowerScreen_spec.Room518a_WP1,9545.0
14600.0,TSL1_LowerScreen_spec.Room518a_WP2,10774.0
14600.0,TSL2_Keyboard_spec.Room518a_WP1,18683.0
14600.0,TSL2_Keyboard_spec.Room518a_WP2,8899.0
14600.0,TSL3_UpperScreen_spec.Room518a_WP1,13284.0
14600.0,TSL3_UpperScreen_spec.Room518a_WP2,8480.0
14600.0,TSL4_UpperScreen_spec.Room518a_WP1,16597.0
14600.0,TSL4_UpperScreen_spec.Room518a_WP2,16135.0
14700.0,Illuminance.Room518a_Ceiling,1305.0
14700.0,TSL1_LowerScreen_spec.Room518a_WP1,9545.0
14700.0,TSL1_LowerScreen_spec.Room518a_WP2,10774.0
14700.0,TSL2_Keyboard_spec.Room518a_WP1,18683.0
14700.0,TSL2_Keyboard_spec.Room518a_WP2,8899.0
14700.0,TSL3_UpperScreen_spec.Room518a_WP1,13284.0
14700.0,TSL3_UpperScreen_spec.Room518a_WP2,8480.0
14700.0,TSL4_UpperScreen_spec.Room518a_WP1,16597.0
14700.0,TSL4_UpperScreen_spec.Room518a_WP2,16135.0
14800.0,Illuminance.Room518a_Ceiling,1305.0
14800.0,TSL1_LowerScreen_spec.Room518a_WP1,9545.0
14800.0,TSL1_LowerScreen_spec.Room518a_WP2,10774.0
14800.0,TSL2_Keyboard_spec.Room518a_WP1,18683.0
14800.0,TSL2_Keyboard_spec.Room518a_WP2,8899.0
14800.0,TSL3_UpperScreen_spec.Room518a_WP1,13284.0
14800.0,TSL3_UpperScreen_spec.Room518a_WP2,8480.0
14800.0,TSL4_UpperScreen_spec.Room518a_WP1,16597.0
14800.0,TSL4_UpperScreen_spec.Room518a_WP2,16135.0
14900.0,Illuminance.Room518a_Ceiling,1305.0
14900.0,TSL1_LowerScreen_spec.Room518a_WP1,9545.0
14900.0,TSL1_LowerScreen_spec.Room518a_WP2,10774.0
14900.0,TSL2_Keyboard_spec.Room518a_WP1,18683.0
14900.0,TSL2_Keyboard_spec.Room518a_WP2,8899.0
14900.0,TSL3_UpperScreen_spec.Room518a_WP1,13284.0
14900.0,TSL3_UpperScreen_spec.Room518a_WP2,8480.0
14900.0,TSL4_UpperScreen_spec.Room518a_WP1,16597.0
14900.0,TSL4_UpperScreen_spec.Room518a_WP2,16135.0
15000.0,Illuminance.Room518a_Ceiling,1305.0
15000.0,TSL1_LowerScreen_spec.Room518a_WP1,9545.0
15000.0,TSL1_LowerScreen_spec.Room518a_WP2,10774.0
15000.0,TSL2_Keyboard_spec.Room518a_WP1,18683.0
15000.0,TSL2_Keyboard_spec.Room518a_WP2,8899.0
15000.0,TSL3_UpperScreen_spec.Room518a_WP1,13284.0
15000.0,TSL3_UpperScreen_spec.Room518a_WP2,8480.0
15000.0,TSL4_UpperScreen_spec.Room518a_WP1,16597.0
15000.0,TSL4_UpperScreen_spec.Room518a_WP2,16135.0
15100.0,Illuminance.Room518a_Ceiling,1305.0
15100.0,TSL1_LowerScreen_spec.Room518a_WP1,9545.0
15100.0,TSL1_LowerScreen_spec.Room518a_WP2,10774.0
15100.0,TSL2_Keyboard_spec.Room518a_WP1,18683.0
15100.0,TSL2_Keyboard_spec.Room518a_WP2,8899.0
15100.0,TSL3_UpperScreen_spec.Room518a_WP1,13284.0
15100.0,TSL3_UpperScreen_spec.Room518a_WP2,8480.0
15100.0,TSL4_UpperScreen_spec.Room518a_WP1,16597.0
15100.0,TSL4_UpperScreen_spec.Room518a_WP2,16135.0
15200.0,Illuminance.Room518a_Ceiling,1305.0
15200.0,TSL1_LowerScreen_spec.Room518a_WP1,9545.0
15200.0,TSL1_LowerScreen_spec.Room518a_WP2,10774.0
15200.0,TSL2_Keyboard_spec.Room518a_WP1,18683.0
15200.0,TSL2_Keyboard_spec.Room518a_WP2,8899.0
15200.0,TSL3_UpperScreen_spec.Room518a_WP1,13284.0
15200.0,TSL3_UpperScreen_spec.Room518a_WP2,8480.0
15200.0,TSL4_UpperScreen_spec.Room518a_WP1,16597.0
15200.0,TSL4_UpperScreen_spec.Room518a_WP2,16135.0
15300.0,Illuminance.Room518a_Ceiling,1305.0
15300.0,TSL1_LowerScreen_spec.Room518a_WP1,9545.0
15300.0,TSL1_LowerScreen_spec.Room518a_WP2,10774.0
15300.0,TSL2_Keyboard_spec.Room518a_WP1,18683.0
15300.0,TSL2_Keyboard_spec.Room518a_WP2,8899.0
15300.0,TSL3_UpperScreen_spec.Room518a_WP1,13284.0
15300.0,TSL3_UpperScreen_spec.Room518a_WP2,8480.0
15300.0,TSL4_UpperScreen_spec.Room518a_WP1,16597.0
15300.0,TSL4_UpperScreen_spec.Room518a_WP2,16135.0
15400.0,Illuminance.Room518a_Ceiling,1305.0
15400.0,TSL1_LowerScreen_spec.Room518a_WP1,9545.0
15400.0,TSL1_LowerScreen_spec.Room518a_WP2,10774.0
15400.0,TSL2_Keyboard_spec.Room518a_WP1,18683.0
15400.0,TSL2_Keyboard_spec.Room518a_WP2,8899.0
15400.0,TSL3_UpperScreen_spec.Room518a_WP1,13284.0
15400.0,TSL3_UpperScreen_spec.Room518a_WP2,8480.0
15400.0,TSL4_UpperScreen_spec.Room518a_WP1,16597.0
15400.0,TSL4_UpperScreen_spec.Room518a_WP2,16135.0
15500.0,Illuminance.Room518a_Ceiling,1305.0
15500.0,TSL1_LowerScreen_spec.Room518a_WP1,9545.0
15500.0,TSL1_LowerScreen_spec.Room518a_WP2,10774.0
15500.0,TSL2_Keyboard_spec.Room518a_WP1,18683.0
15500.0,TSL2_Keyboard_spec.Room518a_WP2,8899.0
15500.0,TSL3_UpperScreen_spec.Room518a_WP1,13284.0
15500.0,TSL3_UpperScreen_spec.Room518a_WP2,8480.0
15500.0,TSL4_UpperScreen_spec.Room518a_WP1,16597.0
15500.0,TSL4_UpperScreen_spec.Room518a_WP2,16135.0
15600.0,Illuminance.Room518a_Ceiling,1305.0
15600.0,TSL1_LowerScreen_spec.Room518a_WP1,9545.0
15600.0,TSL1_LowerScreen_spec.Room518a_WP2,10774.0
15600.0,TSL2_Keyboard_spec.Room518a_WP1,18683.0
15600.0,TSL2_Keyboard_spec.Room518a_WP2,8899.0
15600.0,TSL3_UpperScreen_spec.Room518a_WP1,13284.0
15600.0,TSL3_UpperScreen_spec.Room518a_WP2,8480.0
15600.0,TSL4_UpperScreen_spec.Room518a_WP1,16597.0
15600.0,TSL4_UpperScreen_spec.Room518a_WP2,16135.0
15700.0,Illuminance.Room518a_Ceiling,1305.0
15700.0,TSL1_LowerScreen_spec.Room518a_WP1,9545.0
15700.0,TSL1_LowerScreen_spec.Room518a_WP2,10774.0
15700.0,TSL2_Keyboard_spec.Room518a_WP1,18683.0
15700.0,TSL2_Keyboard_spec.Room518a_WP2,8899.0
15700.0,TSL3_UpperScreen_spec.Room518a_WP1,13284.0
15700.0,TSL3_UpperScreen_spec.Room518a_WP2,8480.0
15700.0,TSL4_UpperScreen_spec.Room518a_WP1,16597.0
15700.0,TSL4_UpperScreen_spec.Room518a_WP2,16135.0
15800.0,Illuminance.Room518a_Ceiling,1305.0
15800.0,TSL1_LowerScreen_spec.Room518a_WP1,9545.0
15800.0,TSL1_LowerScreen_spec.Room518a_WP2,10774.0
15800.0,TSL2_Keyboard_spec.Room518a_WP1,18683.0
15800.0,TSL2_Keyboard_spec.Room518a_WP2,8899.0
15800.0,TSL3_UpperScreen_spec.Room518a_WP1,13284.0
15800.0,TSL3_UpperScreen_spec.Room518a_WP2,8480.0
15800.0,TSL4_UpperScreen_spec.Room518a_WP1,16597.0
15800.0,TSL4_UpperScreen_spec.Room518a_WP2,16135.0
15900.0,Illuminance.Room518a_Ceiling,1305.0
15900.0,TSL1_LowerScreen_spec.Room518a_WP1,9545.0
15900.0,TSL1_LowerScreen_spec.Room518a_WP2,10774.0
15900.0,TSL2_Keyboard_spec.Room518a_WP1,18683.0
15900.0,TSL2_Keyboard_spec.Room518a_WP2,8899.0
15900.0,TSL3_UpperScreen_spec.Room518a_WP1,13284.0
15900.0,TSL3_UpperScreen_spec.Room518a_WP2,8480.0
15900.0,TSL4_UpperScreen_spec.Room518a_WP1,16597.0
15900.0,TSL4_UpperScreen_spec.Room518a_WP2,16135.0
16000.0,Illuminance.Room518a_Ceiling,1305.0
16000.0,TSL1_LowerScreen_spec.Room518a_WP1,9545.0
16000.0,TSL1_LowerScreen_spec.Room518a_WP2,10774.0
16000.0,TSL2_Keyboard_spec.Room518a_WP1,18683.0
16000.0,TSL2_Keyboard_spec.Room518a_WP2,8899.0
16000.0,TSL3_UpperScreen_spec.Room518a_WP1,13284.0
16000.0,TSL3_UpperScreen_spec.Room518a_WP2,8480.0
16000.0,TSL4_UpperScreen_spec.Room518a_WP1,16597.0
16000.0,TSL4_UpperScreen_spec.Room518a_WP2,16135.0
16100.0,Illuminance.Room518a_Ceiling,1305.0
16100.0,TSL1_LowerScreen_spec.Room518a_WP1,9545.0
16100.0,TSL1_LowerScreen_spec.Room518a_WP2,10774.0
16100.0,TSL2_Keyboard_spec.Room518a_WP1,18683.0
16100.0,TSL2_Keyboard_spec.Room518a_WP2,8899.0
16100.0,TSL3_UpperScreen_spec.Room518a_WP1,13284.0
16100.0,TSL3_UpperScreen_spec.Room518a_WP2,8480.0
16100.0,TSL4_UpperScreen_spec.Room518a_WP1,16597.0
16100.0,TSL4_UpperScreen_spec.Room518a_WP2,16135.0
16200.0,Illuminance.Room518a_Ceiling,1305.0
16200.0,TSL1_LowerScreen_spec.Room518a_WP1,9545.0
16200.0,TSL1_LowerScreen_spec.Room518a_WP2,10774.0
16200.0,TSL2_Keyboard_spec.Room518a_WP1,18683.0
16200.0,TSL2_Keyboard_spec.Room518a_WP2,8899.0
16200.0,TSL3_UpperScreen_spec.Room518a_WP1,13284.0
16200.0,TSL3_UpperScreen_spec.Room518a_WP2,8480.0
16200.0,TSL4_UpperScreen_spec.Room518a_WP1,16597.0
16200.0,TSL4_UpperScreen_spec.Room518a_WP2,16135.0
16300.0,Illuminance.Room518a_Ceiling,1305.0
16300.0,TSL1_LowerScreen_spec.Room518a_WP1,9545.0
16300.0,TSL1_LowerScreen_spec.Room518a_WP2,10774.0
16300.0,TSL2_Keyboard_spec.Room518a_WP1,18683.0
16300.0,TSL2_Keyboard_spec.Room518a_WP2,8899.0
16300.0,TSL3_UpperScreen_spec.Room518a_WP1,13284.0
16300.0,TSL3_UpperScreen_spec.Room518a_WP2,8480.0
16300.0,TSL4_UpperScreen_spec.Room518a_WP1,16597.0
16300.0,TSL4_UpperScreen_spec.Room518a_WP2,16135.0
16400.0,Illuminance.Room518a_Ceiling,1304.17
16400.0,TSL1_LowerScreen_spec.Room518a_WP1,9545.0
16400.0,TSL1_LowerScreen_spec.Room518a_WP2,10774.0
16400.0,TSL2_Keyboard_spec.Room518a_WP1,18683.0
16400.0,TSL2_Keyboard_spec.Room518a_WP2,8899.0
16400.0,TSL3_UpperScreen_spec.Room518a_WP1,13284.0
16400.0,TSL3_UpperScreen_spec.Room518a_WP2,8480.0
16400.0,TSL4_UpperScreen_spec.Room518a_WP1,16597.0
16400.0,TSL4_UpperScreen_spec.Room518a_WP2,16135.0
16500.0,Illuminance.Room518a_Ceiling,1304.17
16500.0,TSL1_LowerScreen_spec.Room518a_WP1,9545.0
16500.0,TSL1_LowerScreen_spec.Room518a_WP2,10774.0
16500.0,TSL2_Keyboard_spec.Room518a_WP1,18683.0
16500.0,TSL2_Keyboard_spec.Room518a_WP2,8899.0
16500.0,TSL3_UpperScreen_spec.Room518a_WP1,13284.0
16500.0,TSL3_UpperScreen_spec.Room518a_WP2,8480.0
16500.0,TSL4_UpperScreen_spec.Room518a_WP1,16597.0
16500.0,TSL4_UpperScreen_spec.Room518a_WP2,16135.0
16600.0,Illuminance.Room518a_Ceiling,1304.17
16600.0,TSL1_LowerScreen_spec.Room518a_WP1,9545.0
16600.0,TSL1_LowerScreen_spec.Room518a_WP2,10774.0
16600.0,TSL2_Keyboard_spec.Room518a_WP1,18683.0
16600.0,TSL2_Keyboard_spec.Room518a_WP2,8899.0
16600.0,TSL3_UpperScreen_spec.Room518a_WP1,13284.0
16600.0,TSL3_UpperScreen_spec.Room518a_WP2,8480.0
16600.0,TSL4_UpperScreen_spec.Room518a_WP1,16597.0
16600.0,TSL4_UpperScreen_spec.Room518a_WP2,16135.0
16700.0,Illuminance.Room518a_Ceiling,1304.17
16700.0,TSL1_LowerScreen_spec.Room518a_WP1,9545.0
16700.0,TSL1_LowerScreen_spec.Room518a_WP2,10774.0
16700.0,TSL2_Keyboard_spec.Room518a_WP1,18683.0
16700.0,TSL2_Keyboard_spec.Room518a_WP2,8899.0
16700.0,TSL3_UpperScreen_spec.Room518a_WP1,13284.0
16700.0,TSL3_UpperScreen_spec.Room518a_WP2,8480.0
16700.0,TSL4_UpperScreen_spec.Room518a_WP1,16597.0
16700.0,TSL4_UpperScreen_spec.Room518a_WP2,16135.0
16800.0,Illuminance.Room518a_Ceiling,1304.17
16800.0,TSL1_LowerScreen_spec.Room518a_WP1,9545.0
16800.0,TSL1_LowerScreen_spec.Room518a_WP2,10774.0
16800.0,TSL2_Keyboard_spec.Room518a_WP1,18683.0
16800.0,TSL2_Keyboard_spec.Room518a_WP2,8899.0
16800.0,TSL3_UpperScreen_spec.Room518a_WP1,13284.0
16800.0,TSL3_UpperScreen_spec.Room518a_WP2,8480.0
16800.0,TSL4_UpperScreen_spec.Room518a_WP1,16597.0
16800.0,TSL4_UpperScreen_spec.Room518a_WP2,16135.0
16900.0,Illuminance.Room518a_Ceiling,1304.17
16900.0,TSL1_LowerScreen_spec.Room518a_WP1,9545.0
16900.0,TSL1_LowerScreen_spec.Room518a_WP2,10774.0
16900.0,TSL2_Keyboard_spec.Room518a_WP1,18683.0
16900.0,TSL2_Keyboard_spec.Room518a_WP2,8899.0
16900.0,TSL3_UpperScreen_spec.Room518a_WP1,13284.0
16900.0,TSL3_UpperScreen_spec.Room518a_WP2,8480.0
16900.0,TSL4_UpperScreen_spec.Room518a_WP1,16597.0
16900.0,TSL4_UpperScreen_spec.Room518a_WP2,16135.0
17000.0,Illuminance.Room518a_Ceiling,1304.17
17000.0,TSL1_LowerScreen_spec.Room518a_WP1,9545.0
17000.0,TSL1_LowerScreen_spec.Room518a_WP2,10774.0
17000.0,TSL2_Keyboard_spec.Room518a_WP1,18683.0
17000.0,TSL2_Keyboard_spec.Room518a_WP2,8899.0
17000.0,TSL3_UpperScreen_spec.Room518a_WP1,13284.0
17000.0,TSL3_UpperScreen_spec.Room518a_WP2,8480.0
17000.0,TSL4_UpperScreen_spec.Room518a_WP1,16597.0
17000.0,TSL4_UpperScreen_spec.Room518a_WP2,16135.0
17100.0,Illuminance.Room518a_Ceiling,1304.17
17100.0,TSL1_LowerScreen_spec.Room518a_WP1,9545.0
17100.0,TSL1_LowerScreen_spec.Room518a_WP2,10774.0
17100.0,TSL2_Keyboard_spec.Room518a_WP1,18683.0
17100.0,TSL2_Keyboard_spec.Room518a_WP2,8899.0
17100.0,TSL3_UpperScreen_spec.Room518a_WP1,13284.0
17100.0,TSL3_UpperScreen_spec.Room518a_WP2,8480.0
17100.0,TSL4_UpperScreen_spec.Room518a_WP1,16597.0
17100.0,TSL4_UpperScreen_spec.Room518a_WP2,16135.0
17200.0,Illuminance.Room518a_Ceiling,1304.17
17200.0,TSL1_LowerScreen_spec.Room518a_WP1,9545.0
17200.0,TSL1_LowerScreen_spec.Room518a_WP2,10774.0
17200.0,TSL2_Keyboard_spec.Room518a_WP1,18683.0
17200.0,TSL2_Keyboard_spec.Room518a_WP2,8899.0
17200.0,TSL3_UpperScreen_spec.Room518a_WP1,13284.0
17200.0,TSL3_UpperScreen_spec.Room518a_WP2,8480.0
17200.0,TSL4_UpperScreen_spec.Room518a_WP1,16597.0
17200.0,TSL4_UpperScreen_spec.Room518a_WP2,16135.0
17300.0,Illuminance.Room518a_Ceiling,1304.17
17300.0,TSL1_LowerScreen_spec.Room518a_WP1,9545.0
17300.0,TSL1_LowerScreen_spec.Room518a_WP2,10774.0
17300.0,TSL2_Keyboard_spec.Room518a_WP1,18683.0
17300.0,TSL2_Keyboard_spec.Room518a_WP2,8899.0
17300.0,TSL3_UpperScreen_spec.Room518a_WP1,13284.0
17300.0,TSL3_UpperScreen_spec.Room518a_WP2,8480.0
17300.0,TSL4_UpperScreen_spec.Room518a_WP1,16597.0
17300.0,TSL4_UpperScreen_spec.Room518a_WP2,16135.0
17400.0,Illuminance.Room518a_Ceiling,1304.17
17400.0,TSL1_LowerScreen_spec.Room518a_WP1,9545.0
17400.0,TSL1_LowerScreen_spec.Room518a_WP2,10774.0
17400.0,TSL2_Keyboard_spec.Room518a_WP1,18683.0
17400.0,TSL2_Keyboard_spec.Room518a_WP2,8899.0
17400.0,TSL3_UpperScreen_spec.Room518a_WP1,13284.0
17400.0,TSL3_UpperScreen_spec.Room518a_WP2,8480.0
17400.0,TSL4_UpperScreen_spec.Room518a_WP1,16597.0
17400.0,TSL4_UpperScreen_spec.Room518a_WP2,16135.0
17500.0,Illuminance.Room518a_Ceiling,1304.17
17500.0,TSL1_LowerScreen_spec.Room518a_WP1,9570.0
17500.0,TSL1_LowerScreen_spec.Room518a_WP2,10715.0
17500.0,TSL2_Keyboard_spec.Room518a_WP1,18683.0
17500.0,TSL2_Keyboard_spec.Room518a_WP2,8899.0
17500.0,TSL3_UpperScreen_spec.Room518a_WP1,13284.0
17500.0,TSL3_UpperScreen_spec.Room518a_WP2,8480.0
17500.0,TSL4_UpperScreen_spec.Room518a_WP1,16597.0
17500.0,TSL4_UpperScreen_spec.Room518a_WP2,16135.0
17600.0,Illuminance.Room518a_Ceiling,1304.17
17600.0,TSL1_LowerScreen_spec.Room518a_WP1,9570.0
17600.0,TSL1_LowerScreen_spec.Room518a_WP2,10715.0
17600.0,TSL2_Keyboard_spec.Room518a_WP1,18683.0
17600.0,TSL2_Keyboard_spec.Room518a_WP2,8899.0
17600.0,TSL3_UpperScreen_spec.Room518a_WP1,13284.0
17600.0,TSL3_UpperScreen_spec.Room518a_WP2,8480.0
17600.0,TSL4_UpperScreen_spec.Room518a_WP1,16597.0
17600.0,TSL4_UpperScreen_spec.Room518a_WP2,16135.0
17700.0,Illuminance.Room518a_Ceiling,1304.17
17700.0,TSL1_LowerScreen_spec.Room518a_WP1,9570.0
17700.0,TSL1_LowerScreen_spec.Room518a_WP2,10715.0
17700.0,TSL2_Keyboard_spec.Room518a_WP1,18683.0
17700.0,TSL2_Keyboard_spec.Room518a_WP2,8899.0
17700.0,TSL3_UpperScreen_spec.Room518a_WP1,13284.0
17700.0,TSL3_UpperScreen_spec.Room518a_WP2,8480.0
17700.0,TSL4_UpperScreen_spec.Room518a_WP1,16597.0
17700.0,TSL4_UpperScreen_spec.Room518a_WP2,16135.0
17800.0,Illuminance.Room518a_Ceiling,1304.17
17800.0,TSL1_LowerScreen_spec.Room518a_WP1,9570.0
17800.0,TSL1_LowerScreen_spec.Room518a_WP2,10715.0
17800.0,TSL2_Keyboard_spec.Room518a_WP1,18694.0
17800.0,TSL2_Keyboard_spec.Room518a_WP2,8899.0
17800.0,TSL3_UpperScreen_spec.Room518a_WP1,13284.0
17800.0,TSL3_UpperScreen_spec.Room518a_WP2,8480.0
17800.0,TSL4_UpperScreen_spec.Room518a_WP1,16597.0
17800.0,TSL4_UpperScreen_spec.Room518a_WP2,16135.0
17900.0,Illuminance.Room518a_Ceiling,1304.17
17900.0,TSL1_LowerScreen_spec.Room518a_WP1,9570.0
17900.0,TSL1_LowerScreen_spec.Room518a_WP2,10715.0
17900.0,TSL2_Keyboard_spec.Room518a_WP1,18694.0
17900.0,TSL2_Keyboard_spec.Room518a_WP2,8729.0
17900.0,TSL3_UpperScreen_spec.Room518a_WP1,13284.0
17900.0,TSL3_UpperScreen_spec.Room518a_WP2,8480.0
17900.0,TSL4_UpperScreen_spec.Room518a_WP1,16597.0
17900.0,TSL4_UpperScreen_spec.Room518a_WP2,16135.0
18000.0,Illuminance.Room518a_Ceiling,1304.17
18000.0,TSL1_LowerScreen_spec.Room518a_WP1,9570.0
18000.0,TSL1_LowerScreen_spec.Room518a_WP2,10715.0
18000.0,TSL2_Keyboard_spec.Room518a_WP1,18694.0
18000.0,TSL2_Keyboard_spec.Room518a_WP2,8729.0
18000.0,TSL3_UpperScreen_spec.Room518a_WP1,13284.0
18000.0,TSL3_UpperScreen_spec.Room518a_WP2,8480.0
18000.0,TSL4_UpperScreen_spec.Room518a_WP1,16597.0
18000.0,TSL4_UpperScreen_spec.Room518a_WP2,16135.0
18100.0,Illuminance.Room518a_Ceiling,1304.17
18100.0,TSL1_LowerScreen_spec.Room518a_WP1,9570.0
18100.0,TSL1_LowerScreen_spec.Room518a_WP2,10715.0
18100.0,TSL2_Keyboard_spec.Room518a_WP1,18694.0
18100.0,TSL2_Keyboard_spec.Room518a_WP2,8729.0
18100.0,TSL3_UpperScreen_spec.Room518a_WP1,13287.0
18100.0,TSL3_UpperScreen_spec.Room518a_WP2,8220.0
18100.0,TSL4_UpperScreen_spec.Room518a_WP1,16597.0
18100.0,TSL4_UpperScreen_spec.Room518a_WP2,16135.0
18200.0,Illuminance.Room518a_Ceiling,1304.17
18200.0,TSL1_LowerScreen_spec.Room518a_WP1,9570.0
18200.0,TSL1_LowerScreen_spec.Room518a_WP2,10715.0
18200.0,TSL2_Keyboard_spec.Room518a_WP1,18694.0
18200.0,TSL2_Keyboard_spec.Room518a_WP2,8729.0
18200.0,TSL3_UpperScreen_spec.Room518a_WP1,13287.0
18200.0,TSL3_UpperScreen_spec.Room518a_WP2,8220.0
18200.0,TSL4_UpperScreen_spec.Room518a_WP1,16597.0
18200.0,TSL4_UpperScreen_spec.Room518a_WP2,16135.0
18300.0,Illuminance.Room518a_Ceiling,1304.17
18300.0,TSL1_LowerScreen_spec.Room518a_WP1,9570.0
18300.0,TSL1_LowerScreen_spec.Room518a_WP2,10715.0
18300.0,TSL2_Keyboard_spec.Room518a_WP1,18694.0
18300.0,TSL2_Keyboard_spec.Room518a_WP2,8729.0
18300.0,TSL3_UpperScreen_spec.Room518a_WP1,13287.0
18300.0,TSL3_UpperScreen_spec.Room518a_WP2,8220.0
18300.0,TSL4_UpperScreen_spec.Room518a_WP1,16597.0
18300.0,TSL4_UpperScreen_spec.Room518a_WP2,16135.0
18400.0,Illuminance.Room518a_Ceiling,1304.17
18400.0,TSL1_LowerScreen_spec.Room518a_WP1,9570.0
18400.0,TSL1_LowerScreen_spec.Room518a_WP2,10715.0
18400.0,TSL2_Keyboard_spec.Room518a_WP1,18694.0
18400.0,TSL2_Keyboard_spec.Room518a_WP2,8729.0
18400.0,TSL3_UpperScreen_spec.Room518a_WP1,13287.0
18400.0,TSL3_UpperScreen_spec.Room518a_WP2,8220.0
18400.0,TSL4_UpperScreen_spec.Room518a_WP1,16647.0
18400.0,TSL4_UpperScreen_spec.Room518a_WP2,16135.0
18500.0,Illuminance.Room518a_Ceiling,1304.17
18500.0,TSL1_LowerScreen_spec.Room518a_WP1,9570.0
18500.0,TSL1_LowerScreen_spec.Room518a_WP2,10715.0
18500.0,TSL2_Keyboard_spec.Room518a_WP1,18694.0
18500.0,TSL2_Keyboard_spec.Room518a_WP2,8729.0
18500.0,TSL3_UpperScreen_spec.Room518a_WP1,13287.0
18500.0,TSL3_UpperScreen_spec.Room518a_WP2,8220.0
18500.0,TSL4_UpperScreen_spec.Room518a_WP1,16647.0
18500.0,TSL4_UpperScreen_spec.Room518a_WP2,16207.0
18600.0,Illuminance.Room518a_Ceiling,1304.17
18600.0,TSL1_LowerScreen_spec.Room518a_WP1,9570.0
18600.0,TSL1_LowerScreen_spec.Room518a_WP2,10715.0
18600.0,TSL2_Keyboard_spec.Room518a_WP1,18694.0
18600.0,TSL2_Keyboard_spec.Room518a_WP2,8729.0
18600.0,TSL3_UpperScreen_spec.Room518a_WP1,13287.0
18600.0,TSL3_UpperScreen_spec.Room518a_WP2,8220.0
18600.0,TSL4_UpperScreen_spec.Room518a_WP1,16647.0
18600.0,TSL4_UpperScreen_spec.Room518a_WP2,16207.0
18700.0,Illuminance.Room518a_Ceiling,1304.17
18700.0,TSL1_LowerScreen_spec.Room518a_WP1,9570.0
18700.0,TSL1_LowerScreen_spec.Room518a_WP2,10715.0
18700.0,TSL2_Keyboard_spec.Room518a_WP1,18694.0
18700.0,TSL2_Keyboard_spec.Room518a_WP2,8729.0
18700.0,TSL3_UpperScreen_spec.Room518a_WP1,13287.0
18700.0,TSL3_UpperScreen_spec.Room518a_WP2,8220.0
18700.0,TSL4_UpperScreen_spec.Room518a_WP1,16647.0
18700.0,TSL4_UpperScreen_spec.Room518a_WP2,16207.0
18800.0,Illuminance.Room518a_Ceiling,1304.17
18800.0,TSL1_LowerScreen_spec.Room518a_WP1,9570.0
18800.0,TSL1_LowerScreen_spec.Room518a_WP2,10715.0
18800.0,TSL2_Keyboard_spec.Room518a_WP1,18694.0
18800.0,TSL2_Keyboard_spec.Room518a_WP2,8729.0
18800.0,TSL3_UpperScreen_spec.Room518a_WP1,13287.0
18800.0,TSL3_UpperScreen_spec.Room518a_WP2,8220.0
18800.0,TSL4_UpperScreen_spec.Room518a_WP1,16647.0
18800.0,TSL4_UpperScreen_spec.Room518a_WP2,16207.0
18900.0,Illuminance.Room518a_Ceiling,1304.17
18900.0,TSL1_LowerScreen_spec.Room518a_WP1,9570.0
18900.0,TSL1_LowerScreen_spec.Room518a_WP2,10715.0
18900.0,TSL2_Keyboard_spec.Room518a_WP1,18694.0
18900.0,TSL2_Keyboard_spec.Room518a_WP2,8729.0
18900.0,TSL3_UpperScreen_spec.Room518a_WP1,13287.0
18900.0,TSL3_UpperScreen_spec.Room518a_WP2,8220.0
18900.0,TSL4_UpperScreen_spec.Room518a_WP1,16647.0
18900.0,TSL4_UpperScreen_spec.Room518a_WP2,16207.0
19000.0,Illuminance.Room518a_Ceiling,1304.17
19000.0,TSL1_LowerScreen_spec.Room518a_WP1,9570.0
19000.0,TSL1_LowerScreen_spec.Room518a_WP2,10715.0
19000.0,TSL2_Keyboard_spec.Room518a_WP1,18694.0
19000.0,TSL2_Keyboard_spec.Room518a_WP2,8729.0
19000.0,TSL3_UpperScreen_spec.Room518a_WP1,13287.0
19000.0,TSL3_UpperScreen_spec.Room518a_WP2,8220.0
19000.0,TSL4_UpperScreen_spec.Room518a_WP1,16647.0
19000.0,TSL4_UpperScreen_spec.Room518a_WP2,16207.0
19100.0,Illuminance.Room518a_Ceiling,1304.17
19100.0,TSL1_LowerScreen_spec.Room518a_WP1,9570.0
19100.0,TSL1_LowerScreen_spec.Room518a_WP2,10715.0
19100.0,TSL2_Keyboard_spec.Room518a_WP1,18694.0
19100.0,TSL2_Keyboard_spec.Room518a_WP2,8729.0
19100.0,TSL3_UpperScreen_spec.Room518a_WP1,13287.0
19100.0,TSL3_UpperScreen_spec.Room518a_WP2,8220.0
19100.0,TSL4_UpperScreen_spec.Room518a_WP1,16647.0
19100.0,TSL4_UpperScreen_spec.Room518a_WP2,16207.0
19200.0,Illuminance.Room518a_Ceiling,1304.17
19200.0,TSL1_LowerScreen_spec.Room518a_WP1,9570.0
19200.0,TSL1_LowerScreen_spec.Room518a_WP2,10715.0
19200.0,TSL2_Keyboard_spec.Room518a_WP1,18694.0
19200.0,TSL2_Keyboard_spec.Room518a_WP2,8729.0
19200.0,TSL3_UpperScreen_spec.Room518a_WP1,13287.0
19200.0,TSL3_UpperScreen_spec.Room518a_WP2,8220.0
19200.0,TSL4_UpperScreen_spec.Room518a_WP1,16647.0
19200.0,TSL4_UpperScreen_spec.Room518a_WP2,16207.0
19300.0,Illuminance.Room518a_Ceiling,1304.17
19300.0,TSL1_LowerScreen_spec.Room518a_WP1,9570.0
19300.0,TSL1_LowerScreen_spec.Room518a_WP2,10715.0
19300.0,TSL2_Keyboard_spec.Room518a_WP1,18694.0
19300.0,TSL2_Keyboard_spec.Room518a_WP2,8729.0
19300.0,TSL3_UpperScreen_spec.Room518a_WP1,13287.0
19300.0,TSL3_UpperScreen_spec.Room518a_WP2,8220.0
19300.0,TSL4_UpperScreen_spec.Room518a_WP1,16647.0
19300.0,TSL4_UpperScreen_spec.Room518a_WP2,16207.0
19400.0,Illuminance.Room518a_Ceiling,1304.17
19400.0,TSL1_LowerScreen_spec.Room518a_WP1,9570.0
19400.0,TSL1_LowerScreen_spec.Room518a_WP2,10715.0
19400.0,TSL2_Keyboard_spec.Room518a_WP1,18694.0
19400.0,TSL2_Keyboard_spec.Room518a_WP2,8729.0
19400.0,TSL3_UpperScreen_spec.Room518a_WP1,13287.0
19400.0,TSL3_UpperScreen_spec.Room518a_WP2,8220.0
19400.0,TSL4_UpperScreen_spec.Room518a_WP1,16647.0
19400.0,TSL4_UpperScreen_spec.Room518a_WP2,16207.0
19500.0,Illuminance.Room518a_Ceiling,1304.17
19500.0,TSL1_LowerScreen_spec.Room518a_WP1,9570.0
19500.0,TSL1_LowerScreen_spec.Room518a_WP2,10715.0
19500.0,TSL2_Keyboard_spec.Room518a_WP1,18694.0
19500.0,TSL2_Keyboard_spec.Room518a_WP2,8729.0
19500.0,TSL3_UpperScreen_spec.Room518a_WP1,13287.0
19500.0,TSL3_UpperScreen_spec.Room518a_WP2,8220.0
19500.0,TSL4_UpperScreen_spec.Room518a_WP1,16647.0
19500.0,TSL4_UpperScreen_spec.Room518a_WP2,16207.0
19600.0,Illuminance.Room518a_Ceiling,1304.17
19600.0,TSL1_LowerScreen_spec.Room518a_WP1,9570.0
19600.0,TSL1_LowerScreen_spec.Room518a_WP2,10715.0
19600.0,TSL2_Keyboard_spec.Room518a_WP1,18694.0
19600.0,TSL2_Keyboard_spec.Room518a_WP2,8729.0
19600.0,TSL3_UpperScreen_spec.Room518a_WP1,13287.0
19600.0,TSL3_UpperScreen_spec.Room518a_WP2,8220.0
19600.0,TSL4_UpperScreen_spec.Room518a_WP1,16647.0
19600.0,TSL4_UpperScreen_spec.Room518a_WP2,16207.0
19700.0,Illuminance.Room518a_Ceiling,1304.17
19700.0,TSL1_LowerScreen_spec.Room518a_WP1,9570.0
19700.0,TSL1_LowerScreen_spec.Room518a_WP2,10715.0
19700.0,TSL2_Keyboard_spec.Room518a_WP1,18694.0
19700.0,TSL2_Keyboard_spec.Room518a_WP2,8729.0
19700.0,TSL3_UpperScreen_spec.Room518a_WP1,13287.0
19700.0,TSL3_UpperScreen_spec.Room518a_WP2,8220.0
19700.0,TSL4_UpperScreen_spec.Room518a_WP1,16647.0
19700.0,TSL4_UpperScreen_spec.Room518a_WP2,16207.0
19800.0,Illuminance.Room518a_Ceiling,1304.17
19800.0,TSL1_LowerScreen_spec.Room518a_WP1,9570.0
19800.0,TSL1_LowerScreen_spec.Room518a_WP2,10715.0
19800.0,TSL2_Keyboard_spec.Room518a_WP1,18694.0
19800.0,TSL2_Keyboard_spec.Room518a_WP2,8729.0
19800.0,TSL3_UpperScreen_spec.Room518a_WP1,13287.0
19800.0,TSL3_UpperScreen_spec.Room518a_WP2,8220.0
19800.0,TSL4_UpperScreen_spec.Room518a_WP1,16647.0
19800.0,TSL4_UpperScreen_spec.Room518a_WP2,16207.0
19900.0,Illuminance.Room518a_Ceiling,1304.17
19900.0,TSL1_LowerScreen_spec.Room518a_WP1,9570.0
19900.0,TSL1_LowerScreen_spec.Room518a_WP2,10715.0
19900.0,TSL2_Keyboard_spec.Room518a_WP1,18694.0
19900.0,TSL2_Keyboard_spec.Room518a_WP2,8729.0
19900.0,TSL3_UpperScreen_spec.Room518a_WP1,13287.0
19900.0,TSL3_UpperScreen_spec.Room518a_WP2,8220.0
19900.0,TSL4_UpperScreen_spec.Room518a_WP1,16647.0
19900.0,TSL4_UpperScreen_spec.Room518a_WP2,16207.0
20000.0,Illuminance.Room518a_Ceiling,1304.17
20000.0,TSL1_LowerScreen_spec.Room518a_WP1,9570.0
20000.0,TSL1_LowerScreen_spec.Room518a_WP2,10715.0
20000.0,TSL2_Keyboard_spec.Room518a_WP1,18694.0
20000.0,TSL2_Keyboard_spec.Room518a_WP2,8729.0
20000.0,TSL3_UpperScreen_spec.Room518a_WP1,13287.0
20000.0,TSL3_UpperScreen_spec.Room518a_WP2,8220.0
20000.0,TSL4_UpperScreen_spec.Room518a_WP1,16647.0
20000.0,TSL4_UpperScreen_spec.Room518a_WP2,16207.0
20100.0,Illuminance.Room518a_Ceiling,1304.17
20100.0,TSL1_LowerScreen_spec.Room518a_WP1,9570.0
20100.0,TSL1_LowerScreen_spec.Room518a_WP2,10715.0
20100.0,TSL2_Keyboard_spec.Room518a_WP1,18694.0
20100.0,TSL2_Keyboard_spec.Room518a_WP2,8729.0
20100.0,TSL3_UpperScreen_spec.Room518a_WP1,13287.0
20100.0,TSL3_UpperScreen_spec.Room518a_WP2,8220.0
20100.0,TSL4_UpperScreen_spec.Room518a_WP1,16647.0
20100.0,TSL4_UpperScreen_spec.Room518a_WP2,16207.0
20200.0,Illuminance.Room518a_Ceiling,1304.17
20200.0,TSL1_LowerScreen_spec.Room518a_WP1,9570.0
20200.0,TSL1_LowerScreen_spec.Room518a_WP2,10715.0
20200.0,TSL2_Keyboard_spec.Room518a_WP1,18694.0
20200.0,TSL2_Keyboard_spec.Room518a_WP2,8729.0
20200.0,TSL3_UpperScreen_spec.Room518a_WP1,13287.0
20200.0,TSL3_UpperScreen_spec.Room518a_WP2,8220.0
20200.0,TSL4_UpperScreen_spec.Room518a_WP1,16647.0
20200.0,TSL4_UpperScreen_spec.Room518a_WP2,16207.0
20300.0,Illuminance.Room518a_Ceiling,1304.17
20300.0,TSL1_LowerScreen_spec.Room518a_WP1,9570.0
20300.0,TSL1_LowerScreen_spec.Room518a_WP2,10715.0
20300.0,TSL2_Keyboard_spec.Room518a_WP1,18694.0
20300.0,TSL2_Keyboard_spec.Room518a_WP2,8729.0
20300.0,TSL3_UpperScreen_spec.Room518a_WP1,13287.0
20300.0,TSL3_UpperScreen_spec.Room518a_WP2,8220.0
20300.0,TSL4_UpperScreen_spec.Room518a_WP1,16647.0
20300.0,TSL4_UpperScreen_spec.Room518a_WP2,16207.0
20400.0,Illuminance.Room518a_Ceiling,1304.17
20400.0,TSL1_LowerScreen_spec.Room518a_WP1,9570.0
20400.0,TSL1_LowerScreen_spec.Room518a_WP2,10715.0
20400.0,TSL2_Keyboard_spec.Room518a_WP1,18694.0
20400.0,TSL2_Keyboard_spec.Room518a_WP2,8729.0
20400.0,TSL3_UpperScreen_spec.Room518a_WP1,13287.0
20400.0,TSL3_UpperScreen_spec.Room518a_WP2,8220.0
20400.0,TSL4_UpperScreen_spec.Room518a_WP1,16647.0
20400.0,TSL4_UpperScreen_spec.Room518a_WP2,16207.0
20500.0,Illuminance.Room518a_Ceiling,1304.17
20500.0,TSL1_LowerScreen_spec.Room518a_WP1,9570.0
20500.0,TSL1_LowerScreen_spec.Room518a_WP2,10715.0
20500.0,TSL2_Keyboard_spec.Room518a_WP1,18694.0
20500.0,TSL2_Keyboard_spec.Room518a_WP2,8729.0
20500.0,TSL3_UpperScreen_spec.Room518a_WP1,13287.0
20500.0,TSL3_UpperScreen_spec.Room518a_WP2,8220.0
20500.0,TSL4_UpperScreen_spec.Room518a_WP1,16647.0
20500.0,TSL4_UpperScreen_spec.Room518a_WP2,16207.0
20600.0,Illuminance.Room518a_Ceiling,1304.17
20600.0,TSL1_LowerScreen_spec.Room518a_WP1,9570.0
20600.0,TSL1_LowerScreen_spec.Room518a_WP2,10715.0
20600.0,TSL2_Keyboard_spec.Room518a_WP1,18694.0
20600.0,TSL2_Keyboard_spec.Room518a_WP2,8729.0
20600.0,TSL3_UpperScreen_spec.Room518a_WP1,13287.0
20600.0,TSL3_UpperScreen_spec.Room518a_WP2,8220.0
20600.0,TSL4_UpperScreen_spec.Room518a_WP1,16647.0
20600.0,TSL4_UpperScreen_spec.Room518a_WP2,16207.0
20700.0,Illuminance.Room518a_Ceiling,1304.17
20700.0,TSL1_LowerScreen_spec.Room518a_WP1,9570.0
20700.0,TSL1_LowerScreen_spec.Room518a_WP2,10715.0
20700.0,TSL2_Keyboard_spec.Room518a_WP1,18694.0
20700.0,TSL2_Keyboard_spec.Room518a_WP2,8729.0
20700.0,TSL3_UpperScreen_spec.Room518a_WP1,13287.0
20700.0,TSL3_UpperScreen_spec.Room518a_WP2,8220.0
20700.0,TSL4_UpperScreen_spec.Room518a_WP1,16647.0
20700.0,TSL4_UpperScreen_spec.Room518a_WP2,16207.0
20800.0,Illuminance.Room518a_Ceiling,1304.17
20800.0,TSL1_LowerScreen_spec.Room518a_WP1,9570.0
20800.0,TSL1_LowerScreen_spec.Room518a_WP2,10715.0
20800.0,TSL2_Keyboard_spec.Room518a_WP1,18694.0
20800.0,TSL2_Keyboard_spec.Room518a_WP2,8729.0
20800.0,TSL3_UpperScreen_spec.Room518a_WP1,13287.0
20800.0,TSL3_UpperScreen_spec.Room518a_WP2,8220.0
20800.0,TSL4_UpperScreen_spec.Room518a_WP1,16647.0
20800.0,TSL4_UpperScreen_spec.Room518a_WP2,16207.0
20900.0,Illuminance.Room518a_Ceiling,1304.17
20900.0,TSL1_LowerScreen_spec.Room518a_WP1,9570.0
20900.0,TSL1_LowerScreen_spec.Room518a_WP2,10715.0
20900.0,TSL2_Keyboard_spec.Room518a_WP1,18694.0
20900.0,TSL2_Keyboard_spec.Room518a_WP2,8729.0
20900.0,TSL3_UpperScreen_spec.Room518a_WP1,13287.0
20900.0,TSL3_UpperScreen_spec.Room518a_WP2,8220.0
20900.0,TSL4_UpperScreen_spec.Room518a_WP1,16647.0
20900.0,TSL4_UpperScreen_spec.Room518a_WP2,16207.0
21000.0,Illuminance.Room518a_Ceiling,1304.17
21000.0,TSL1_LowerScreen_spec.Room518a_WP1,9570.0
21000.0,TSL1_LowerScreen_spec.Room518a_WP2,10715.0
21000.0,TSL2_Keyboard_spec.Room518a_WP1,18694.0
21000.0,TSL2_Keyboard_spec.Room518a_WP2,8729.0
21000.0,TSL3_UpperScreen_spec.Room518a_WP1,13287.0
21000.0,TSL3_UpperScreen_spec.Room518a_WP2,8220.0
21000.0,TSL4_UpperScreen_spec.Room518a_WP1,16647.0
21000.0,TSL4_UpperScreen_spec.Room518a_WP2,16207.0
21100.0,Illuminance.Room518a_Ceiling,1304.17
21100.0,TSL1_LowerScreen_spec.Room518a_WP1,9570.0
21100.0,TSL1_LowerScreen_spec.Room518a_WP2,10715.0
21100.0,TSL2_Keyboard_spec.Room518a_WP1,18694.0
21100.0,TSL2_Keyboard_spec.Room518a_WP2,8729.0
21100.0,TSL3_UpperScreen_spec.Room518a_WP1,13287.0
21100.0,TSL3_UpperScreen_spec.Room518a_WP2,8220.0
21100.0,TSL4_UpperScreen_spec.Room518a_WP1,16647.0
21100.0,TSL4_UpperScreen_spec.Room518a_WP2,16207.0
21200.0,Illuminance.Room518a_Ceiling,1304.17
21200.0,TSL1_LowerScreen_spec.Room518a_WP1,9570.0
21200.0,TSL1_LowerScreen_spec.Room518a_WP2,10715.0
21200.0,TSL2_Keyboard_spec.Room518a_WP1,18694.0
21200.0,TSL2_Keyboard_spec.Room518a_WP2,8729.0
21200.0,TSL3_UpperScreen_spec.Room518a_WP1,13287.0
21200.0,TSL3_UpperScreen_spec.Room518a_WP2,8220.0
21200.0,TSL4_UpperScreen_spec.Room518a_WP1,16647.0
21200.0,TSL4_UpperScreen_spec.Room518a_WP2,16207.0
21300.0,Illuminance.Room518a_Ceiling,1304.17
21300.0,TSL1_LowerScreen_spec.Room518a_WP1,9570.0
21300.0,TSL1_LowerScreen_spec.Room518a_WP2,10715.0
21300.0,TSL2_Keyboard_spec.Room518a_WP1,18694.0
21300.0,TSL2_Keyboard_spec.Room518a_WP2,8729.0
21300.0,TSL3_UpperScreen_spec.Room518a_WP1,13287.0
21300.0,TSL3_UpperScreen_spec.Room518a_WP2,8220.0
21300.0,TSL4_UpperScreen_spec.Room518a_WP1,16647.0
21300.0,TSL4_UpperScreen_spec.Room518a_WP2,16207.0
21400.0,Illuminance.Room518a_Ceiling,1304.17
21400.0,TSL1_LowerScreen_spec.Room518a_WP1,9570.0
21400.0,TSL1_LowerScreen_spec.Room518a_WP2,10715.0
21400.0,TSL2_Keyboard_spec.Room518a_WP1,18694.0
21400.0,TSL2_Keyboard_spec.Room518a_WP2,8729.0
21400.0,TSL3_UpperScreen_spec.Room518a_WP1,13287.0
21400.0,TSL3_UpperScreen_spec.Room518a_WP2,8220.0
21400.0,TSL4_UpperScreen_spec.Room518a_WP1,16647.0
21400.0,TSL4_UpperScreen_spec.Room518a_WP2,16207.0
21500.0,Illuminance.Room518a_Ceiling,1304.17
21500.0,TSL1_LowerScreen_spec.Room518a_WP1,9570.0
21500.0,TSL1_LowerScreen_spec.Room518a_WP2,10715.0
21500.0,TSL2_Keyboard_spec.Room518a_WP1,18694.0
21500.0,TSL2_Keyboard_spec.Room518a_WP2,8729.0
21500.0,TSL3_UpperScreen_spec.Room518a_WP1,13287.0
21500.0,TSL3_UpperScreen_spec.Room518a_WP2,8220.0
21500.0,TSL4_UpperScreen_spec.Room518a_WP1,16647.0
21500.0,TSL4_UpperScreen_spec.Room518a_WP2,16207.0
21600.0,Illuminance.Room518a_Ceiling,1304.17
21600.0,TSL1_LowerScreen_spec.Room518a_WP1,9570.0
21600.0,TSL1_LowerScreen_spec.Room518a_WP2,10715.0
21600.0,TSL2_Keyboard_spec.Room518a_WP1,18694.0
21600.0,TSL2_Keyboard_spec.Room518a_WP2,8729.0
21600.0,TSL3_UpperScreen_spec.Room518a_WP1,13287.0
21600.0,TSL3_UpperScreen_spec.Room518a_WP2,8220.0
21600.0,TSL4_UpperScreen_spec.Room518a_WP1,16647.0
21600.0,TSL4_UpperScreen_spec.Room518a_WP2,16207.0
21700.0,Illuminance.Room518a_Ceiling,1304.17
21700.0,TSL1_LowerScreen_spec.Room518a_WP1,9570.0
21700.0,TSL1_LowerScreen_spec.Room518a_WP2,10715.0
21700.0,TSL2_Keyboard_spec.Room518a_WP1,18694.0
21700.0,TSL2_Keyboard_spec.Room518a_WP2,8729.0
21700.0,TSL3_UpperScreen_spec.Room518a_WP1,13287.0
21700.0,TSL3_UpperScreen_spec.Room518a_WP2,8220.0
21700.0,TSL4_UpperScreen_spec.Room518a_WP1,16647.0
21700.0,TSL4_UpperScreen_spec.Room518a_WP2,16207.0
21800.0,Illuminance.Room518a_Ceiling,1304.17
21800.0,TSL1_LowerScreen_spec.Room518a_WP1,9570.0
21800.0,TSL1_LowerScreen_spec.Room518a_WP2,10715.0
21800.0,TSL2_Keyboard_spec.Room518a_WP1,18694.0
21800.0,TSL2_Keyboard_spec.Room518a_WP2,8729.0
21800.0,TSL3_UpperScreen_spec.Room518a_WP1,13287.0
21800.0,TSL3_UpperScreen_spec.Room518a_WP2,8220.0
21800.0,TSL4_UpperScreen_spec.Room518a_WP1,16647.0
21800.0,TSL4_UpperScreen_spec.Room518a_WP2,16207.0
21900.0,Illuminance.Room518a_Ceiling,1304.17
21900.0,TSL1_LowerScreen_spec.Room518a_WP1,9570.0
21900.0,TSL1_LowerScreen_spec.Room518a_WP2,10715.0
21900.0,TSL2_Keyboard_spec.Room518a_WP1,18694.0
21900.0,TSL2_Keyboard_spec.Room518a_WP2,8729.0
21900.0,TSL3_UpperScreen_spec.Room518a_WP1,13287.0
21900.0,TSL3_UpperScreen_spec.Room518a_WP2,8220.0
21900.0,TSL4_UpperScreen_spec.Room518a_WP1,16647.0
21900.0,TSL4_UpperScreen_spec.Room518a_WP2,16207.0
22000.0,Illuminance.Room518a_Ceiling,1304.17
22000.0,TSL1_LowerScreen_spec.Room518a_WP1,9570.0
22000.0,TSL1_LowerScreen_spec.Room518a_WP2,10715.0
22000.0,TSL2_Keyboard_spec.Room518a_WP1,18694.0
22000.0,TSL2_Keyboard_spec.Room518a_WP2,8729.0
22000.0,TSL3_UpperScreen_spec.Room518a_WP1,13287.0
22000.0,TSL3_UpperScreen_spec.Room518a_WP2,8220.0
22000.0,TSL4_UpperScreen_spec.Room518a_WP1,16647.0
22000.0,TSL4_UpperScreen_spec.Room518a_WP2,16207.0
22100.0,Illuminance.Room518a_Ceiling,1304.17
22100.0,TSL1_LowerScreen_spec.Room518a_WP1,9570.0
22100.0,TSL1_LowerScreen_spec.Room518a_WP2,10715.0
22100.0,TSL2_Keyboard_spec.Room518a_WP1,18694.0
22100.0,TSL2_Keyboard_spec.Room518a_WP2,8729.0
22100.0,TSL3_UpperScreen_spec.Room518a_WP1,13287.0
22100.0,TSL3_UpperScreen_spec.Room518a_WP2,8220.0
22100.0,TSL4_UpperScreen_spec.Room518a_WP1,16647.0
22100.0,TSL4_UpperScreen_spec.Room518a_WP2,16207.0
22200.0,Illuminance.Room518a_Ceiling,1304.17
22200.0,TSL1_LowerScreen_spec.Room518a_WP1,9570.0
22200.0,TSL1_LowerScreen_spec.Room518a_WP2,10715.0
22200.0,TSL2_Keyboard_spec.Room518a_WP1,18694.0
22200.0,TSL2_Keyboard_spec.Room518a_WP2,8729.0
22200.0,TSL3_UpperScreen_spec.Room518a_WP1,13287.0
22200.0,TSL3_UpperScreen_spec.Room518a_WP2,8220.0
22200.0,TSL4_UpperScreen_spec.Room518a_WP1,16647.0
22200.0,TSL4_UpperScreen_spec.Room518a_WP2,16207.0
22300.0,Illuminance.Room518a_Ceiling,1304.17
22300.0,TSL1_LowerScreen_spec.Room518a_WP1,9570.0
22300.0,TSL1_LowerScreen_spec.Room518a_WP2,10715.0
22300.0,TSL2_Keyboard_spec.Room518a_WP1,18694.0
22300.0,TSL2_Keyboard_spec.Room518a_WP2,8729.0
22300.0,TSL3_UpperScreen_spec.Room518a_WP1,13287.0
22300.0,TSL3_UpperScreen_spec.Room518a_WP2,8220.0
22300.0,TSL4_UpperScreen_spec.Room518a_WP1,16647.0
22300.0,TSL4_UpperScreen_spec.Room518a_WP2,16207.0
22400.0,Illuminance.Room518a_Ceiling,1304.17
22400.0,TSL1_LowerScreen_spec.Room518a_WP1,9570.0
22400.0,TSL1_LowerScreen_spec.Room518a_WP2,10715.0
22400.0,TSL2_Keyboard_spec.Room518a_WP1,18694.0
22400.0,TSL2_Keyboard_spec.Room518a_WP2,8729.0
22400.0,TSL3_UpperScreen_spec.Room518a_WP1,13287.0
22400.0,TSL3_UpperScreen_spec.Room518a_WP2,8220.0
22400.0,TSL4_UpperScreen_spec.Room518a_WP1,16647.0
22400.0,TSL4_UpperScreen_spec.Room518a_WP2,16207.0
22500.0,Illuminance.Room518a_Ceiling,1304.17
22500.0,TSL1_LowerScreen_spec.Room518a_WP1,9570.0
22500.0,TSL1_LowerScreen_spec.Room518a_WP2,10715.0
22500.0,TSL2_Keyboard_spec.Room518a_WP1,18694.0
22500.0,TSL2_Keyboard_spec.Room518a_WP2,8729.0
22500.0,TSL3_UpperScreen_spec.Room518a_WP1,13287.0
22500.0,TSL3_UpperScreen_spec.Room518a_WP2,8220.0
22500.0,TSL4_UpperScreen_spec.Room518a_WP1,16647.0
22500.0,TSL4_UpperScreen_spec.Room518a_WP2,16207.0
22600.0,Illuminance.Room518a_Ceiling,1304.17
22600.0,TSL1_LowerScreen_spec.Room518a_WP1,9570.0
22600.0,TSL1_LowerScreen_spec.Room518a_WP2,10715.0
22600.0,TSL2_Keyboard_spec.Room518a_WP1,18694.0
22600.0,TSL2_Keyboard_spec.Room518a_WP2,8729.0
22600.0,TSL3_UpperScreen_spec.Room518a_WP1,13287.0
22600.0,TSL3_UpperScreen_spec.Room518a_WP2,8220.0
22600.0,TSL4_UpperScreen_spec.Room518a_WP1,16647.0
22600.0,TSL4_UpperScreen_spec.Room518a_WP2,16207.0
22700.0,Illuminance.Room518a_Ceiling,1304.17
22700.0,TSL1_LowerScreen_spec.Room518a_WP1,9570.0
22700.0,TSL1_LowerScreen_spec.Room518a_WP2,10715.0
22700.0,TSL2_Keyboard_spec.Room518a_WP1,18694.0
22700.0,TSL2_Keyboard_spec.Room518a_WP2,8729.0
22700.0,TSL3_UpperScreen_spec.Room518a_WP1,13287.0
22700.0,TSL3_UpperScreen_spec.Room518a_WP2,8220.0
22700.0,TSL4_UpperScreen_spec.Room518a_WP1,16647.0
22700.0,TSL4_UpperScreen_spec.Room518a_WP2,16207.0
22800.0,Illuminance.Room518a_Ceiling,1304.17
22800.0,TSL1_LowerScreen_spec.Room518a_WP1,9570.0
22800.0,TSL1_LowerScreen_spec.Room518a_WP2,10715.0
22800.0,TSL2_Keyboard_spec.Room518a_WP1,18694.0
22800.0,TSL2_Keyboard_spec.Room518a_WP2,8729.0
22800.0,TSL3_UpperScreen_spec.Room518a_WP1,13287.0
22800.0,TSL3_UpperScreen_spec.Room518a_WP2,8220.0
22800.0,TSL4_UpperScreen_spec.Room518a_WP1,16647.0
22800.0,TSL4_UpperScreen_spec.Room518a_WP2,16207.0
22900.0,Illuminance.Room518a_Ceiling,1304.17
22900.0,TSL1_LowerScreen_spec.Room518a_WP1,9570.0
22900.0,TSL1_LowerScreen_spec.Room518a_WP2,10715.0
22900.0,TSL2_Keyboard_spec.Room518a_WP1,18694.0
22900.0,TSL2_Keyboard_spec.Room518a_WP2,8729.0
22900.0,TSL3_UpperScreen_spec.Room518a_WP1,13287.0
22900.0,TSL3_UpperScreen_spec.Room518a_WP2,8220.0
22900.0,TSL4_UpperScreen_spec.Room518a_WP1,16647.0
22900.0,TSL4_UpperScreen_spec.Room518a_WP2,16207.0
23000.0,Illuminance.Room518a_Ceiling,1304.17
23000.0,TSL1_LowerScreen_spec.Room518a_WP1,9570.0
23000.0,TSL1_LowerScreen_spec.Room518a_WP2,10715.0
23000.0,TSL2_Keyboard_spec.Room518a_WP1,18694.0
23000.0,TSL2_Keyboard_spec.Room518a_WP2,8729.0
23000.0,TSL3_UpperScreen_spec.Room518a_WP1,13287.0
23000.0,TSL3_UpperScreen_spec.Room518a_WP2,8220.0
23000.0,TSL4_UpperScreen_spec.Room518a_WP1,16647.0
23000.0,TSL4_UpperScreen_spec.Room518a_WP2,16207.0
23100.0,Illuminance.Room518a_Ceiling,1304.17
23100.0,TSL1_LowerScreen_spec.Room518a_WP1,9570.0
23100.0,TSL1_LowerScreen_spec.Room518a_WP2,10715.0
23100.0,TSL2_Keyboard_spec.Room518a_WP1,18694.0
23100.0,TSL2_Keyboard_spec.Room518a_WP2,8729.0
23100.0,TSL3_UpperScreen_spec.Room518a_WP1,13287.0
23100.0,TSL3_UpperScreen_spec.Room518a_WP2,8220.0
23100.0,TSL4_UpperScreen_spec.Room518a_WP1,16647.0
23100.0,TSL4_UpperScreen_spec.Room518a_WP2,16207.0
23200.0,Illuminance.Room518a_Ceiling,1304.17
23200.0,TSL1_LowerScreen_spec.Room518a_WP1,9570.0
23200.0,TSL1_LowerScreen_spec.Room518a_WP2,10715.0
23200.0,TSL2_Keyboard_spec.Room518a_WP1,18694.0
23200.0,TSL2_Keyboard_spec.Room518a_WP2,8729.0
23200.0,TSL3_UpperScreen_spec.Room518a_WP1,13287.0
23200.0,TSL3_UpperScreen_spec.Room518a_WP2,8220.0
23200.0,TSL4_UpperScreen_spec.Room518a_WP1,16647.0
23200.0,TSL4_UpperScreen_spec.Room518a_WP2,16207.0
23300.0,Illuminance.Room518a_Ceiling,1304.17
23300.0,TSL1_LowerScreen_spec.Room518a_WP1,9570.0
23300.0,TSL1_LowerScreen_spec.Room518a_WP2,10715.0
23300.0,TSL2_Keyboard_spec.Room518a_WP1,18694.0
23300.0,TSL2_Keyboard_spec.Room518a_WP2,8729.0
23300.0,TSL3_UpperScreen_spec.Room518a_WP1,13287.0
23300.0,TSL3_UpperScreen_spec.Room518a_WP2,8220.0
23300.0,TSL4_UpperScreen_spec.Room518a_WP1,16647.0
23300.0,TSL4_UpperScreen_spec.Room518a_WP2,16207.0
23400.0,Illuminance.Room518a_Ceiling,1304.17
23400.0,TSL1_LowerScreen_spec.Room518a_WP1,9570.0
23400.0,TSL1_LowerScreen_spec.Room518a_WP2,10715.0
23400.0,TSL2_Keyboard_spec.Room518a_WP1,18694.0
23400.0,TSL2_Keyboard_spec.Room518a_WP2,8729.0
23400.0,TSL3_UpperScreen_spec.Room518a_WP1,13287.0
23400.0,TSL3_UpperScreen_spec.Room518a_WP2,8220.0
23400.0,TSL4_UpperScreen_spec.Room518a_WP1,16647.0
23400.0,TSL4_UpperScreen_spec.Room518a_WP2,16207.0
23500.0,Illuminance.Room518a_Ceiling,1304.17
23500.0,TSL1_LowerScreen_spec.Room518a_WP1,9570.0
23500.0,TSL1_LowerScreen_spec.Room518a_WP2,10715.0
23500.0,TSL2_Keyboard_spec.Room518a_WP1,18694.0
23500.0,TSL2_Keyboard_spec.Room518a_WP2,8729.0
23500.0,TSL3_UpperScreen_spec.Room518a_WP1,13287.0
23500.0,TSL3_UpperScreen_spec.Room518a_WP2,8220.0
23500.0,TSL4_UpperScreen_spec.Room518a_WP1,16647.0
23500.0,TSL4_UpperScreen_spec.Room518a_WP2,16207.0
23600.0,Illuminance.Room518a_Ceiling,1304.17
23600.0,TSL1_LowerScreen_spec.Room518a_WP1,9570.0
23600.0,TSL1_LowerScreen_spec.Room518a_WP2,10715.0
23600.0,TSL2_Keyboard_spec.Room518a_WP1,18694.0
23600.0,TSL2_Keyboard_spec.Room518a_WP2,8729.0
23600.0,TSL3_UpperScreen_spec.Room518a_WP1,13287.0
23600.0,TSL3_UpperScreen_spec.Room518a_WP2,8220.0
23600.0,TSL4_UpperScreen_spec.Room518a_WP1,16647.0
23600.0,TSL4_UpperScreen_spec.Room518a_WP2,16207.0
23700.0,Illuminance.Room518a_Ceiling,1304.17
23700.0,TSL1_LowerScreen_spec.Room518a_WP1,9570.0
23700.0,TSL1_LowerScreen_spec.Room518a_WP2,10715.0
23700.0,TSL2_Keyboard_spec.Room518a_WP1,18694.0
23700.0,TSL2_Keyboard_spec.Room518a_WP2,8729.0
23700.0,TSL3_UpperScreen_spec.Room518a_WP1,13287.0
23700.0,TSL3_UpperScreen_spec.Room518a_WP2,8220.0
23700.0,TSL4_UpperScreen_spec.Room518a_WP1,16647.0
23700.0,TSL4_UpperScreen_spec.Room518a_WP2,16207.0
23800.0,Illuminance.Room518a_Ceiling,1304.17
23800.0,TSL1_LowerScreen_spec.Room518a_WP1,9570.0
23800.0,TSL1_LowerScreen_spec.Room518a_WP2,10715.0
23800.0,TSL2_Keyboard_spec.Room518a_WP1,18694.0
23800.0,TSL2_Keyboard_spec.Room518a_WP2,8729.0
23800.0,TSL3_UpperScreen_spec.Room518a_WP1,13287.0
23800.0,TSL3_UpperScreen_spec.Room518a_WP2,8220.0
23800.0,TSL4_UpperScreen_spec.Room518a_WP1,16647.0
23800.0,TSL4_UpperScreen_spec.Room518a_WP2,16207.0
23900.0,Illuminance.Room518a_Ceiling,1304.17
23900.0,TSL1_LowerScreen_spec.Room518a_WP1,9570.0
23900.0,TSL1_LowerScreen_spec.Room518a_WP2,10715.0
23900.0,TSL2_Keyboard_spec.Room518a_WP1,18694.0
23900.0,TSL2_Keyboard_spec.Room518a_WP2,8729.0
23900.0,TSL3_UpperScreen_spec.Room518a_WP1,13287.0
23900.0,TSL3_UpperScreen_spec.Room518a_WP2,8220.0
23900.0,TSL4_UpperScreen_spec.Room518a_WP1,16647.0
23900.0,TSL4_UpperScreen_spec.Room518a_WP2,16207.0
24000.0,Illuminance.Room518a_Ceiling,1304.17
24000.0,TSL1_LowerScreen_spec.Room518a_WP1,9570.0
24000.0,TSL1_LowerScreen_spec.Room518a_WP2,10715.0
24000.0,TSL2_Keyboard_spec.Room518a_WP1,18694.0
24000.0,TSL2_Keyboard_spec.Room518a_WP2,8729.0
24000.0,TSL3_UpperScreen_spec.Room518a_WP1,13287.0
24000.0,TSL3_UpperScreen_spec.Room518a_WP2,8220.0
24000.0,TSL4_UpperScreen_spec.Room518a_WP1,16647.0
24000.0,TSL4_UpperScreen_spec.Room518a_WP2,16207.0
24100.0,Illuminance.Room518a_Ceiling,1304.17
24100.0,TSL1_LowerScreen_spec.Room518a_WP1,9570.0
24100.0,TSL1_LowerScreen_spec.Room518a_WP2,10715.0
24100.0,TSL2_Keyboard_spec.Room518a_WP1,18694.0
24100.0,TSL2_Keyboard_spec.Room518a_WP2,8729.0
24100.0,TSL3_UpperScreen_spec.Room518a_WP1,13287.0
24100.0,TSL3_UpperScreen_spec.Room518a_WP2,8220.0
24100.0,TSL4_UpperScreen_spec.Room518a_WP1,16647.0
24100.0,TSL4_UpperScreen_spec.Room518a_WP2,16207.0
24200.0,Illuminance.Room518a_Ceiling,1304.17
24200.0,TSL1_LowerScreen_spec.Room518a_WP1,9570.0
24200.0,TSL1_LowerScreen_spec.Room518a_WP2,10715.0
24200.0,TSL2_Keyboard_spec.Room518a_WP1,18694.0
24200.0,TSL2_Keyboard_spec.Room518a_WP2,8729.0
24200.0,TSL3_UpperScreen_spec.Room518a_WP1,13287.0
24200.0,TSL3_UpperScreen_spec.Room518a_WP2,8220.0
24200.0,TSL4_UpperScreen_spec.Room518a_WP1,16647.0
24200.0,TSL4_UpperScreen_spec.Room518a_WP2,16207.0
24300.0,Illuminance.Room518a_Ceiling,1304.17
24300.0,TSL1_LowerScreen_spec.Room518a_WP1,9570.0
24300.0,TSL1_LowerScreen_spec.Room518a_WP2,10715.0
24300.0,TSL2_Keyboard_spec.Room518a_WP1,18694.0
24300.0,TSL2_Keyboard_spec.Room518a_WP2,8729.0
24300.0,TSL3_UpperScreen_spec.Room518a_WP1,13287.0
24300.0,TSL3_UpperScreen_spec.Room518a_WP2,8220.0
24300.0,TSL4_UpperScreen_spec.Room518a_WP1,16647.0
24300.0,TSL4_UpperScreen_spec.Room518a_WP2,16207.0
24400.0,Illuminance.Room518a_Ceiling,1304.17
24400.0,TSL1_LowerScreen_spec.Room518a_WP1,9570.0
24400.0,TSL1_LowerScreen_spec.Room518a_WP2,10715.0
24400.0,TSL2_Keyboard_spec.Room518a_WP1,18694.0
24400.0,TSL2_Keyboard_spec.Room518a_WP2,8729.0
24400.0,TSL3_UpperScreen_spec.Room518a_WP1,13287.0
24400.0,TSL3_UpperScreen_spec.Room518a_WP2,8220.0
24400.0,TSL4_UpperScreen_spec.Room518a_WP1,16647.0
24400.0,TSL4_UpperScreen_spec.Room518a_WP2,16207.0
24500.0,Illuminance.Room518a_Ceiling,1304.17
24500.0,TSL1_LowerScreen_spec.Room518a_WP1,9570.0
24500.0,TSL1_LowerScreen_spec.Room518a_WP2,10715.0
24500.0,TSL2_Keyboard_spec.Room518a_WP1,18694.0
24500.0,TSL2_Keyboard_spec.Room518a_WP2,8729.0
24500.0,TSL3_UpperScreen_spec.Room518a_WP1,13287.0
24500.0,TSL3_UpperScreen_spec.Room518a_WP2,8220.0
24500.0,TSL4_UpperScreen_spec.Room518a_WP1,16647.0
24500.0,TSL4_UpperScreen_spec.Room518a_WP2,16207.0
24600.0,Illuminance.Room518a_Ceiling,1304.17
24600.0,TSL1_LowerScreen_spec.Room518a_WP1,9570.0
24600.0,TSL1_LowerScreen_spec.Room518a_WP2,10715.0
24600.0,TSL2_Keyboard_spec.Room518a_WP1,18694.0
24600.0,TSL2_Keyboard_spec.Room518a_WP2,8729.0
24600.0,TSL3_UpperScreen_spec.Room518a_WP1,13287.0
24600.0,TSL3_UpperScreen_spec.Room518a_WP2,8220.0
24600.0,TSL4_UpperScreen_spec.Room518a_WP1,16647.0
24600.0,TSL4_UpperScreen_spec.Room518a_WP2,16207.0
24700.0,Illuminance.Room518a_Ceiling,1304.17
24700.0,TSL1_LowerScreen_spec.Room518a_WP1,9570.0
24700.0,TSL1_LowerScreen_spec.Room518a_WP2,10715.0
24700.0,TSL2_Keyboard_spec.Room518a_WP1,18694.0
24700.0,TSL2_Keyboard_spec.Room518a_WP2,8729.0
24700.0,TSL3_UpperScreen_spec.Room518a_WP1,13287.0
24700.0,TSL3_UpperScreen_spec.Room518a_WP2,8220.0
24700.0,TSL4_UpperScreen_spec.Room518a_WP1,16647.0
24700.0,TSL4_UpperScreen_spec.Room518a_WP2,16207.0
24800.0,Illuminance.Room518a_Ceiling,1304.17
24800.0,TSL1_LowerScreen_spec.Room518a_WP1,9570.0
24800.0,TSL1_LowerScreen_spec.Room518a_WP2,10715.0
24800.0,TSL2_Keyboard_spec.Room518a_WP1,18694.0
24800.0,TSL2_Keyboard_spec.Room518a_WP2,8729.0
24800.0,TSL3_UpperScreen_spec.Room518a_WP1,13287.0
24800.0,TSL3_UpperScreen_spec.Room518a_WP2,8220.0
24800.0,TSL4_UpperScreen_spec.Room518a_WP1,16647.0
24800.0,TSL4_UpperScreen_spec.Room518a_WP2,16207.0
24900.0,Illuminance.Room518a_Ceiling,1304.17
24900.0,TSL1_LowerScreen_spec.Room518a_WP1,9570.0
24900.0,TSL1_LowerScreen_spec.Room518a_WP2,10715.0
24900.0,TSL2_Keyboard_spec.Room518a_WP1,18694.0
24900.0,TSL2_Keyboard_spec.Room518a_WP2,8729.0
24900.0,TSL3_UpperScreen_spec.Room518a_WP1,13287.0
24900.0,TSL3_UpperScreen_spec.Room518a_WP2,8220.0
24900.0,TSL4_UpperScreen_spec.Room518a_WP1,16647.0
24900.0,TSL4_UpperScreen_spec.Room518a_WP2,16207.0
25000.0,Illuminance.Room518a_Ceiling,1304.17
25000.0,TSL1_LowerScreen_spec.Room518a_WP1,9570.0
25000.0,TSL1_LowerScreen_spec.Room518a_WP2,10715.0
25000.0,TSL2_Keyboard_spec.Room518a_WP1,18694.0
25000.0,TSL2_Keyboard_spec.Room518a_WP2,8729.0
25000.0,TSL3_UpperScreen_spec.Room518a_WP1,13287.0
25000.0,TSL3_UpperScreen_spec.Room518a_WP2,8220.0
25000.0,TSL4_UpperScreen_spec.Room518a_WP1,16647.0
25000.0,TSL4_UpperScreen_spec.Room518a_WP2,16207.0
25100.0,Illuminance.Room518a_Ceiling,1304.17
25100.0,TSL1_LowerScreen_spec.Room518a_WP1,9570.0
25100.0,TSL1_LowerScreen_spec.Room518a_WP2,10715.0
25100.0,TSL2_Keyboard_spec.Room518a_WP1,18694.0
25100.0,TSL2_Keyboard_spec.Room518a_WP2,8729.0
25100.0,TSL3_UpperScreen_spec.Room518a_WP1,13287.0
25100.0,TSL3_UpperScreen_spec.Room518a_WP2,8220.0
25100.0,TSL4_UpperScreen_spec.Room518a_WP1,16647.0
25100.0,TSL4_UpperScreen_spec.Room518a_WP2,16207.0
25200.0,Illuminance.Room518a_Ceiling,1304.17
25200.0,TSL1_LowerScreen_spec.Room518a_WP1,9570.0
25200.0,TSL1_LowerScreen_spec.Room518a_WP2,10715.0
25200.0,TSL2_Keyboard_spec.Room518a_WP1,18694.0
25200.0,TSL2_Keyboard_spec.Room518a_WP2,8729.0
25200.0,TSL3_UpperScreen_spec.Room518a_WP1,13287.0
25200.0,TSL3_UpperScreen_spec.Room518a_WP2,8220.0
25200.0,TSL4_UpperScreen_spec.Room518a_WP1,16647.0
25200.0,TSL4_UpperScreen_spec.Room518a_WP2,16207.0
25300.0,Illuminance.Room518a_Ceiling,1304.17
25300.0,TSL1_LowerScreen_spec.Room518a_WP1,9570.0
25300.0,TSL1_LowerScreen_spec.Room518a_WP2,10715.0
25300.0,TSL2_Keyboard_spec.Room518a_WP1,18694.0
25300.0,TSL2_Keyboard_spec.Room518a_WP2,8729.0
25300.0,TSL3_UpperScreen_spec.Room518a_WP1,13287.0
25300.0,TSL3_UpperScreen_spec.Room518a_WP2,8220.0
25300.0,TSL4_UpperScreen_spec.Room518a_WP1,16647.0
25300.0,TSL4_UpperScreen_spec.Room518a_WP2,16207.0
25400.0,Illuminance.Room518a_Ceiling,1304.17
25400.0,TSL1_LowerScreen_spec.Room518a_WP1,9570.0
25400.0,TSL1_LowerScreen_spec.Room518a_WP2,10715.0
25400.0,TSL2_Keyboard_spec.Room518a_WP1,18694.0
25400.0,TSL2_Keyboard_spec.Room518a_WP2,8729.0
25400.0,TSL3_UpperScreen_spec.Room518a_WP1,13287.0
25400.0,TSL3_UpperScreen_spec.Room518a_WP2,8220.0
25400.0,TSL4_UpperScreen_spec.Room518a_WP1,16647.0
25400.0,TSL4_UpperScreen_spec.Room518a_WP2,16207.0
25500.0,Illuminance.Room518a_Ceiling,1304.17
25500.0,TSL1_LowerScreen_spec.Room518a_WP1,9570.0
25500.0,TSL1_LowerScreen_spec.Room518a_WP2,10715.0
25500.0,TSL2_Keyboard_spec.Room518a_WP1,18694.0
25500.0,TSL2_Keyboard_spec.Room518a_WP2,8729.0
25500.0,TSL3_UpperScreen_spec.Room518a_WP1,13287.0
25500.0,TSL3_UpperScreen_spec.Room518a_WP2,8220.0
25500.0,TSL4_UpperScreen_spec.Room518a_WP1,16647.0
25500.0,TSL4_UpperScreen_spec.Room518a_WP2,16207.0
25600.0,Illuminance.Room518a_Ceiling,1304.17
25600.0,TSL1_LowerScreen_spec.Room518a_WP1,9570.0
25600.0,TSL1_LowerScreen_spec.Room518a_WP2,10715.0
25600.0,TSL2_Keyboard_spec.Room518a_WP1,18694.0
25600.0,TSL2_Keyboard_spec.Room518a_WP2,8729.0
25600.0,TSL3_UpperScreen_spec.Room518a_WP1,13287.0
25600.0,TSL3_UpperScreen_spec.Room518a_WP2,8220.0
25600.0,TSL4_UpperScreen_spec.Room518a_WP1,16647.0
25600.0,TSL4_UpperScreen_spec.Room518a_WP2,16207.0
25700.0,Illuminance.Room518a_Ceiling,1304.17
25700.0,TSL1_LowerScreen_spec.Room518a_WP1,9570.0
25700.0,TSL1_LowerScreen_spec.Room518a_WP2,10715.0
25700.0,TSL2_Keyboard_spec.Room518a_WP1,18694.0
25700.0,TSL2_Keyboard_spec.Room518a_WP2,8729.0
25700.0,TSL3_UpperScreen_spec.Room518a_WP1,13287.0
25700.0,TSL3_UpperScreen_spec.Room518a_WP2,8220.0
25700.0,TSL4_UpperScreen_spec.Room518a_WP1,16647.0
25700.0,TSL4_UpperScreen_spec.Room518a_WP2,16207.0
25800.0,Illuminance.Room518a_Ceiling,1304.17
25800.0,TSL1_LowerScreen_spec.Room518a_WP1,9570.0
25800.0,TSL1_LowerScreen_spec.Room518a_WP2,10715.0
25800.0,TSL2_Keyboard_spec.Room518a_WP1,18694.0
25800.0,TSL2_Keyboard_spec.Room518a_WP2,8729.0
25800.0,TSL3_UpperScreen_spec.Room518a_WP1,13287.0
25800.0,TSL3_UpperScreen_spec.Room518a_WP2,8220.0
25800.0,TSL4_UpperScreen_spec.Room518a_WP1,16647.0
25800.0,TSL4_UpperScreen_spec.Room518a_WP2,16207.0
25900.0,Illuminance.Room518a_Ceiling,1304.17
25900.0,TSL1_LowerScreen_spec.Room518a_WP1,9570.0
25900.0,TSL1_LowerScreen_spec.Room518a_WP2,10715.0
25900.0,TSL2_Keyboard_spec.Room518a_WP1,18694.0
25900.0,TSL2_Keyboard_spec.Room518a_WP2,8729.0
25900.0,TSL3_UpperScreen_spec.Room518a_WP1,13287.0
25900.0,TSL3_UpperScreen_spec.Room518a_WP2,8220.0
25900.0,TSL4_UpperScreen_spec.Room518a_WP1,16647.0
25900.0,TSL4_UpperScreen_spec.Room518a_WP2,16207.0
26000.0,Illuminance.Room518a_Ceiling,1304.17
26000.0,TSL1_LowerScreen_spec.Room518a_WP1,9570.0
26000.0,TSL1_LowerScreen_spec.Room518a_WP2,10715.0
26000.0,TSL2_Keyboard_spec.Room518a_WP1,18694.0
26000.0,TSL2_Keyboard_spec.Room518a_WP2,8729.0
26000.0,TSL3_UpperScreen_spec.Room518a_WP1,13287.0
26000.0,TSL3_UpperScreen_spec.Room518a_WP2,8220.0
26000.0,TSL4_UpperScreen_spec.Room518a_WP1,16647.0
26000.0,TSL4_UpperScreen_spec.Room518a_WP2,16207.0
26100.0,Illuminance.Room518a_Ceiling,1304.17
26100.0,TSL1_LowerScreen_spec.Room518a_WP1,9570.0
26100.0,TSL1_LowerScreen_spec.Room518a_WP2,10715.0
26100.0,TSL2_Keyboard_spec.Room518a_WP1,18694.0
26100.0,TSL2_Keyboard_spec.Room518a_WP2,8729.0
26100.0,TSL3_UpperScreen_spec.Room518a_WP1,13287.0
26100.0,TSL3_UpperScreen_spec.Room518a_WP2,8220.0
26100.0,TSL4_UpperScreen_spec.Room518a_WP1,16647.0
26100.0,TSL4_UpperScreen_spec.Room518a_WP2,16207.0
26200.0,Illuminance.Room518a_Ceiling,1304.17
26200.0,TSL1_LowerScreen_spec.Room518a_WP1,9570.0
26200.0,TSL1_LowerScreen_spec.Room518a_WP2,10715.0
26200.0,TSL2_Keyboard_spec.Room518a_WP1,18694.0
26200.0,TSL2_Keyboard_spec.Room518a_WP2,8729.0
26200.0,TSL3_UpperScreen_spec.Room518a_WP1,13287.0
26200.0,TSL3_UpperScreen_spec.Room518a_WP2,8220.0
26200.0,TSL4_UpperScreen_spec.Room518a_WP1,16647.0
26200.0,TSL4_UpperScreen_spec.Room518a_WP2,16207.0
26300.0,Illuminance.Room518a_Ceiling,1304.17
26300.0,TSL1_LowerScreen_spec.Room518a_WP1,9570.0
26300.0,TSL1_LowerScreen_spec.Room518a_WP2,10715.0
26300.0,TSL2_Keyboard_spec.Room518a_WP1,18694.0
26300.0,TSL2_Keyboard_spec.Room518a_WP2,8729.0
26300.0,TSL3_UpperScreen_spec.Room518a_WP1,13287.0
26300.0,TSL3_UpperScreen_spec.Room518a_WP2,8220.0
26300.0,TSL4_UpperScreen_spec.Room518a_WP1,16647.0
26300.0,TSL4_UpperScreen_spec.Room518a_WP2,16207.0
26400.0,Illuminance.Room518a_Ceiling,1304.17
26400.0,TSL1_LowerScreen_spec.Room518a_WP1,9570.0
26400.0,TSL1_LowerScreen_spec.Room518a_WP2,10715.0
26400.0,TSL2_Keyboard_spec.Room518a_WP1,18694.0
26400.0,TSL2_Keyboard_spec.Room518a_WP2,8729.0
26400.0,TSL3_UpperScreen_spec.Room518a_WP1,13287.0
26400.0,TSL3_UpperScreen_spec.Room518a_WP2,8220.0
26400.0,TSL4_UpperScreen_spec.Room518a_WP1,16647.0
26400.0,TSL4_UpperScreen_spec.Room518a_WP2,16207.0
26500.0,Illuminance.Room518a_Ceiling,1304.17
26500.0,TSL1_LowerScreen_spec.Room518a_WP1,9570.0
26500.0,TSL1_LowerScreen_spec.Room518a_WP2,10715.0
26500.0,TSL2_Keyboard_spec.Room518a_WP1,18694.0
26500.0,TSL2_Keyboard_spec.Room518a_WP2,8729.0
26500.0,TSL3_UpperScreen_spec.Room518a_WP1,13287.0
26500.0,TSL3_UpperScreen_spec.Room518a_WP2,8220.0
26500.0,TSL4_UpperScreen_spec.Room518a_WP1,16647.0
26500.0,TSL4_UpperScreen_spec.Room518a_WP2,16207.0
26600.0,Illuminance.Room518a_Ceiling,1304.17
26600.0,TSL1_LowerScreen_spec.Room518a_WP1,9570.0
26600.0,TSL1_LowerScreen_spec.Room518a_WP2,10715.0
26600.0,TSL2_Keyboard_spec.Room518a_WP1,18694.0
26600.0,TSL2_Keyboard_spec.Room518a_WP2,8729.0
26600.0,TSL3_UpperScreen_spec.Room518a_WP1,13287.0
26600.0,TSL3_UpperScreen_spec.Room518a_WP2,8220.0
26600.0,TSL4_UpperScreen_spec.Room518a_WP1,16647.0
26600.0,TSL4_UpperScreen_spec.Room518a_WP2,16207.0
26700.0,Illuminance.Room518a_Ceiling,1304.17
26700.0,TSL1_LowerScreen_spec.Room518a_WP1,9570.0
26700.0,TSL1_LowerScreen_spec.Room518a_WP2,10715.0
26700.0,TSL2_Keyboard_spec.Room518a_WP1,18694.0
26700.0,TSL2_Keyboard_spec.Room518a_WP2,8729.0
26700.0,TSL3_UpperScreen_spec.Room518a_WP1,13287.0
26700.0,TSL3_UpperScreen_spec.Room518a_WP2,8220.0
26700.0,TSL4_UpperScreen_spec.Room518a_WP1,16647.0
26700.0,TSL4_UpperScreen_spec.Room518a_WP2,16207.0
26800.0,Illuminance.Room518a_Ceiling,1316.67
26800.0,TSL1_LowerScreen_spec.Room518a_WP1,9570.0
26800.0,TSL1_LowerScreen_spec.Room518a_WP2,10715.0
26800.0,TSL2_Keyboard_spec.Room518a_WP1,18694.0
26800.0,TSL2_Keyboard_spec.Room518a_WP2,8729.0
26800.0,TSL3_UpperScreen_spec.Room518a_WP1,13287.0
26800.0,TSL3_UpperScreen_spec.Room518a_WP2,8220.0
26800.0,TSL4_UpperScreen_spec.Room518a_WP1,16647.0
26800.0,TSL4_UpperScreen_spec.Room518a_WP2,16207.0
26900.0,Illuminance.Room518a_Ceiling,1316.67
26900.0,TSL1_LowerScreen_spec.Room518a_WP1,9570.0
26900.0,TSL1_LowerScreen_spec.Room518a_WP2,10715.0
26900.0,TSL2_Keyboard_spec.Room518a_WP1,18694.0
26900.0,TSL2_Keyboard_spec.Room518a_WP2,8729.0
26900.0,TSL3_UpperScreen_spec.Room518a_WP1,13287.0
26900.0,TSL3_UpperScreen_spec.Room518a_WP2,8220.0
26900.0,TSL4_UpperScreen_spec.Room518a_WP1,16647.0
26900.0,TSL4_UpperScreen_spec.Room518a_WP2,16207.0
27000.0,Illuminance.Room518a_Ceiling,1316.67
27000.0,TSL1_LowerScreen_spec.Room518a_WP1,9570.0
27000.0,TSL1_LowerScreen_spec.Room518a_WP2,10715.0
27000.0,TSL2_Keyboard_spec.Room518a_WP1,18694.0
27000.0,TSL2_Keyboard_spec.Room518a_WP2,8729.0
27000.0,TSL3_UpperScreen_spec.Room518a_WP1,13287.0
27000.0,TSL3_UpperScreen_spec.Room518a_WP2,8220.0
27000.0,TSL4_UpperScreen_spec.Room518a_WP1,16647.0
27000.0,TSL4_UpperScreen_spec.Room518a_WP2,16207.0
27100.0,Illuminance.Room518a_Ceiling,1316.67
27100.0,TSL1_LowerScreen_spec.Room518a_WP1,9570.0
27100.0,TSL1_LowerScreen_spec.Room518a_WP2,10715.0
27100.0,TSL2_Keyboard_spec.Room518a_WP1,18694.0
27100.0,TSL2_Keyboard_spec.Room518a_WP2,8729.0
27100.0,TSL3_UpperScreen_spec.Room518a_WP1,13287.0
27100.0,TSL3_UpperScreen_spec.Room518a_WP2,8220.0
27100.0,TSL4_UpperScreen_spec.Room518a_WP1,16647.0
27100.0,TSL4_UpperScreen_spec.Room518a_WP2,16207.0
27200.0,Illuminance.Room518a_Ceiling,1316.67
27200.0,TSL1_LowerScreen_spec.Room518a_WP1,9570.0
27200.0,TSL1_LowerScreen_spec.Room518a_WP2,10715.0
27200.0,TSL2_Keyboard_spec.Room518a_WP1,18694.0
27200.0,TSL2_Keyboard_spec.Room518a_WP2,8729.0
27200.0,TSL3_UpperScreen_spec.Room518a_WP1,13287.0
27200.0,TSL3_UpperScreen_spec.Room518a_WP2,8220.0
27200.0,TSL4_UpperScreen_spec.Room518a_WP1,16647.0
27200.0,TSL4_UpperScreen_spec.Room518a_WP2,16207.0
27300.0,Illuminance.Room518a_Ceiling,1316.67
27300.0,TSL1_LowerScreen_spec.Room518a_WP1,9570.0
27300.0,TSL1_LowerScreen_spec.Room518a_WP2,10715.0
27300.0,TSL2_Keyboard_spec.Room518a_WP1,18694.0
27300.0,TSL2_Keyboard_spec.Room518a_WP2,8729.0
27300.0,TSL3_UpperScreen_spec.Room518a_WP1,13287.0
27300.0,TSL3_UpperScreen_spec.Room518a_WP2,8220.0
27300.0,TSL4_UpperScreen_spec.Room518a_WP1,16647.0
27300.0,TSL4_UpperScreen_spec.Room518a_WP2,16207.0
27400.0,Illuminance.Room518a_Ceiling,1316.67
27400.0,TSL1_LowerScreen_spec.Room518a_WP1,9570.0
27400.0,TSL1_LowerScreen_spec.Room518a_WP2,10715.0
27400.0,TSL2_Keyboard_spec.Room518a_WP1,18694.0
27400.0,TSL2_Keyboard_spec.Room518a_WP2,8729.0
27400.0,TSL3_UpperScreen_spec.Room518a_WP1,13287.0
27400.0,TSL3_UpperScreen_spec.Room518a_WP2,8220.0
27400.0,TSL4_UpperScreen_spec.Room518a_WP1,16647.0
27400.0,TSL4_UpperScreen_spec.Room518a_WP2,16207.0
27500.0,Illuminance.Room518a_Ceiling,1316.67
27500.0,TSL1_LowerScreen_spec.Room518a_WP1,9570.0
27500.0,TSL1_LowerScreen_spec.Room518a_WP2,10715.0
27500.0,TSL2_Keyboard_spec.Room518a_WP1,18694.0
27500.0,TSL2_Keyboard_spec.Room518a_WP2,8729.0
27500.0,TSL3_UpperScreen_spec.Room518a_WP1,13287.0
27500.0,TSL3_UpperScreen_spec.Room518a_WP2,8220.0
27500.0,TSL4_UpperScreen_spec.Room518a_WP1,16647.0
27500.0,TSL4_UpperScreen_spec.Room518a_WP2,16207.0
27600.0,Illuminance.Room518a_Ceiling,1316.67
27600.0,TSL1_LowerScreen_spec.Room518a_WP1,9570.0
27600.0,TSL1_LowerScreen_spec.Room518a_WP2,10715.0
27600.0,TSL2_Keyboard_spec.Room518a_WP1,18694.0
27600.0,TSL2_Keyboard_spec.Room518a_WP2,8729.0
27600.0,TSL3_UpperScreen_spec.Room518a_WP1,13287.0
27600.0,TSL3_UpperScreen_spec.Room518a_WP2,8220.0
27600.0,TSL4_UpperScreen_spec.Room518a_WP1,16647.0
27600.0,TSL4_UpperScreen_spec.Room518a_WP2,16207.0
27700.0,Illuminance.Room518a_Ceiling,1316.67
27700.0,TSL1_LowerScreen_spec.Room518a_WP1,9570.0
27700.0,TSL1_LowerScreen_spec.Room518a_WP2,10715.0
27700.0,TSL2_Keyboard_spec.Room518a_WP1,18694.0
27700.0,TSL2_Keyboard_spec.Room518a_WP2,8729.0
27700.0,TSL3_UpperScreen_spec.Room518a_WP1,13287.0
27700.0,TSL3_UpperScreen_spec.Room518a_WP2,8220.0
27700.0,TSL4_UpperScreen_spec.Room518a_WP1,16647.0
27700.0,TSL4_UpperScreen_spec.Room518a_WP2,16207.0
27800.0,Illuminance.Room518a_Ceiling,1316.67
27800.0,TSL1_LowerScreen_spec.Room518a_WP1,9570.0
27800.0,TSL1_LowerScreen_spec.Room518a_WP2,10715.0
27800.0,TSL2_Keyboard_spec.Room518a_WP1,18694.0
27800.0,TSL2_Keyboard_spec.Room518a_WP2,8729.0
27800.0,TSL3_UpperScreen_spec.Room518a_WP1,13287.0
27800.0,TSL3_UpperScreen_spec.Room518a_WP2,8220.0
27800.0,TSL4_UpperScreen_spec.Room518a_WP1,16647.0
27800.0,TSL4_UpperScreen_spec.Room518a_WP2,16207.0
27900.0,Illuminance.Room518a_Ceiling,1316.67
27900.0,TSL1_LowerScreen_spec.Room518a_WP1,9570.0
27900.0,TSL1_LowerScreen_spec.Room518a_WP2,10715.0
27900.0,TSL2_Keyboard_spec.Room518a_WP1,18694.0
27900.0,TSL2_Keyboard_spec.Room518a_WP2,8729.0
27900.0,TSL3_UpperScreen_spec.Room518a_WP1,13287.0
27900.0,TSL3_UpperScreen_spec.Room518a_WP2,8220.0
27900.0,TSL4_UpperScreen_spec.Room518a_WP1,16647.0
27900.0,TSL4_UpperScreen_spec.Room518a_WP2,16207.0
28000.0,Illuminance.Room518a_Ceiling,1316.67
28000.0,TSL1_LowerScreen_spec.Room518a_WP1,9570.0
28000.0,TSL1_LowerScreen_spec.Room518a_WP2,10715.0
28000.0,TSL2_Keyboard_spec.Room518a_WP1,18694.0
28000.0,TSL2_Keyboard_spec.Room518a_WP2,8729.0
28000.0,TSL3_UpperScreen_spec.Room518a_WP1,13287.0
28000.0,TSL3_UpperScreen_spec.Room518a_WP2,8220.0
28000.0,TSL4_UpperScreen_spec.Room518a_WP1,16647.0
28000.0,TSL4_UpperScreen_spec.Room518a_WP2,16207.0
28100.0,Illuminance.Room518a_Ceiling,1316.67
28100.0,TSL1_LowerScreen_spec.Room518a_WP1,9570.0
28100.0,TSL1_LowerScreen_spec.Room518a_WP2,10715.0
28100.0,TSL2_Keyboard_spec.Room518a_WP1,18694.0
28100.0,TSL2_Keyboard_spec.Room518a_WP2,8729.0
28100.0,TSL3_UpperScreen_spec.Room518a_WP1,13287.0
28100.0,TSL3_UpperScreen_spec.Room518a_WP2,8220.0
28100.0,TSL4_UpperScreen_spec.Room518a_WP1,16647.0
28100.0,TSL4_UpperScreen_spec.Room518a_WP2,16207.0
28200.0,Illuminance.Room518a_Ceiling,1316.67
28200.0,TSL1_LowerScreen_spec.Room518a_WP1,9570.0
28200.0,TSL1_LowerScreen_spec.Room518a_WP2,10715.0
28200.0,TSL2_Keyboard_spec.Room518a_WP1,18694.0
28200.0,TSL2_Keyboard_spec.Room518a_WP2,8729.0
28200.0,TSL3_UpperScreen_spec.Room518a_WP1,13287.0
28200.0,TSL3_UpperScreen_spec.Room518a_WP2,8220.0
28200.0,TSL4_UpperScreen_spec.Room518a_WP1,16647.0
28200.0,TSL4_UpperScreen_spec.Room518a_WP2,16207.0
28300.0,Illuminance.Room518a_Ceiling,1316.67
28300.0,TSL1_LowerScreen_spec.Room518a_WP1,9570.0
28300.0,TSL1_LowerScreen_spec.Room518a_WP2,10715.0
28300.0,TSL2_Keyboard_spec.Room518a_WP1,18694.0
28300.0,TSL2_Keyboard_spec.Room518a_WP2,8729.0
28300.0,TSL3_UpperScreen_spec.Room518a_WP1,13287.0
28300.0,TSL3_UpperScreen_spec.Room518a_WP2,8220.0
28300.0,TSL4_UpperScreen_spec.Room518a_WP1,16647.0
28300.0,TSL4_UpperScreen_spec.Room518a_WP2,16207.0
28400.0,Illuminance.Room518a_Ceiling,1316.67
28400.0,TSL1_LowerScreen_spec.Room518a_WP1,9570.0
28400.0,TSL1_LowerScreen_spec.Room518a_WP2,10715.0
28400.0,TSL2_Keyboard_spec.Room518a_WP1,18694.0
28400.0,TSL2_Keyboard_spec.Room518a_WP2,8729.0
28400.0,TSL3_UpperScreen_spec.Room518a_WP1,13287.0
28400.0,TSL3_UpperScreen_spec.Room518a_WP2,8220.0
28400.0,TSL4_UpperScreen_spec.Room518a_WP1,16647.0
28400.0,TSL4_UpperScreen_spec.Room518a_WP2,16207.0
28500.0,Illuminance.Room518a_Ceiling,1316.67
28500.0,TSL1_LowerScreen_spec.Room518a_WP1,9570.0
28500.0,TSL1_LowerScreen_spec.Room518a_WP2,10715.0
28500.0,TSL2_Keyboard_spec.Room518a_WP1,18694.0
28500.0,TSL2_Keyboard_spec.Room518a_WP2,8729.0
28500.0,TSL3_UpperScreen_spec.Room518a_WP1,13287.0
28500.0,TSL3_UpperScreen_spec.Room518a_WP2,8220.0
28500.0,TSL4_UpperScreen_spec.Room518a_WP1,16647.0
28500.0,TSL4_UpperScreen_spec.Room518a_WP2,16207.0
28600.0,Illuminance.Room518a_Ceiling,1316.67
28600.0,TSL1_LowerScreen_spec.Room518a_WP1,9570.0
28600.0,TSL1_LowerScreen_spec.Room518a_WP2,10715.0
28600.0,TSL2_Keyboard_spec.Room518a_WP1,18694.0
28600.0,TSL2_Keyboard_spec.Room518a_WP2,8729.0
28600.0,TSL3_UpperScreen_spec.Room518a_WP1,13287.0
28600.0,TSL3_UpperScreen_spec.Room518a_WP2,8220.0
28600.0,TSL4_UpperScreen_spec.Room518a_WP1,16647.0
28600.0,TSL4_UpperScreen_spec.Room518a_WP2,16207.0
28700.0,Illuminance.Room518a_Ceiling,1316.67
28700.0,TSL1_LowerScreen_spec.Room518a_WP1,9570.0
28700.0,TSL1_LowerScreen_spec.Room518a_WP2,10715.0
28700.0,TSL2_Keyboard_spec.Room518a_WP1,18694.0
28700.0,TSL2_Keyboard_spec.Room518a_WP2,8729.0
28700.0,TSL3_UpperScreen_spec.Room518a_WP1,13287.0
28700.0,TSL3_UpperScreen_spec.Room518a_WP2,8220.0
28700.0,TSL4_UpperScreen_spec.Room518a_WP1,16647.0
28700.0,TSL4_UpperScreen_spec.Room518a_WP2,16207.0
28800.0,Illuminance.Room518a_Ceiling,1316.67
28800.0,TSL1_LowerScreen_spec.Room518a_WP1,9570.0
28800.0,TSL1_LowerScreen_spec.Room518a_WP2,10715.0
28800.0,TSL2_Keyboard_spec.Room518a_WP1,18694.0
28800.0,TSL2_Keyboard_spec.Room518a_WP2,8729.0
28800.0,TSL3_UpperScreen_spec.Room518a_WP1,13287.0
28800.0,TSL3_UpperScreen_spec.Room518a_WP2,8220.0
28800.0,TSL4_UpperScreen_spec.Room518a_WP1,16647.0
28800.0,TSL4_UpperScreen_spec.Room518a_WP2,16207.0
28900.0,Illuminance.Room518a_Ceiling,1316.67
28900.0,TSL1_LowerScreen_spec.Room518a_WP1,9570.0
28900.0,TSL1_LowerScreen_spec.Room518a_WP2,10715.0
28900.0,TSL2_Keyboard_spec.Room518a_WP1,18694.0
28900.0,TSL2_Keyboard_spec.Room518a_WP2,8729.0
28900.0,TSL3_UpperScreen_spec.Room518a_WP1,13287.0
28900.0,TSL3_UpperScreen_spec.Room518a_WP2,8220.0
28900.0,TSL4_UpperScreen_spec.Room518a_WP1,16647.0
28900.0,TSL4_UpperScreen_spec.Room518a_WP2,16207.0
29000.0,Illuminance.Room518a_Ceiling,1316.67
29000.0,TSL1_LowerScreen_spec.Room518a_WP1,9570.0
29000.0,TSL1_LowerScreen_spec.Room518a_WP2,10715.0
29000.0,TSL2_Keyboard_spec.Room518a_WP1,18694.0
29000.0,TSL2_Keyboard_spec.Room518a_WP2,8729.0
29000.0,TSL3_UpperScreen_spec.Room518a_WP1,13287.0
29000.0,TSL3_UpperScreen_spec.Room518a_WP2,8220.0
29000.0,TSL4_UpperScreen_spec.Room518a_WP1,16647.0
29000.0,TSL4_UpperScreen_spec.Room518a_WP2,16207.0
29100.0,Illuminance.Room518a_Ceiling,1316.67
29100.0,TSL1_LowerScreen_spec.Room518a_WP1,9570.0
29100.0,TSL1_LowerScreen_spec.Room518a_WP2,10715.0
29100.0,TSL2_Keyboard_spec.Room518a_WP1,18694.0
29100.0,TSL2_Keyboard_spec.Room518a_WP2,8729.0
29100.0,TSL3_UpperScreen_spec.Room518a_WP1,13287.0
29100.0,TSL3_UpperScreen_spec.Room518a_WP2,8220.0
29100.0,TSL4_UpperScreen_spec.Room518a_WP1,16647.0
29100.0,TSL4_UpperScreen_spec.Room518a_WP2,16207.0
29200.0,Illuminance.Room518a_Ceiling,1316.67
29200.0,TSL1_LowerScreen_spec.Room518a_WP1,9570.0
29200.0,TSL1_LowerScreen_spec.Room518a_WP2,10715.0
29200.0,TSL2_Keyboard_spec.Room518a_WP1,18694.0
29200.0,TSL2_Keyboard_spec.Room518a_WP2,8729.0
29200.0,TSL3_UpperScreen_spec.Room518a_WP1,13287.0
29200.0,TSL3_UpperScreen_spec.Room518a_WP2,8220.0
29200.0,TSL4_UpperScreen_spec.Room518a_WP1,16647.0
29200.0,TSL4_UpperScreen_spec.Room518a_WP2,16207.0
29300.0,Illuminance.Room518a_Ceiling,1316.67
29300.0,TSL1_LowerScreen_spec.Room518a_WP1,9570.0
29300.0,TSL1_LowerScreen_spec.Room518a_WP2,10715.0
29300.0,TSL2_Keyboard_spec.Room518a_WP1,18694.0
29300.0,TSL2_Keyboard_spec.Room518a_WP2,8729.0
29300.0,TSL3_UpperScreen_spec.Room518a_WP1,13287.0
29300.0,TSL3_UpperScreen_spec.Room518a_WP2,8220.0
29300.0,TSL4_UpperScreen_spec.Room518a_WP1,16647.0
29300.0,TSL4_UpperScreen_spec.Room518a_WP2,16207.0
29400.0,Illuminance.Room518a_Ceiling,1316.67
29400.0,TSL1_LowerScreen_spec.Room518a_WP1,9570.0
29400.0,TSL1_LowerScreen_spec.Room518a_WP2,10715.0
29400.0,TSL2_Keyboard_spec.Room518a_WP1,18694.0
29400.0,TSL2_Keyboard_spec.Room518a_WP2,8729.0
29400.0,TSL3_UpperScreen_spec.Room518a_WP1,13287.0
29400.0,TSL3_UpperScreen_spec.Room518a_WP2,8220.0
29400.0,TSL4_UpperScreen_spec.Room518a_WP1,16647.0
29400.0,TSL4_UpperScreen_spec.Room518a_WP2,16207.0
29500.0,Illuminance.Room518a_Ceiling,1316.67
29500.0,TSL1_LowerScreen_spec.Room518a_WP1,9570.0
29500.0,TSL1_LowerScreen_spec.Room518a_WP2,10715.0
29500.0,TSL2_Keyboard_spec.Room518a_WP1,18694.0
29500.0,TSL2_Keyboard_spec.Room518a_WP2,8729.0
29500.0,TSL3_UpperScreen_spec.Room518a_WP1,13287.0
29500.0,TSL3_UpperScreen_spec.Room518a_WP2,8220.0
29500.0,TSL4_UpperScreen_spec.Room518a_WP1,16647.0
29500.0,TSL4_UpperScreen_spec.Room518a_WP2,16207.0
29600.0,Illuminance.Room518a_Ceiling,1316.67
29600.0,TSL1_LowerScreen_spec.Room518a_WP1,9570.0
29600.0,TSL1_LowerScreen_spec.Room518a_WP2,10715.0
29600.0,TSL2_Keyboard_spec.Room518a_WP1,18694.0
29600.0,TSL2_Keyboard_spec.Room518a_WP2,8729.0
29600.0,TSL3_UpperScreen_spec.Room518a_WP1,13287.0
29600.0,TSL3_UpperScreen_spec.Room518a_WP2,8220.0
29600.0,TSL4_UpperScreen_spec.Room518a_WP1,16647.0
29600.0,TSL4_UpperScreen_spec.Room518a_WP2,16207.0
29700.0,Illuminance.Room518a_Ceiling,1316.67
29700.0,TSL1_LowerScreen_spec.Room518a_WP1,9570.0
29700.0,TSL1_LowerScreen_spec.Room518a_WP2,10715.0
29700.0,TSL2_Keyboard_spec.Room518a_WP1,18694.0
29700.0,TSL2_Keyboard_spec.Room518a_WP2,8729.0
29700.0,TSL3_UpperScreen_spec.Room518a_WP1,13287.0
29700.0,TSL3_UpperScreen_spec.Room518a_WP2,8220.0
29700.0,TSL4_UpperScreen_spec.Room518a_WP1,16647.0
29700.0,TSL4_UpperScreen_spec.Room518a_WP2,16207.0
29800.0,Illuminance.Room518a_Ceiling,1316.67
29800.0,TSL1_LowerScreen_spec.Room518a_WP1,9570.0
29800.0,TSL1_LowerScreen_spec.Room518a_WP2,10715.0
29800.0,TSL2_Keyboard_spec.Room518a_WP1,18694.0
29800.0,TSL2_Keyboard_spec.Room518a_WP2,8729.0
29800.0,TSL3_UpperScreen_spec.Room518a_WP1,13287.0
29800.0,TSL3_UpperScreen_spec.Room518a_WP2,8220.0
29800.0,TSL4_UpperScreen_spec.Room518a_WP1,16647.0
29800.0,TSL4_UpperScreen_spec.Room518a_WP2,16207.0
29900.0,Illuminance.Room518a_Ceiling,1316.67
29900.0,TSL1_LowerScreen_spec.Room518a_WP1,9570.0
29900.0,TSL1_LowerScreen_spec.Room518a_WP2,10715.0
29900.0,TSL2_Keyboard_spec.Room518a_WP1,18694.0
29900.0,TSL2_Keyboard_spec.Room518a_WP2,8729.0
29900.0,TSL3_UpperScreen_spec.Room518a_WP1,13287.0
29900.0,TSL3_UpperScreen_spec.Room518a_WP2,8220.0
29900.0,TSL4_UpperScreen_spec.Room518a_WP1,16647.0
29900.0,TSL4_UpperScreen_spec.Room518a_WP2,16207.0
